sector,tmag_bin,rrmscdpp00p5,rrmscdpp01p0,rrmscdpp01p5,rrmscdpp02p0,rrmscdpp02p5,rrmscdpp03p0,rrmscdpp03p5,rrmscdpp04p5,rrmscdpp05p0,rrmscdpp06p0,rrmscdpp07p5,rrmscdpp09p0,rrmscdpp10p5,rrmscdpp12p5,rrmscdpp15p0,n_stars
0,1.5,37.108,33.672,34.52,34.684,36.497,37.554,39.135,41.682,42.441,43.531,45.769,48.017,49.986,52.589,56.008,55
0,2.0,33.236,35.228,37.645,39.7,40.636,41.618,43.14,45.781,46.859,48.429,50.872,52.646,54.35,56.916,60.538,466
0,2.5,35.402,39.888,42.898,46.258,47.62,48.748,50.321,52.564,53.813,55.674,58.387,60.362,62.078,64.099,67.03,760
0,3.0,36.671,39.8,41.965,44.957,46.228,47.751,49.184,51.594,52.463,54.419,57.235,59.704,61.966,64.541,67.498,1551
0,3.5,37.206,39.273,42.187,45.122,46.574,48.24,50.259,53.224,54.435,56.532,59.567,61.911,63.934,66.488,69.701,2377
0,4.0,42.782,43.56,46.732,49.893,51.692,53.322,55.334,58.366,59.425,61.44,64.965,67.293,69.462,71.914,74.735,4833
0,4.5,50.47,50.455,53.81,57.167,59.128,61.172,63.533,66.65,67.804,69.842,73.496,76.145,78.23,80.705,83.538,7819
0,5.0,63.409,62.319,66.074,70.184,72.139,74.534,77.272,80.568,81.757,83.921,87.342,89.832,92.017,94.626,97.45,14263
0,5.5,68.645,66.26,69.994,73.53,75.809,78.554,81.445,85.07,86.391,88.486,92.46,94.854,96.728,99.014,101.976,25702
0,6.0,74.717,70.043,72.175,74.425,76.826,79.773,82.93,86.293,87.412,89.474,93.543,95.901,97.552,99.912,102.706,25039
0,6.5,86.332,71.583,66.292,63.828,63.134,62.805,62.744,62.373,62.316,62.554,63.323,63.209,63.284,63.766,63.914,14452
0,7.0,99.173,79.996,72.455,68.556,66.602,65.203,64.256,62.967,62.651,62.263,62.072,61.852,61.832,61.836,61.949,18896
0,7.5,113.832,90.031,80.476,75.286,72.298,70.315,68.78,66.616,65.977,64.959,64.012,63.369,62.959,62.611,62.542,29117
0,8.0,146.3,123.437,117.237,116.172,118.078,120.651,123.194,126.277,127.63,130.532,134.589,135.884,136.679,138.22,139.588,112889
0,8.5,168.496,138.484,128.688,125.414,125.729,126.763,127.987,129.598,130.411,132.2,134.258,134.563,134.597,135.02,135.052,130132
0,9.0,203.951,157.703,138.654,127.906,121.425,116.75,113.273,108.497,106.901,104.536,102.225,100.592,99.587,98.682,97.459,110683
0,9.5,253.07,190.271,163.435,147.706,137.654,130.166,124.626,116.652,113.834,109.436,104.885,101.695,99.51,97.286,95.225,121642
0,10.0,318.503,236.735,201.519,180.57,166.865,156.782,149.116,138.012,133.921,127.563,120.982,116.324,113.008,109.817,107.015,138777
0,10.5,409.158,301.722,255.414,227.643,209.318,195.786,185.401,170.429,164.834,156.151,146.978,140.574,135.922,131.45,127.478,151616
0,11.0,534.394,393.14,331.847,294.981,270.419,252.123,238.024,217.832,210.253,198.394,185.833,176.973,170.467,164.005,158.32,153441
0,11.5,709.144,521.716,440.786,392.066,359.853,335.742,317.146,290.084,279.977,263.989,247.004,234.901,226.108,217.502,209.659,126188
0,12.0,991.773,732.02,619.729,551.741,506.691,473.311,447.125,409.514,395.562,373.257,349.86,333.23,320.927,309.032,297.992,85660
0,12.5,1438.128,1066.807,905.182,807.491,743.772,695.48,658.41,603.81,583.354,551.234,516.794,491.617,473.167,454.184,436.999,61820
0,13.0,2067.829,1545.524,1322.153,1187.195,1099.192,1032.292,980.014,903.004,873.958,827.478,777.168,740.652,712.738,684.968,659.002,57744
0,13.5,3027.656,2264.29,1938.089,1741.439,1612.505,1513.347,1436.753,1323.512,1281.256,1211.687,1135.213,1078.629,1034.626,991.559,947.53,45637
0,14.0,4686.234,3516.136,3009.247,2706.066,2505.897,2354.029,2237.672,2061.339,1989.983,1880.425,1754.804,1662.945,1591.514,1517.224,1447.575,36119
0,14.5,7338.057,5464.8,4677.203,4197.881,3877.385,3636.829,3442.949,3156.051,3048.418,2866.402,2664.271,2515.576,2406.361,2288.206,2171.219,28376
0,15.0,11170.43,8305.398,7073.66,6347.686,5861.615,5492.974,5197.554,4764.972,4596.313,4317.506,4004.86,3767.42,3595.706,3405.143,3208.586,23324
0,15.5,17782.043,13104.822,11079.455,9863.604,9056.52,8443.773,7959.869,7261.674,6984.976,6548.331,6052.953,5679.202,5392.926,5090.867,4809.85,18525
0,16.0,28612.805,21025.876,17746.994,15771.713,14437.806,13451.772,12651.66,11508.512,11077.388,10359.372,9593.456,9020.322,8570.216,8115.816,7671.956,19044
0,16.5,46234.76,33987.162,28534.926,25286.794,23098.924,21512.822,20255.686,18358.306,17651.211,16546.418,15289.371,14372.286,13687.939,12962.884,12273.681,19564
0,17.0,69857.656,50910.058,42692.07,37751.688,34368.906,31882.372,29998.277,27187.15,26133.994,24428.27,22565.816,21168.65,20081.426,18992.847,17945.379,21962
0,17.5,108436.742,79046.118,66209.461,58461.642,53199.066,49255.516,46259.549,41785.947,40107.814,37357.354,34404.595,32274.29,30651.446,28960.232,27383.514,24974
0,18.0,165752.922,120596.289,101045.012,89123.282,81046.196,75027.856,70357.98,63673.377,61109.066,56945.807,52475.957,49144.112,46545.894,43923.602,41435.016,28202
0,18.5,258160.531,187721.328,156986.125,138488.328,126039.859,116653.125,109441.867,98796.57,94742.828,88280.664,81350.023,76244.25,72175.75,68075.398,64322.535,31451
0,19.0,387194.625,280880.469,234597.922,206367.125,187712.672,173584.719,162906.469,146878.5,140918.578,131266.031,120663.727,112876.602,106947.078,100914.109,95001.273,22643
0,19.5,724255.375,529475.938,445384.547,395213.125,361091.532,336069.5,316251.875,286961.61,276852.703,259244.102,240403.094,226089.266,215098.406,204563.774,193805.453,3908
0,20.0,1186558.5,868445.0,732309.75,652577.0,605062.625,567672.938,536650.562,493949.812,474827.25,450032.156,423783.75,403626.656,389556.25,374679.781,361832.469,1791
0,20.5,1713550.125,1273078.5,1086761.5,969377.625,892602.25,821953.688,780251.562,712784.438,678949.375,645355.875,602389.812,572727.625,554688.0,537028.188,522714.688,485
0,21.0,2371853.125,1744709.375,1474533.312,1317650.188,1264612.688,1204833.125,1149459.25,1043319.5,997928.25,919002.25,839523.813,781138.25,736620.438,692675.437,653865.469,34
1,3.0,37.901,36.894,38.078,39.573,40.858,42.788,44.674,47.032,48.212,50.042,53.222,55.482,57.776,60.394,63.636,10
1,3.5,26.382,23.375,26.002,29.025,30.759,32.349,34.234,36.677,37.849,39.116,41.444,43.282,44.79,46.18,47.97,18
1,4.0,37.408,37.636,43.462,48.075,49.043,50.362,51.716,54.874,57.091,59.549,63.592,66.322,72.431,75.732,78.555,40
1,4.5,39.63,41.046,44.754,47.323,48.744,49.786,51.654,54.908,57.102,58.738,62.058,64.702,67.516,70.426,73.918,62
1,5.0,49.961,50.45,54.458,58.971,60.094,63.121,65.327,69.135,71.383,73.698,78.364,81.367,85.7,88.734,92.729,117
1,5.5,55.99,53.843,58.749,63.63,66.818,69.221,72.107,76.032,77.432,79.184,82.965,86.026,90.344,93.354,97.438,192
1,6.0,64.864,60.413,60.25,63.278,67.578,69.781,73.64,76.363,77.505,79.216,80.599,83.976,87.996,90.367,94.195,177
1,6.5,75.354,61.295,56.469,54.313,53.887,54.181,53.302,52.934,52.991,53.735,52.393,49.953,49.713,50.199,45.862,147
1,7.0,90.622,74.948,70.162,67.881,66.852,65.652,64.648,63.478,62.64,61.083,61.465,60.999,61.101,63.146,61.908,249
1,7.5,102.588,80.694,71.672,68.456,65.699,64.279,63.039,62.51,61.81,60.118,59.312,58.142,56.66,54.814,55.745,398
1,8.0,135.813,110.962,102.644,99.621,99.469,98.848,97.86,97.853,98.329,97.373,98.967,98.557,98.446,97.856,101.267,1003
1,8.5,158.177,127.721,118.062,114.523,114.936,115.645,115.711,116.66,118.382,118.601,120.451,122.201,122.163,122.919,125.191,1621
1,9.0,193.054,145.845,125.966,114.911,107.936,102.817,99.162,94.446,92.688,89.84,87.097,85.233,83.847,83.255,82.773,1727
1,9.5,240.874,178.082,151.438,135.716,125.596,117.842,112.174,104.108,100.928,96.298,91.697,88.628,86.312,84.152,82.243,1872
1,10.0,304.316,224.521,190.377,170.035,156.841,147.263,139.332,127.831,123.74,117.504,110.384,105.14,101.82,99.293,97.173,2035
1,10.5,395.193,290.57,245.389,218.022,200.481,187.621,177.573,163.245,157.942,148.977,140.198,133.646,129.506,125.048,121.694,1910
1,11.0,515.495,380.059,321.712,286.384,262.725,246.191,232.508,213.556,206.377,195.238,183.54,175.214,169.149,163.834,158.604,1337
1,11.5,694.617,507.56,430.196,383.563,353.381,331.045,313.56,287.66,277.505,262.648,246.655,234.971,226.64,218.5,212.417,769
1,12.0,977.697,716.143,612.318,545.924,501.908,470.94,446.96,406.51,389.916,366.706,340.112,323.95,312.096,303.087,291.568,458
1,12.5,1434.477,1063.408,899.229,798.97,732.686,679.171,641.636,587.887,570.212,533.608,496.866,470.534,454.59,442.094,426.288,358
1,13.0,2033.332,1519.466,1327.751,1188.876,1096.113,1024.928,973.577,892.44,863.154,818.526,766.116,729.588,697.852,663.714,647.814,402
1,13.5,2914.502,2166.291,1845.589,1635.384,1511.088,1413.175,1344.478,1245.723,1207.602,1138.975,1071.928,1015.508,971.583,928.952,880.177,345
1,14.0,4271.212,3135.933,2614.662,2315.08,2142.612,2006.153,1896.512,1737.017,1690.464,1604.564,1487.293,1394.925,1327.373,1270.358,1214.447,239
1,14.5,6455.655,4694.464,3965.692,3491.622,3265.887,3055.672,2849.709,2600.604,2510.912,2367.091,2206.666,2069.739,1995.557,1895.559,1825.656,141
1,15.0,9897.528,7288.319,6048.608,5356.991,4743.189,4464.557,4249.245,3899.807,3781.607,3607.944,3353.279,3151.418,2957.165,2826.799,2688.952,89
1,15.5,15658.441,11431.682,9698.316,8515.979,7705.988,7181.895,6640.302,6068.884,5830.72,5466.762,5051.145,4757.286,4589.79,4359.21,4105.016,84
1,16.0,22710.418,16020.165,13759.021,12172.537,11200.634,10276.89,9711.942,8927.532,8557.852,7882.191,7327.279,6998.218,6612.315,6204.526,6036.803,61
1,16.5,31989.445,23308.342,19394.727,16728.881,14819.896,13626.337,12748.254,11538.295,11081.775,10412.78,9726.371,9266.91,8938.841,8548.295,8144.363,11
2,3.0,34.622,42.183,46.939,51.223,53.389,54.922,55.853,55.257,55.434,56.208,58.088,60.283,62.707,66.15,70.228,14
2,3.5,30.519,30.551,32.458,35.146,36.91,38.588,40.71,43.48,44.274,45.828,48.537,50.049,49.758,50.627,53.244,18
2,4.0,37.281,35.659,40.804,44.723,46.851,48.619,50.85,53.79,54.815,56.532,59.124,61.386,64.394,67.2,68.606,32
2,4.5,42.149,41.051,42.352,44.15,46.362,47.832,50.138,53.658,53.808,55.552,59.297,61.64,63.487,66.202,68.938,60
2,5.0,49.924,49.9,55.765,62.402,64.111,66.417,69.725,74.23,75.436,78.066,82.526,85.352,87.484,89.083,91.281,123
2,5.5,54.553,54.378,60.752,66.908,68.979,71.768,74.547,78.864,79.586,81.749,85.057,87.706,90.46,93.744,97.841,185
2,6.0,64.335,59.99,63.475,65.216,69.151,72.941,77.008,81.378,80.994,84.22,86.93,88.982,88.025,89.841,94.458,139
2,6.5,77.444,69.783,68.518,69.186,67.761,68.168,68.158,68.078,67.468,66.476,65.851,66.188,66.35,67.438,66.136,150
2,7.0,87.766,72.216,68.248,65.213,64.589,63.838,63.063,61.973,60.978,60.718,60.314,60.278,61.042,58.672,55.638,206
2,7.5,103.042,80.538,72.002,67.342,64.485,62.952,61.901,59.593,57.898,56.372,54.822,53.74,53.624,52.769,50.93,358
2,8.0,131.418,106.233,97.835,91.933,89.293,88.2,87.325,86.331,85.97,85.723,85.912,85.759,86.291,87.843,88.353,877
2,8.5,155.454,124.138,114.832,110.515,108.791,107.596,107.711,108.433,108.99,108.391,109.622,108.66,107.846,108.826,110.303,1597
2,9.0,189.372,141.565,121.446,109.786,102.352,96.965,93.232,87.065,84.806,81.937,79.348,76.83,74.747,73.464,72.374,1656
2,9.5,235.738,173.272,145.588,128.793,118.354,110.512,104.294,95.612,92.458,87.386,82.006,78.144,76.134,73.461,71.193,1860
2,10.0,296.609,216.954,182.254,161.584,147.636,137.318,129.165,117.42,113.118,106.641,99.174,94.4,90.869,87.412,84.659,2032
2,10.5,382.778,281.27,235.729,208.218,189.812,176.078,165.69,150.55,145.274,136.815,127.654,121.324,116.748,112.08,108.139,2034
2,11.0,500.249,367.381,309.37,273.326,250.31,232.801,218.796,199.116,191.845,179.76,167.283,157.857,151.359,145.176,140.097,1431
2,11.5,668.452,489.653,411.338,363.27,331.828,308.102,290.608,265.073,255.058,239.532,221.685,210.962,202.585,194.419,188.017,846
2,12.0,949.647,689.954,576.528,510.135,464.792,432.242,404.658,367.218,353.22,331.194,308.636,290.152,276.052,264.766,253.763,484
2,12.5,1355.825,990.617,832.478,734.322,670.82,621.497,582.993,526.076,505.029,468.503,434.54,407.731,387.243,367.546,349.194,423
2,13.0,1925.353,1416.952,1193.356,1057.709,964.89,895.202,842.016,761.287,729.159,682.295,626.161,578.673,554.491,527.303,500.593,443
2,13.5,2744.306,2029.018,1734.18,1521.776,1388.666,1281.69,1227.238,1111.22,1065.206,1006.661,929.932,867.323,826.401,776.058,732.368,346
2,14.0,4020.943,2979.594,2507.677,2221.379,2038.256,1882.021,1780.274,1611.291,1554.893,1465.736,1352.721,1255.056,1179.932,1105.59,1044.352,304
2,14.5,5912.457,4373.3,3631.38,3185.453,2896.053,2660.998,2474.504,2244.774,2165.354,2026.889,1867.97,1755.054,1669.074,1549.826,1468.594,145
2,15.0,9825.879,7154.294,6000.024,5259.455,4758.54,4407.201,4076.007,3663.054,3509.958,3247.778,3011.686,2792.148,2635.317,2484.944,2354.478,64
2,15.5,13904.136,10195.579,8559.343,7588.206,6805.344,6247.584,5801.936,5139.912,4898.306,4550.282,4125.77,3843.077,3644.333,3469.129,3270.305,78
2,16.0,22434.467,16175.943,13445.207,11838.721,10769.48,10027.689,9328.507,8481.386,8128.154,7642.76,6791.063,6265.785,5809.694,5343.079,5008.779,51
2,16.5,30785.039,22809.395,18634.898,16194.628,14488.655,13241.58,12569.122,11352.546,10883.514,10164.326,9426.251,8934.531,8378.821,7946.537,7548.221,17
3,3.0,33.441,37.303,41.162,45.467,47.52,49.1,50.883,53.745,55.013,57.314,60.64,63.724,66.794,70.838,75.851,12
3,3.5,32.445,35.276,37.996,43.89,45.099,45.965,47.803,50.815,52.506,54.509,57.254,59.657,59.075,57.561,56.115,19
3,4.0,38.238,37.223,41.131,46.334,47.941,49.217,51.347,54.332,54.926,57.656,62.437,65.12,67.223,69.818,73.451,23
3,4.5,41.124,37.106,40.254,42.886,45.146,46.934,48.116,50.727,51.622,53.504,56.94,59.383,61.32,64.732,67.941,56
3,5.0,49.402,50.475,56.973,62.368,66.129,68.583,70.502,73.507,73.622,74.268,76.155,78.716,80.936,82.299,85.474,94
3,5.5,54.124,51.839,57.773,63.343,66.191,66.975,70.816,75.931,76.65,78.431,81.301,84.236,82.493,85.652,89.838,179
3,6.0,63.947,62.887,69.967,76.683,78.36,76.842,78.081,78.302,79.14,81.831,87.463,90.458,93.363,96.905,98.032,143
3,6.5,76.727,69.943,65.991,67.667,63.953,63.552,66.509,65.157,65.588,63.404,63.012,63.045,63.884,66.205,68.956,139
3,7.0,88.11,71.873,66.797,63.912,62.713,62.028,62.023,60.102,60.611,61.852,61.243,59.393,56.256,55.055,55.063,236
3,7.5,101.11,79.509,71.142,64.256,60.954,58.519,57.311,55.108,54.945,54.498,53.672,52.379,50.577,48.169,47.154,375
3,8.0,133.258,109.184,102.477,98.16,95.981,94.204,92.893,91.91,91.846,92.032,92.531,93.708,93.241,95.738,95.836,874
3,8.5,153.796,123.992,114.007,110.225,108.238,106.634,104.852,102.204,102.896,104.12,104.95,104.006,103.274,104.566,106.568,1546
3,9.0,187.831,141.202,121.317,109.339,101.922,96.223,91.656,85.999,83.602,80.152,77.638,74.776,72.966,71.236,69.626,1568
3,9.5,232.876,171.886,144.787,128.302,117.896,109.75,103.627,94.535,91.285,86.04,80.536,76.582,73.984,71.592,69.438,1839
3,10.0,293.353,214.926,180.285,159.819,145.48,135.319,127.16,115.241,110.854,103.445,96.008,90.829,87.173,83.416,80.125,2039
3,10.5,381.599,279.77,233.78,206.321,187.739,174.142,163.132,147.692,141.795,132.637,122.647,115.876,110.396,105.244,101.269,1983
3,11.0,496.124,363.856,305.703,270.743,246.187,227.912,214.12,194.058,186.201,174.776,161.456,151.795,144.856,138.568,132.492,1421
3,11.5,661.437,483.885,406.163,360.672,328.71,303.271,284.909,257.587,247.124,231.089,213.561,200.892,190.285,180.847,171.976,821
3,12.0,931.206,675.202,565.47,497.631,451.658,419.48,395.196,355.046,339.733,317.28,291.76,274.929,260.804,246.686,234.55,528
3,12.5,1381.349,1001.806,843.216,739.376,668.241,620.171,580.947,516.24,494.257,458.844,419.86,392.499,371.66,352.26,332.466,440
3,13.0,1911.372,1433.425,1200.54,1064.313,964.853,890.803,830.867,742.698,712.647,659.53,611.616,568.677,536.519,508.595,482.314,425
3,13.5,2773.328,2041.54,1719.371,1525.986,1385.746,1289.438,1203.796,1085.76,1035.13,960.34,889.386,831.514,789.744,737.519,691.758,404
3,14.0,3934.724,2871.295,2404.741,2118.545,1929.649,1803.635,1695.353,1513.784,1439.813,1338.394,1237.196,1142.57,1076.542,1013.064,946.404,293
3,14.5,5818.306,4254.335,3565.988,3185.794,2890.886,2681.89,2532.248,2284.324,2183.462,2022.31,1854.448,1712.116,1617.548,1529.895,1423.302,176
3,15.0,9300.808,6773.148,5648.394,4991.382,4519.488,4192.364,3959.301,3554.638,3385.279,3125.788,2846.192,2643.242,2491.486,2345.909,2202.978,108
3,15.5,14563.547,10484.368,8807.886,7600.148,6885.435,6294.619,5879.337,5248.635,5056.364,4678.661,4331.939,3993.235,3746.539,3537.456,3337.875,111
3,16.0,20588.285,14843.455,12307.483,10835.662,9838.009,9028.545,8378.916,7405.935,7113.929,6624.828,6056.546,5645.779,5290.789,4995.232,4726.217,71
3,16.5,34002.068,24460.707,20230.478,17849.444,16210.88,14969.9,13914.443,12613.267,12043.016,11125.194,10111.337,9476.994,8930.236,8461.756,8008.713,26
3,17.0,75448.285,55227.691,45712.928,40566.736,36521.857,33578.07,31295.776,27943.388,26673.484,24930.016,23289.03,22197.268,21251.125,20031.946,18912.338,24
3,17.5,104713.621,75796.518,62311.11,54435.793,49178.443,45119.518,41945.714,37266.264,35473.824,32601.623,29448.19,27150.039,25399.957,23631.571,22018.497,10
4,3.5,42.912,43.358,43.357,48.59,50.518,51.936,54.138,57.362,58.746,61.514,65.928,68.773,72.202,73.564,77.182,22
4,4.0,42.075,38.037,37.856,38.407,41.186,43.635,46.487,49.452,50.075,51.845,55.014,57.344,61.961,65.353,69.585,25
4,4.5,47.329,51.159,56.296,57.889,58.043,59.46,62.302,65.764,67.634,69.74,73.381,76.418,79.035,77.347,80.644,48
4,5.0,60.579,61.006,67.754,71.084,75.191,77.341,81.573,86.502,87.09,89.446,93.637,96.631,100.964,102.268,103.942,110
4,5.5,67.224,65.342,65.044,68.292,72.896,76.749,80.755,86.028,88.338,92.394,95.83,98.21,101.556,105.279,109.868,155
4,6.0,76.982,74.409,81.229,89.732,92.747,94.839,96.762,98.625,100.844,105.484,108.159,109.823,109.901,110.119,111.632,135
4,6.5,89.061,82.099,81.147,79.025,79.714,80.47,82.778,83.294,83.83,83.827,84.714,84.681,82.549,80.573,79.726,172
4,7.0,101.466,84.131,78.542,75.447,74.372,74.955,74.32,73.273,73.166,72.824,73.703,74.598,74.817,75.394,75.715,253
4,7.5,113.346,90.088,82.387,78.474,75.969,75.038,74.214,72.642,72.848,72.094,72.222,72.298,71.813,71.441,73.207,400
4,8.0,141.817,115.588,107.109,104.375,103.908,103.778,104.273,103.182,103.354,104.781,105.095,105.167,106.208,106.091,104.935,951
4,8.5,165.119,133.289,122.078,116.888,116.997,116.643,117.258,116.868,116.738,118.306,120.8,120.814,121.138,122.858,122.703,1634
4,9.0,200.182,152.828,133.524,122.832,116.827,111.891,108.565,103.876,102.672,100.234,98.388,96.642,95.759,94.97,94.02,1838
4,9.5,246.984,185.654,160.794,145.998,136.551,129.876,124.726,117.182,114.576,110.634,106.629,103.576,101.427,99.963,98.34,2192
4,10.0,308.734,230.834,199.0,179.716,167.134,158.084,151.236,141.58,138.332,133.203,127.89,123.642,120.518,117.554,114.228,2686
4,10.5,395.762,295.168,252.427,227.369,212.186,200.32,191.066,178.419,173.554,166.012,157.982,152.918,148.441,144.997,141.478,2699
4,11.0,513.948,382.65,328.927,295.792,276.025,259.57,247.582,230.618,223.835,213.554,202.384,195.568,190.321,185.502,181.486,2078
4,11.5,678.434,502.959,433.343,390.825,363.558,343.158,326.945,304.142,295.536,281.906,267.88,257.24,248.152,240.289,232.959,1330
4,12.0,945.431,701.033,598.054,536.103,497.548,466.887,444.003,408.825,396.528,377.455,356.213,342.298,329.597,319.359,306.961,813
4,12.5,1382.769,1031.416,886.106,790.296,736.931,693.542,657.906,605.595,587.006,556.921,528.147,501.696,485.191,468.03,450.132,612
4,13.0,1975.749,1487.928,1274.911,1149.583,1068.461,1005.736,958.716,888.756,861.603,813.623,767.643,733.988,709.415,684.373,658.028,580
4,13.5,2793.876,2080.422,1778.879,1605.952,1499.121,1415.351,1349.326,1243.279,1203.906,1134.6,1064.791,1021.424,985.997,940.431,895.247,493
4,14.0,4101.649,3044.143,2597.634,2327.748,2161.688,2010.659,1917.108,1767.923,1712.238,1599.702,1485.856,1405.806,1351.446,1298.462,1239.29,310
4,14.5,5829.424,4295.299,3623.166,3273.511,3046.966,2842.41,2680.959,2436.603,2370.344,2227.426,2073.742,1948.784,1854.735,1729.788,1639.514,154
4,15.0,8872.063,6554.138,5621.371,4953.897,4480.094,4234.732,4064.354,3616.22,3470.699,3249.116,3012.468,2817.989,2664.384,2495.481,2314.356,86
4,15.5,13188.05,9452.043,7883.78,7006.688,6429.07,5975.075,5592.042,5085.443,4840.076,4526.396,4164.036,3897.915,3682.138,3384.879,3206.619,79
4,16.0,21161.936,15601.199,13188.254,11747.896,10930.799,10302.959,9800.932,8841.931,8531.454,7865.997,7145.305,6624.289,6222.368,5726.511,5316.24,47
4,16.5,29739.72,21608.209,18513.096,16303.366,14730.402,13497.963,12549.78,11173.894,10717.055,10142.38,9479.151,8904.248,8488.696,8005.716,7491.652,36
4,17.0,84636.711,64532.799,53041.35,46443.414,42093.75,38860.058,36400.49,32929.558,31657.408,29752.478,27878.28,26688.763,25446.611,23915.38,22281.938,26
4,17.5,103753.812,75610.133,63564.121,55974.215,52024.613,48214.398,45303.055,41043.727,39376.75,36671.414,33560.258,31215.688,29426.51,27638.227,26026.4,13
5,3.0,35.434,42.125,49.731,55.829,54.92,55.226,55.87,56.957,57.917,59.42,61.674,63.805,66.659,70.088,74.317,12
5,3.5,41.464,43.394,47.738,53.711,55.544,57.061,59.41,63.644,64.952,66.197,68.078,71.146,74.11,77.727,81.944,22
5,4.0,43.982,46.732,51.209,57.298,59.365,61.31,64.357,68.426,69.756,72.203,77.128,80.658,83.576,84.205,84.728,38
5,4.5,50.773,53.736,58.174,64.237,66.628,68.979,71.859,76.177,77.453,77.436,80.762,83.909,86.46,88.608,90.754,68
5,5.0,58.895,57.402,59.467,62.319,65.49,68.556,71.602,74.767,77.022,78.517,81.796,84.825,87.231,90.226,93.977,123
5,5.5,66.828,59.254,60.718,63.559,65.903,69.714,73.07,76.91,78.582,80.176,84.131,87.772,90.338,92.813,96.268,197
5,6.0,73.206,71.368,72.342,75.095,76.796,78.34,82.833,83.966,84.152,84.742,88.844,91.448,91.807,92.794,96.008,180
5,6.5,86.684,78.08,73.647,73.128,75.016,77.904,77.859,76.934,75.197,77.101,76.9,76.858,75.14,75.803,77.888,158
5,7.0,95.116,77.224,72.668,68.73,66.948,66.455,65.099,64.673,63.945,62.409,63.096,61.647,60.76,61.716,64.247,268
5,7.5,109.745,87.446,79.258,73.932,70.604,68.242,66.782,65.181,64.876,63.479,63.04,62.186,61.35,60.71,59.914,424
5,8.0,140.558,115.202,107.02,103.392,103.113,102.389,101.363,101.136,100.019,99.49,99.088,97.745,98.908,98.254,98.85,1087
5,8.5,162.126,130.912,120.009,114.208,111.895,110.531,109.097,108.477,108.27,107.74,107.888,107.436,107.804,108.449,109.485,1783
5,9.0,196.491,148.827,128.908,116.961,109.597,104.213,100.588,96.13,93.588,90.597,87.635,84.766,83.097,81.543,79.061,1939
5,9.5,245.829,182.72,154.968,139.054,128.415,120.237,114.258,105.053,101.577,96.36,91.053,87.346,84.847,82.862,81.135,2305
5,10.0,306.46,225.543,189.925,168.101,153.624,142.872,134.809,122.914,118.11,110.915,102.92,97.44,93.855,90.179,87.132,2520
5,10.5,391.632,286.296,239.692,211.579,191.727,177.685,166.929,151.174,145.524,136.077,126.267,119.072,114.083,108.876,104.058,2517
5,11.0,507.189,372.085,311.364,274.647,249.096,230.041,215.625,194.867,186.674,174.247,160.519,151.24,144.74,137.366,131.725,1913
5,11.5,676.08,493.978,413.808,364.62,331.519,307.474,289.19,261.46,249.825,232.384,214.966,200.92,191.367,181.618,173.093,1256
5,12.0,938.164,679.458,568.286,498.672,451.869,417.995,392.535,353.087,339.085,315.318,290.178,272.641,259.758,246.219,234.216,823
5,12.5,1363.82,1000.146,835.418,731.268,668.075,618.158,579.896,523.056,502.134,467.47,424.686,394.902,373.578,351.31,331.367,548
5,13.0,1952.004,1436.915,1194.256,1059.379,972.694,897.381,838.235,754.161,720.011,673.34,617.552,574.413,545.928,513.707,480.683,571
5,13.5,2790.567,2057.392,1724.407,1521.401,1384.139,1285.303,1201.801,1085.797,1043.462,972.083,883.336,821.979,779.206,726.477,677.942,441
5,14.0,4042.677,2996.7,2532.214,2235.178,2037.473,1889.858,1761.29,1583.419,1515.599,1395.642,1278.382,1181.207,1103.9,1047.762,982.27,344
5,14.5,6046.214,4483.842,3740.641,3301.004,2973.413,2756.248,2558.915,2262.3,2155.774,1988.996,1830.075,1695.703,1590.922,1485.428,1386.597,157
5,15.0,9734.414,7045.603,5807.688,5081.58,4564.992,4193.771,3902.231,3492.941,3317.532,3038.372,2743.233,2541.482,2388.544,2224.988,2074.661,81
5,15.5,14521.264,10505.023,8703.107,7603.888,6906.025,6389.208,5952.421,5286.948,5106.182,4689.973,4236.133,3880.023,3662.69,3373.436,3145.964,79
5,16.0,21929.354,15832.732,13298.396,11654.249,10372.432,9655.979,9132.794,8129.421,7725.068,7075.406,6327.065,5779.944,5403.654,4998.633,4615.891,65
5,16.5,34300.392,24409.533,20066.11,17492.302,15740.927,14477.024,13507.88,12084.602,11538.033,10483.722,9542.242,8893.336,8380.012,7905.816,7461.834,30
5,17.0,74942.477,53224.043,43297.777,37748.188,33741.781,30843.404,28528.736,25047.166,23711.447,21575.455,19263.346,17720.936,16580.24,15413.305,14322.209,17
6,3.0,40.438,43.254,47.895,48.479,50.273,50.094,51.858,54.657,56.536,58.431,62.212,65.197,67.927,71.659,76.085,21
6,3.5,41.3,43.802,43.563,43.726,44.446,44.812,46.858,49.599,50.448,52.043,54.509,56.096,58.043,60.986,64.622,26
6,4.0,47.592,45.666,46.283,50.019,52.04,53.218,55.184,57.635,58.265,61.068,65.245,68.13,70.578,73.706,77.69,48
6,4.5,52.696,50.72,51.438,52.401,54.262,57.136,59.675,63.719,64.981,67.499,71.355,71.96,71.424,74.639,78.824,73
6,5.0,59.85,56.555,62.117,63.445,65.776,69.44,72.875,76.593,76.505,78.625,81.824,85.273,87.881,90.385,94.043,159
6,5.5,69.01,64.931,64.816,67.091,69.471,73.793,77.605,81.225,81.079,82.487,86.856,88.553,91.173,94.511,98.159,271
6,6.0,76.576,73.269,75.632,78.616,80.713,80.649,84.591,87.52,87.95,90.589,94.712,97.427,99.284,102.27,105.221,243
6,6.5,88.096,81.425,83.473,81.432,82.127,83.311,82.638,77.946,75.979,75.142,79.118,75.827,77.787,77.632,74.779,147
6,7.0,96.868,77.006,67.72,63.478,61.985,59.726,57.485,54.308,54.346,53.811,52.541,51.769,51.793,51.954,50.866,225
6,7.5,112.541,89.716,80.158,75.212,72.528,69.732,67.959,67.01,67.015,64.202,63.81,61.359,60.766,61.791,62.266,418
6,8.0,145.124,120.691,113.739,110.691,109.437,110.91,109.571,111.232,111.75,113.399,111.522,110.482,111.507,112.495,111.555,1183
6,8.5,164.89,134.364,124.259,120.314,119.485,119.511,119.624,120.484,120.54,120.82,120.304,121.05,121.448,122.75,124.851,1661
6,9.0,200.085,152.431,131.231,120.159,112.8,107.364,103.787,97.801,95.522,92.055,89.116,87.184,86.181,85.598,85.289,1625
6,9.5,245.498,182.32,154.776,138.332,127.139,119.044,112.782,103.912,100.56,95.166,89.972,86.351,83.728,81.262,79.197,1880
6,10.0,306.776,225.13,188.578,167.035,152.317,141.978,133.918,121.805,117.21,110.15,102.649,97.816,94.563,90.966,87.782,2140
6,10.5,390.525,284.836,238.572,210.312,191.357,177.025,165.764,149.667,143.832,134.247,124.118,117.39,112.305,107.494,103.386,2219
6,11.0,506.639,369.535,308.49,271.132,246.031,227.646,213.216,192.491,184.62,172.226,159.048,149.628,142.645,135.909,131.053,1734
6,11.5,671.194,487.428,407.48,358.284,325.308,300.676,282.771,255.2,245.358,227.579,209.806,196.634,187.368,177.95,170.223,1236
6,12.0,946.918,688.241,574.88,505.442,458.99,424.446,397.44,360.203,345.03,322.933,298.195,278.966,264.948,251.434,238.237,876
6,12.5,1435.228,1051.568,883.467,771.757,699.89,647.708,607.7,546.07,519.941,482.42,441.955,413.857,392.456,369.906,348.962,626
6,13.0,2102.398,1557.865,1310.472,1159.651,1057.122,980.894,920.599,833.03,797.454,740.704,681.124,635.038,600.428,571.495,542.714,790
6,13.5,3149.391,2319.013,1934.441,1716.102,1562.193,1449.798,1357.185,1231.057,1181.524,1094.794,1000.275,926.952,872.454,815.592,772.329,790
6,14.0,4971.026,3625.211,3032.814,2666.338,2414.132,2238.699,2099.304,1882.69,1811.304,1684.402,1534.86,1432.334,1350.751,1272.244,1196.844,726
6,14.5,7695.176,5629.565,4731.385,4174.078,3775.458,3504.194,3281.271,2952.102,2829.055,2639.492,2410.481,2257.412,2130.969,2007.688,1915.726,439
6,15.0,12375.414,9103.679,7531.896,6707.11,6093.811,5653.393,5285.592,4741.972,4530.041,4216.88,3843.999,3615.628,3409.32,3237.232,3064.02,205
6,15.5,19249.178,14241.598,12021.514,10593.71,9727.636,9011.754,8466.436,7519.444,7202.278,6644.31,6044.998,5585.044,5233.788,4881.464,4602.649,126
6,16.0,26060.08,19104.4,15792.189,14034.226,12887.146,11760.551,10846.9,9502.164,9269.005,8946.654,8288.204,7684.044,7323.918,6888.06,6486.449,59
6,16.5,44272.012,32282.385,27838.216,25357.256,23029.142,21323.917,19998.616,18046.164,17301.312,16109.945,14819.151,13913.295,13276.69,12718.932,12348.808,14
6,17.0,94661.68,72234.727,63285.367,55398.309,49903.137,45798.383,42584.238,37843.738,36043.961,33196.559,30132.764,27927.996,26242.365,24516.602,22911.852,11
7,3.0,31.956,38.827,39.703,38.311,39.592,41.466,42.641,43.057,43.583,43.892,46.394,48.695,50.796,53.589,57.011,19
7,3.5,40.14,38.99,42.169,45.634,45.592,46.736,48.495,51.557,53.243,55.128,57.988,60.538,65.125,68.291,72.038,28
7,4.0,38.751,40.192,42.349,43.336,44.966,46.517,48.552,51.796,52.817,54.812,57.25,59.841,62.646,65.147,68.221,53
7,4.5,52.415,48.416,51.596,54.016,55.62,56.712,59.724,63.456,64.03,66.161,69.932,73.034,76.074,79.842,82.744,80
7,5.0,59.68,58.322,58.639,59.34,62.389,63.983,65.194,67.805,69.471,71.49,76.401,79.69,81.924,84.746,87.807,163
7,5.5,67.999,62.116,62.968,64.159,67.203,70.468,74.13,78.572,79.822,81.772,85.7,88.358,90.828,93.911,96.635,300
7,6.0,72.865,64.527,66.038,67.9,69.169,70.83,73.569,77.404,77.854,79.645,83.091,85.307,88.085,90.027,92.231,229
7,6.5,89.364,72.889,68.166,66.003,61.747,62.115,62.603,61.966,61.424,59.42,58.52,58.681,59.926,60.632,60.298,143
7,7.0,95.645,77.264,70.055,67.589,64.529,63.008,62.617,62.262,62.517,63.476,63.406,64.658,64.17,62.09,64.226,191
7,7.5,113.601,90.433,82.502,77.579,74.55,72.988,71.754,69.781,68.929,67.585,67.079,64.64,63.423,64.076,64.346,325
7,8.0,145.868,121.07,114.248,113.025,114.09,115.368,118.08,121.56,122.691,124.868,125.469,125.948,124.082,122.823,119.972,1154
7,8.5,165.187,132.737,122.556,117.974,116.768,117.473,118.465,117.869,118.662,120.884,123.999,123.206,123.635,125.894,127.548,1647
7,9.0,199.91,152.027,132.333,120.134,113.177,107.732,103.792,97.93,96.106,94.156,90.887,88.696,87.224,85.276,83.759,1510
7,9.5,245.845,182.507,154.928,138.694,127.884,120.071,114.59,106.061,102.717,97.698,91.865,88.022,85.416,82.09,80.446,1706
7,10.0,307.539,226.218,190.876,169.576,154.91,144.49,136.606,124.772,120.228,113.869,106.899,101.454,97.788,94.3,90.53,2000
7,10.5,390.01,284.756,239.202,211.432,192.656,178.322,167.601,151.757,145.792,136.757,126.774,119.708,114.562,109.283,104.392,2112
7,11.0,506.438,368.21,307.747,271.198,246.338,228.171,213.772,192.866,184.908,171.753,158.076,148.734,141.042,133.872,127.421,1744
7,11.5,673.33,491.202,409.992,361.714,328.588,303.025,283.861,256.602,245.408,229.268,210.634,197.61,187.774,178.486,170.146,1280
7,12.0,928.466,676.513,568.118,499.206,452.062,418.81,391.692,351.361,336.767,312.473,287.858,268.236,254.324,241.637,228.284,909
7,12.5,1438.368,1049.829,885.397,779.719,704.333,652.611,614.797,551.538,526.331,488.824,446.572,416.888,397.336,373.326,351.95,626
7,13.0,2139.162,1571.803,1317.166,1165.562,1062.647,981.785,921.255,828.336,791.862,735.671,670.55,627.803,591.084,550.354,518.773,803
7,13.5,3205.296,2359.363,1972.362,1738.339,1587.689,1462.718,1368.414,1222.593,1169.658,1085.282,986.302,917.939,866.056,819.036,766.856,877
7,14.0,5150.958,3760.481,3169.918,2787.448,2536.748,2332.264,2176.931,1957.046,1867.393,1736.597,1580.354,1475.888,1395.172,1306.567,1213.463,809
7,14.5,8740.358,6396.393,5346.44,4687.166,4278.641,3970.54,3729.401,3367.338,3221.14,2963.805,2711.13,2511.349,2353.826,2193.334,2036.97,629
7,15.0,13411.414,9802.18,8313.717,7307.05,6569.189,6048.397,5615.193,5057.848,4847.85,4529.382,4070.166,3755.31,3540.349,3324.748,3087.116,388
7,15.5,21595.844,15781.978,13100.871,11722.857,10552.211,9686.805,9282.721,8317.896,7906.833,7301.441,6595.058,6101.134,5738.029,5380.115,5037.943,141
7,16.0,36449.062,26747.456,23456.832,20567.988,18772.474,17202.616,16025.239,14351.57,13711.318,12677.03,11438.484,10704.958,10027.53,9285.857,8698.023,54
7,16.5,54323.32,40270.863,32081.604,27742.016,25137.234,22962.547,21235.322,18648.822,17662.178,16061.375,14723.811,13994.796,13440.498,12857.675,12274.026,15
7,17.0,80005.356,58304.793,48557.994,42630.293,38932.947,35823.23,33132.168,29949.808,28733.72,26726.406,24485.007,23131.784,22163.28,20816.326,19642.455,28
7,17.5,137440.805,100358.219,85209.926,75523.968,68602.442,63546.139,59585.394,53667.697,51380.459,47628.644,43382.717,40157.523,37442.051,35237.447,32888.132,16
8,3.0,28.307,24.889,24.383,26.156,28.092,29.953,31.55,32.38,34.338,35.139,37.121,38.874,40.52,42.243,44.32,15
8,3.5,31.565,32.704,33.916,36.862,38.788,40.773,43.311,46.312,47.804,49.508,52.427,54.566,57.092,57.194,59.646,26
8,4.0,44.81,45.758,48.492,50.676,53.96,56.696,59.7,63.563,65.242,67.602,71.382,74.506,77.632,81.406,82.714,58
8,4.5,49.064,46.26,47.416,47.854,51.466,54.746,57.365,60.878,61.151,63.01,66.836,69.861,72.706,76.332,80.122,66
8,5.0,63.001,59.998,63.4,65.947,68.772,72.316,76.312,79.066,81.522,83.866,87.886,90.98,95.594,98.404,103.216,150
8,5.5,65.969,62.426,65.299,65.935,69.364,72.098,76.503,80.479,83.391,83.891,88.852,91.943,94.774,97.853,100.868,275
8,6.0,77.003,72.422,74.89,77.183,78.342,82.282,83.809,86.535,88.593,91.66,95.47,97.845,98.15,99.001,100.228,236
8,6.5,91.173,81.278,77.894,76.93,78.188,79.517,81.539,82.299,83.517,85.448,86.135,85.909,88.024,88.891,86.504,179
8,7.0,103.195,85.119,79.709,78.234,78.37,77.506,77.593,78.288,79.25,82.596,84.294,84.241,84.793,83.181,82.035,221
8,7.5,115.169,94.417,86.714,83.991,83.211,82.138,82.18,80.766,80.313,80.753,82.046,82.168,81.461,82.412,83.714,379
8,8.0,144.467,118.02,110.028,107.458,109.529,110.31,111.847,114.408,115.4,117.302,118.974,120.124,120.958,123.004,124.358,1158
8,8.5,165.162,132.568,122.611,118.538,119.667,120.64,121.446,121.323,122.453,124.843,126.754,128.136,128.535,129.664,130.624,1700
8,9.0,199.022,153.221,135.147,124.694,119.906,115.782,112.724,108.254,106.532,104.188,103.037,101.836,101.378,101.479,102.392,1646
8,9.5,246.08,186.007,161.422,147.318,139.149,132.767,128.28,121.597,119.257,115.783,112.76,110.568,109.099,107.831,107.026,2025
8,10.0,309.221,231.55,199.689,180.782,169.063,159.8,152.877,143.226,140.089,135.439,130.298,127.399,125.19,123.394,121.955,2305
8,10.5,393.511,292.27,249.612,224.428,209.202,197.349,188.358,176.044,171.079,163.558,156.404,151.985,148.817,144.959,141.827,2340
8,11.0,509.802,376.44,321.272,287.61,267.195,251.093,238.478,220.977,214.806,205.105,194.74,187.202,182.088,177.559,172.717,1727
8,11.5,679.289,501.425,426.078,381.231,354.559,334.128,317.922,293.811,285.345,273.062,257.465,247.609,240.438,234.641,229.49,1225
8,12.0,932.734,685.23,581.428,521.233,481.237,448.841,426.421,394.663,383.728,365.546,345.935,333.185,323.554,315.499,303.991,839
8,12.5,1394.49,1031.176,880.894,791.398,734.132,687.388,652.74,602.54,583.557,553.362,518.399,496.215,476.688,460.226,446.361,574
8,13.0,1998.28,1487.396,1283.454,1154.726,1076.463,1010.585,962.094,887.512,860.746,816.397,772.547,739.562,708.116,676.244,647.037,660
8,13.5,2952.274,2217.007,1906.499,1724.516,1587.278,1495.834,1414.211,1308.244,1265.004,1200.32,1138.18,1081.508,1039.846,1006.212,972.397,627
8,14.0,4746.422,3517.499,2970.866,2648.964,2448.49,2286.296,2161.235,1965.379,1895.082,1791.74,1661.303,1578.359,1524.324,1465.364,1398.533,575
8,14.5,7432.111,5447.714,4653.697,4130.558,3797.609,3536.82,3356.074,3067.811,2954.61,2786.954,2567.516,2444.204,2312.97,2187.15,2065.651,436
8,15.0,13078.394,9879.606,8287.689,7341.069,6840.106,6388.004,6007.396,5445.626,5248.888,4951.679,4542.654,4353.254,4185.196,3951.01,3745.812,256
8,15.5,21987.398,16423.014,13629.61,12030.578,10826.966,10024.832,9412.886,8640.336,8327.71,7815.873,7284.062,6879.207,6602.619,6254.726,5967.21,124
8,16.0,32192.227,23893.359,20457.77,18100.508,16813.051,15532.417,14786.013,13745.243,13398.268,12786.721,12015.962,11281.148,10648.083,10094.36,9459.462,65
8,16.5,51121.566,37146.934,30661.617,26663.443,23573.984,21801.756,20736.619,19206.312,18662.963,17438.4,15484.543,14284.842,13582.996,12884.306,12254.634,33
8,17.0,84681.965,64800.713,54855.144,48355.586,44522.182,41316.957,38925.636,35603.848,34422.398,32428.814,30362.008,28654.036,26951.386,25879.312,24614.868,32
8,17.5,108757.222,77664.129,64506.942,56985.633,51479.041,47818.283,45451.699,41721.959,40190.15,37747.459,35183.386,33418.476,32178.029,30144.137,28478.337,24
9,2.5,65.086,68.166,70.784,75.086,78.568,82.694,86.923,91.695,93.449,96.378,101.002,104.079,105.754,108.39,111.425,10
9,3.0,50.209,46.572,42.685,43.557,45.322,46.955,48.546,51.116,52.337,54.629,57.97,61.013,63.94,67.828,72.501,13
9,3.5,54.483,50.288,49.845,50.561,51.5,52.928,54.223,57.372,58.634,60.864,63.773,66.747,68.832,71.838,75.799,23
9,4.0,44.1,42.162,43.498,47.534,48.504,50.939,53.335,56.423,56.896,58.805,62.135,64.427,67.572,70.887,74.53,59
9,4.5,52.974,52.403,57.642,58.584,57.452,58.127,61.044,64.802,64.541,66.534,71.455,74.414,76.412,79.84,83.19,63
9,5.0,67.587,67.191,68.262,70.364,72.24,74.616,78.515,82.487,83.322,85.166,89.257,92.095,94.251,97.03,101.51,143
9,5.5,74.461,69.39,69.908,70.588,71.027,73.458,76.56,81.16,82.628,84.878,87.67,90.694,92.164,93.544,97.392,242
9,6.0,79.002,72.522,78.912,82.61,81.029,83.551,84.099,86.301,87.156,89.708,94.022,96.743,96.805,95.918,97.295,223
9,6.5,94.068,78.734,73.306,71.806,72.618,73.242,73.671,75.686,74.594,75.912,73.8,73.828,73.175,70.898,68.007,174
9,7.0,99.899,81.531,75.024,72.32,72.918,72.472,72.056,72.779,73.021,73.695,75.005,73.585,73.607,76.947,75.55,237
9,7.5,116.212,91.596,81.598,78.686,75.696,73.804,72.475,70.949,69.906,68.834,67.545,65.042,63.728,61.738,61.622,390
9,8.0,146.456,120.164,111.69,109.26,110.276,111.822,112.965,113.132,113.778,115.159,116.798,115.536,114.027,115.974,114.92,1110
9,8.5,168.719,137.689,128.466,125.167,124.432,125.574,125.749,127.91,127.476,128.492,129.577,128.906,128.075,129.365,130.687,1656
9,9.0,204.633,156.671,137.069,126.501,119.424,114.844,111.136,106.593,105.606,103.556,100.21,97.667,96.996,95.783,94.454,1631
9,9.5,249.982,186.611,159.64,143.908,133.652,125.877,119.779,111.859,108.837,104.396,99.751,96.93,94.526,92.104,89.884,2047
9,10.0,314.419,232.644,197.125,176.883,163.533,153.515,145.941,134.777,130.843,124.217,117.811,113.3,109.993,106.518,103.201,2319
9,10.5,399.823,293.432,248.386,221.588,202.866,189.199,178.82,164.115,158.894,150.56,141.338,134.856,130.346,125.168,120.747,2510
9,11.0,517.626,379.237,318.894,281.999,257.552,240.174,227.035,207.365,200.115,188.396,176.264,167.893,161.516,154.585,148.658,1990
9,11.5,677.233,493.177,414.686,368.099,335.784,313.573,296.368,269.651,259.332,243.524,227.527,215.896,207.701,199.852,191.358,1417
9,12.0,921.068,671.955,566.908,502.724,457.83,426.449,401.413,366.594,353.833,332.324,309.901,294.344,281.998,269.823,258.17,999
9,12.5,1325.339,971.167,823.622,732.761,665.04,612.981,577.101,526.507,504.754,472.238,435.074,414.306,393.321,376.189,360.341,715
9,13.0,1981.874,1458.738,1238.154,1098.131,996.598,923.238,867.999,789.887,758.564,713.678,663.657,627.45,597.687,572.656,547.141,590
9,13.5,2880.851,2144.58,1819.74,1627.392,1488.265,1377.246,1294.417,1178.622,1133.979,1068.032,989.478,931.941,884.554,842.86,799.726,520
9,14.0,4096.186,3041.028,2574.567,2266.097,2059.537,1920.612,1811.22,1645.117,1584.699,1490.051,1396.157,1311.931,1246.255,1175.477,1117.5,429
9,14.5,6908.367,5077.803,4302.553,3771.646,3437.805,3184.537,3015.523,2737.865,2652.369,2487.799,2308.805,2178.726,2060.29,1914.262,1791.868,203
9,15.0,11361.019,8330.906,7070.741,6361.186,5812.459,5391.155,5153.728,4775.296,4638.76,4414.306,4194.868,3993.59,3794.595,3611.648,3402.274,118
9,15.5,19039.238,14605.092,12307.913,10918.988,9919.314,9121.462,8537.309,7696.5,7377.24,6917.223,6398.141,6105.768,5861.84,5518.938,5339.948,72
9,16.0,29349.613,21913.008,19512.621,17741.846,16057.921,14998.093,14162.793,12921.146,12308.718,11607.529,10813.653,10338.3,9851.992,9239.358,8537.9,45
9,16.5,55167.238,40926.516,33500.543,29109.082,26038.629,23983.246,22447.682,20258.895,19440.498,18046.553,16427.146,15195.315,14238.183,13827.632,13694.534,23
9,17.0,92229.586,71743.141,61168.41,54009.363,48650.625,44676.301,41462.742,36505.828,34919.816,32730.771,30004.932,27741.354,25848.424,23766.492,21673.428,13
10,2.5,86.247,80.0,83.507,87.669,89.23,90.953,93.733,99.123,101.054,105.206,111.88,116.992,121.535,127.631,135.161,10
10,3.0,42.596,52.76,55.738,59.366,60.814,62.002,63.287,65.678,66.55,68.283,69.674,71.746,74.302,78.126,82.634,16
10,3.5,59.792,56.067,61.912,67.767,70.123,71.9,73.153,75.555,77.158,81.006,86.606,90.654,92.684,97.611,103.468,32
10,4.0,45.344,50.24,51.684,53.564,53.37,53.766,55.336,58.0,58.534,61.558,66.13,69.112,70.747,72.873,76.764,64
10,4.5,61.482,60.244,63.214,64.025,66.088,68.682,70.953,74.298,74.065,75.466,79.441,82.613,85.639,89.276,93.484,80
10,5.0,75.642,69.708,72.802,73.786,77.5,80.631,83.095,87.117,88.239,91.11,93.943,97.679,100.262,104.149,108.313,153
10,5.5,73.76,69.127,70.896,71.958,73.712,76.617,79.63,83.238,84.31,86.718,91.856,94.948,97.38,100.891,104.465,270
10,6.0,74.828,67.76,67.992,69.925,70.615,72.277,75.492,79.35,81.247,84.162,87.854,90.211,92.167,95.63,99.925,213
10,6.5,92.494,81.495,74.51,71.646,70.454,71.483,72.034,69.937,70.331,69.375,70.443,71.497,71.258,69.956,71.236,140
10,7.0,99.221,80.924,73.557,69.949,65.533,63.755,64.135,63.024,63.666,63.927,62.236,61.208,60.515,61.585,62.257,255
10,7.5,115.762,92.736,83.531,77.672,76.016,74.114,72.989,71.454,70.32,70.772,68.998,69.35,68.598,67.9,66.939,430
10,8.0,147.97,120.766,113.34,111.145,111.092,111.989,112.82,114.651,116.17,118.49,119.096,118.2,118.481,118.894,119.31,1201
10,8.5,169.104,137.995,128.199,124.83,125.538,126.683,128.062,129.384,129.163,131.797,133.08,132.957,132.732,133.884,136.766,1751
10,9.0,206.168,158.426,139.573,128.584,121.573,117.335,113.565,109.526,107.013,104.238,102.118,100.472,99.289,98.116,96.664,1759
10,9.5,255.209,191.867,164.869,148.927,138.999,131.535,126.287,119.084,116.341,112.856,108.945,105.927,103.687,102.106,99.759,2073
10,10.0,319.211,237.193,202.214,181.337,167.984,158.026,150.496,139.859,135.694,129.093,123.458,119.322,116.494,114.212,111.126,2440
10,10.5,403.881,297.51,251.772,224.784,207.318,193.868,183.634,168.53,163.32,154.594,145.368,139.35,135.276,131.371,127.616,2514
10,11.0,518.744,381.167,321.94,285.922,261.775,244.291,230.838,211.148,203.989,193.073,181.036,173.116,167.584,162.331,157.243,2019
10,11.5,676.76,493.321,415.977,367.542,335.816,312.651,293.83,268.0,258.33,244.457,228.798,218.198,210.474,202.826,194.662,1346
10,12.0,921.568,676.095,567.882,503.857,459.123,428.416,403.85,368.373,354.969,334.67,313.386,298.846,289.093,280.455,270.328,952
10,12.5,1344.841,992.602,839.402,746.311,681.627,637.637,604.707,549.609,531.689,501.238,471.623,447.926,434.038,418.067,401.469,613
10,13.0,2016.359,1495.611,1288.061,1148.9,1065.901,993.117,940.811,865.291,835.978,790.359,739.562,703.062,681.185,657.684,629.772,463
10,13.5,3018.118,2239.909,1888.548,1683.967,1563.168,1469.604,1403.123,1292.294,1243.851,1187.255,1107.182,1059.81,1022.702,976.662,930.791,423
10,14.0,4330.001,3281.468,2806.197,2474.778,2300.266,2150.964,2034.138,1857.922,1797.362,1659.472,1576.763,1495.124,1457.131,1411.748,1347.983,329
10,14.5,7818.546,5770.468,4980.518,4471.48,4132.472,3880.044,3651.678,3369.198,3216.194,3045.519,2845.593,2703.958,2583.661,2427.034,2297.636,168
10,15.0,15480.005,11252.517,9547.978,8758.091,8485.805,7895.604,7489.635,6782.407,6543.523,6394.713,6077.758,5774.512,5461.575,5085.732,4831.649,89
10,15.5,22667.168,17268.646,14882.728,13252.4,12657.299,11850.116,11342.4,10506.9,10126.522,9387.178,8743.56,8216.936,7810.64,7360.072,6923.757,76
10,16.0,34855.375,25545.947,22108.617,20123.854,17999.432,16941.492,16185.772,14533.952,13881.292,12857.322,11737.521,10930.874,10394.012,9902.506,9425.442,57
10,16.5,37498.05,27831.698,23351.385,20582.812,18753.159,17339.302,16268.892,14721.368,14215.681,13504.686,12851.242,12444.326,11963.037,11528.746,11123.817,30
10,17.0,144098.562,103965.266,87415.242,77164.773,69861.102,64844.973,60977.035,55236.008,53016.574,49180.672,44615.266,41041.039,38207.098,36996.777,35514.723,11
11,2.0,91.677,75.069,69.07,65.709,65.967,67.1,70.426,74.759,76.907,79.572,83.6,86.907,90.16,93.846,98.045,11
11,2.5,47.322,44.886,48.373,50.808,51.451,53.192,55.39,58.94,60.31,62.808,66.937,70.776,74.768,79.477,85.416,13
11,3.0,36.29,42.021,45.627,49.285,51.053,52.154,53.498,55.498,55.719,57.313,60.061,62.195,64.749,68.19,72.589,18
11,3.5,74.71,66.32,63.03,59.74,60.156,59.996,61.348,63.493,64.255,65.686,68.046,70.03,71.86,74.444,78.498,30
11,4.0,53.351,57.37,56.946,59.508,61.536,62.766,65.614,70.116,71.526,74.565,79.16,82.249,84.394,86.189,88.006,67
11,4.5,50.83,55.212,59.286,63.866,66.172,66.85,69.394,72.49,73.524,75.233,80.23,83.372,85.655,88.858,92.43,86
11,5.0,70.305,66.75,68.32,71.48,74.694,76.524,79.59,82.859,85.244,87.511,91.946,95.152,97.587,98.586,102.972,188
11,5.5,72.25,68.794,69.158,73.532,76.125,77.977,80.908,84.142,84.959,87.671,90.25,93.22,95.856,99.342,102.761,296
11,6.0,77.245,72.91,75.477,79.329,81.199,80.516,83.007,88.126,87.337,90.288,94.429,97.761,98.735,101.765,106.82,235
11,6.5,88.988,70.397,67.366,65.114,65.362,65.572,65.712,63.329,63.794,62.0,63.38,63.984,61.867,59.514,57.84,130
11,7.0,101.146,83.32,77.643,75.105,74.774,73.944,72.424,72.758,73.308,72.014,70.85,68.682,65.364,66.34,65.23,230
11,7.5,116.783,95.434,86.345,82.556,80.277,77.899,77.01,76.646,76.833,75.556,76.093,74.283,73.538,73.378,72.63,435
11,8.0,146.681,120.573,113.117,110.931,111.321,112.864,113.876,116.657,117.439,119.668,120.219,122.004,120.717,122.155,122.341,1213
11,8.5,170.441,138.898,128.731,125.575,125.404,125.236,126.584,129.036,129.732,132.135,134.5,134.386,136.012,137.829,137.729,1863
11,9.0,207.716,160.952,142.236,132.014,125.964,122.128,118.388,114.482,112.708,110.2,107.97,105.54,104.902,104.463,103.92,1792
11,9.5,255.996,192.609,166.482,150.815,140.74,133.221,127.992,120.15,117.409,112.95,108.545,105.299,103.367,101.294,99.907,2087
11,10.0,320.97,239.089,204.327,183.928,170.499,160.747,153.004,142.37,138.703,132.877,127.33,123.831,121.229,118.672,116.049,2325
11,10.5,405.22,299.485,253.892,226.654,208.328,195.178,184.878,170.682,165.264,157.492,148.405,143.186,139.329,135.588,132.639,2408
11,11.0,522.68,384.84,324.858,289.778,265.739,248.545,235.263,215.78,208.76,197.734,185.377,177.392,171.733,167.586,163.093,1920
11,11.5,690.104,507.237,428.599,380.63,350.097,326.197,307.268,281.798,272.536,256.784,242.663,232.782,226.344,220.212,213.067,1333
11,12.0,934.764,683.514,580.286,514.404,470.18,438.244,414.63,378.876,365.417,346.826,326.45,311.934,300.199,290.77,283.87,932
11,12.5,1381.246,1021.93,861.166,764.777,700.183,651.094,616.62,566.892,546.167,518.252,483.774,460.155,439.856,427.103,414.158,610
11,13.0,2062.473,1559.666,1360.285,1226.971,1126.87,1063.29,1007.537,929.058,894.677,846.068,796.825,763.496,734.916,705.916,687.637,503
11,13.5,3086.797,2318.818,2020.958,1830.996,1703.404,1607.942,1542.996,1433.078,1417.836,1342.196,1259.65,1189.83,1147.486,1111.208,1071.669,420
11,14.0,4754.293,3625.634,3145.053,2827.446,2615.61,2468.494,2333.78,2133.846,2058.25,1950.474,1835.782,1748.048,1696.162,1621.077,1568.438,340
11,14.5,9534.394,7211.068,6193.583,5555.476,5191.208,4815.322,4563.642,4173.738,4050.326,3823.47,3557.706,3369.707,3236.042,3050.601,2956.42,156
11,15.0,17400.572,13418.056,11413.061,10119.215,9681.09,9108.498,8710.393,8124.56,7900.579,7521.896,6861.673,6530.043,6435.911,5942.492,5885.228,135
11,15.5,28969.176,21108.527,17840.941,16051.788,14788.652,13656.142,12988.048,11784.404,11339.181,10605.36,10298.826,9613.194,9318.075,9017.615,8570.479,103
11,16.0,49414.852,39821.375,32806.008,28862.33,26250.543,24929.859,23280.484,20863.836,19965.852,18487.654,17209.42,17176.635,16916.918,17008.408,17281.211,51
11,16.5,52105.957,39251.742,33972.734,30119.402,27693.379,25711.127,24237.59,22009.508,21084.162,19636.348,18151.16,17127.1,16365.334,15590.218,14870.423,31
11,17.0,97269.774,76135.566,67110.18,62054.268,58353.906,55608.735,53245.531,49323.052,47793.84,45353.424,43553.588,42817.956,42449.088,42189.156,41903.48,12
12,2.5,41.8,46.254,49.77,57.166,58.351,59.751,63.17,66.69,67.794,69.764,73.919,77.142,78.022,81.012,84.803,10
12,3.0,58.621,53.363,52.017,55.607,57.454,58.82,59.875,62.486,63.456,64.597,67.92,70.274,71.808,73.323,74.45,17
12,3.5,53.561,58.579,58.009,62.37,66.012,67.746,69.247,68.969,68.95,68.301,72.198,75.145,77.667,81.379,85.934,21
12,4.0,65.61,59.373,62.101,66.087,68.728,68.852,70.415,72.745,73.862,76.798,82.266,83.965,85.001,86.963,90.61,53
12,4.5,61.88,63.33,63.557,62.951,63.703,65.075,67.285,69.518,69.569,71.158,75.167,78.856,81.101,84.973,89.668,75
12,5.0,73.935,74.531,79.67,81.521,84.228,86.352,90.052,92.983,94.266,94.756,97.055,99.892,101.37,104.36,109.506,187
12,5.5,77.644,71.281,72.872,73.769,73.684,76.486,79.64,81.88,82.896,85.398,89.393,92.872,95.792,99.164,103.801,286
12,6.0,82.172,75.094,75.256,75.759,77.515,81.4,86.372,87.989,88.912,91.822,95.66,97.875,98.723,101.461,105.232,240
12,6.5,97.134,79.146,71.408,69.071,68.859,69.135,68.878,68.34,67.454,66.792,66.962,63.73,61.642,61.735,61.332,148
12,7.0,105.677,88.793,81.94,80.142,79.174,77.518,78.274,77.492,77.548,77.69,76.902,78.626,77.835,76.88,74.993,253
12,7.5,120.353,97.751,88.905,85.162,82.035,80.547,79.251,78.117,78.059,77.656,77.222,77.808,77.715,77.67,78.0,431
12,8.0,152.496,126.554,119.782,117.884,117.346,117.649,117.15,116.238,116.91,117.244,119.715,120.596,120.692,120.3,121.393,1202
12,8.5,176.984,147.188,137.584,134.206,134.598,135.946,136.87,138.448,138.772,140.462,142.883,145.32,145.76,148.202,149.85,1798
12,9.0,213.695,167.159,148.371,138.009,131.319,126.537,122.717,119.094,117.276,114.963,113.297,111.301,110.315,108.465,107.141,1731
12,9.5,264.882,200.65,174.079,158.836,149.096,141.988,136.44,129.303,126.846,122.592,118.583,114.872,112.674,110.994,109.35,2080
12,10.0,330.528,247.475,212.857,192.493,178.558,168.673,161.597,151.288,147.6,142.617,137.144,133.494,131.357,129.01,127.013,2287
12,10.5,419.654,312.29,265.599,237.947,219.467,206.076,195.885,181.493,176.164,168.168,160.091,154.207,150.842,146.933,142.826,2321
12,11.0,543.718,401.894,342.754,306.75,281.6,263.22,250.352,231.7,224.663,212.888,201.211,193.01,186.689,181.412,177.008,1962
12,11.5,721.721,532.004,452.446,403.741,371.085,347.125,328.631,301.247,291.28,275.383,255.984,245.118,236.553,228.614,220.913,1407
12,12.0,991.073,737.879,627.096,559.747,517.344,482.838,458.283,417.404,403.886,381.547,359.23,343.172,331.731,321.004,313.166,939
12,12.5,1490.612,1108.952,940.805,843.546,777.172,730.786,697.976,645.236,622.171,587.524,549.292,524.549,510.433,491.957,476.864,568
12,13.0,2416.032,1852.524,1615.005,1479.061,1388.956,1309.75,1266.411,1190.105,1155.401,1101.405,1043.741,993.944,949.09,916.802,873.243,533
12,13.5,3520.175,2705.17,2327.277,2092.868,1957.983,1860.179,1830.942,1681.438,1626.365,1544.182,1436.058,1370.656,1339.625,1287.19,1250.432,442
12,14.0,5960.813,4624.863,4059.147,3744.912,3470.835,3300.108,3152.349,2910.936,2793.087,2706.794,2553.917,2443.836,2362.215,2258.97,2227.389,379
12,14.5,14413.229,11199.175,9395.734,8789.291,8011.516,7530.01,7110.408,6505.634,6391.06,6151.539,5709.111,5479.362,5206.993,5116.122,5044.727,231
12,15.0,26000.625,19478.395,17102.311,15453.998,14278.081,13497.106,12836.038,11974.391,11737.583,11162.834,10658.21,10140.994,9740.647,9408.594,9235.737,177
12,15.5,36390.375,27333.453,23156.592,20949.926,19286.393,17969.449,17005.996,15530.37,15285.141,14945.088,14146.188,13360.081,12730.109,12036.231,11391.992,101
12,16.0,50966.508,38089.446,33059.59,29725.18,27807.715,26210.511,24918.892,22578.633,21994.906,20653.866,19137.219,18401.908,17839.631,17147.917,17105.852,58
12,16.5,57266.386,42059.086,35593.445,31419.87,28136.177,26626.288,25741.062,23796.564,22944.726,21588.487,20180.642,19198.314,18507.234,17904.742,17745.017,26
13,3.0,47.14,46.94,50.496,54.242,56.482,57.988,59.735,63.145,64.035,66.599,70.693,74.142,75.446,77.235,80.158,16
13,3.5,35.411,36.605,40.091,43.682,45.965,47.691,49.585,52.45,53.642,55.694,58.423,60.912,64.687,67.8,71.416,19
13,4.0,58.852,49.764,54.85,54.305,52.843,54.062,57.006,60.551,62.295,65.019,68.723,71.81,72.758,75.718,78.906,37
13,4.5,63.698,57.964,58.946,59.89,60.504,61.323,64.146,67.202,68.032,71.491,77.034,80.816,83.553,86.885,91.524,62
13,5.0,67.599,65.891,69.574,74.541,76.428,77.845,80.696,84.536,86.11,87.879,91.931,95.789,98.029,100.156,101.598,139
13,5.5,71.503,66.638,68.788,70.572,73.484,75.933,78.879,83.085,85.309,87.715,90.386,94.001,97.634,100.009,104.778,245
13,6.0,77.56,73.848,74.057,75.97,79.375,83.194,87.02,90.226,91.137,92.888,96.393,99.171,100.919,104.872,104.45,201
13,6.5,86.594,74.189,69.941,70.766,69.497,70.213,71.709,73.521,74.503,71.61,71.585,73.728,71.838,72.683,72.498,153
13,7.0,102.583,83.448,76.388,74.236,73.166,72.192,71.85,70.274,71.451,71.606,71.441,72.337,73.642,73.637,72.962,228
13,7.5,113.732,89.214,80.172,74.901,72.236,70.086,68.468,66.38,65.531,65.516,65.186,63.676,63.005,62.573,63.163,424
13,8.0,146.448,120.279,113.609,111.766,111.071,112.169,113.704,114.138,115.079,116.373,114.718,114.449,116.15,114.55,116.55,1159
13,8.5,168.184,136.401,126.957,122.906,121.334,121.813,122.315,124.634,124.108,123.64,125.506,126.702,129.567,130.154,132.468,1774
13,9.0,206.577,158.421,138.868,127.937,121.99,117.343,113.842,108.193,106.154,104.618,102.22,100.696,99.991,99.676,98.484,1777
13,9.5,257.726,193.445,166.832,150.735,140.642,133.416,127.856,120.083,117.232,112.791,108.266,105.903,104.244,101.695,100.408,2163
13,10.0,323.358,239.972,205.037,184.462,171.348,161.78,154.629,143.133,139.179,132.939,126.195,122.008,118.871,115.437,113.103,2553
13,10.5,416.277,307.688,262.106,234.034,216.355,203.055,192.889,177.928,172.719,164.438,155.718,150.128,145.324,141.4,138.414,2558
13,11.0,546.534,404.32,342.751,306.36,282.412,265.039,251.321,231.362,224.536,213.576,201.752,193.612,187.352,182.348,178.073,2066
13,11.5,729.501,537.478,454.167,405.953,374.926,351.65,333.219,308.055,298.752,284.557,268.121,258.592,249.967,241.127,233.089,1407
13,12.0,988.339,728.194,619.618,552.82,513.137,479.977,455.096,418.704,405.438,385.408,364.456,349.094,336.754,325.309,316.826,966
13,12.5,1448.378,1080.3,911.692,817.42,754.048,708.62,670.946,613.932,592.928,562.768,527.03,502.224,484.695,464.98,446.798,514
13,13.0,2175.385,1642.394,1412.45,1277.81,1183.175,1110.652,1055.413,971.082,945.819,901.076,842.823,812.302,777.822,759.342,737.331,441
13,13.5,3215.102,2364.743,2005.206,1816.172,1684.685,1584.74,1507.355,1393.46,1355.927,1289.397,1216.874,1156.543,1118.901,1069.996,1021.632,365
13,14.0,4744.879,3510.547,3040.178,2709.941,2519.646,2368.347,2252.089,2071.961,2013.978,1905.945,1780.008,1697.415,1625.212,1547.068,1461.483,289
13,14.5,7558.047,5512.055,4665.275,4187.024,3866.667,3632.909,3462.186,3204.186,3097.086,2935.792,2760.576,2648.64,2572.054,2500.94,2393.116,140
13,15.0,11750.317,8717.536,7575.004,7020.483,6478.973,6132.528,5804.448,5248.89,5042.17,4814.432,4621.207,4517.149,4337.884,4106.184,3973.487,81
13,15.5,19298.289,14429.11,12371.774,11083.058,10376.828,9580.564,9103.726,8417.821,8129.899,7574.47,7030.166,6673.546,6396.352,6087.052,5772.251,108
13,16.0,26664.547,20038.209,16704.635,14804.819,14070.118,13246.327,12624.003,11589.768,11113.141,10349.984,9705.784,9245.861,8878.368,8429.562,8047.074,68
13,16.5,45239.746,33265.713,27877.638,24593.604,22206.465,20591.086,19256.756,17204.31,16441.834,15431.997,14451.071,13876.994,13352.949,12732.356,12203.424,22
14,3.0,73.339,71.789,65.077,60.143,57.821,56.568,56.198,56.994,58.086,60.356,63.598,66.972,70.713,76.143,78.791,15
14,3.5,43.726,47.477,54.44,56.174,57.95,59.041,60.294,63.722,65.084,67.598,71.452,74.858,78.304,82.886,88.267,28
14,4.0,79.943,75.038,71.943,73.906,76.071,78.613,81.146,84.299,84.665,88.323,94.392,99.174,103.009,106.147,110.039,49
14,4.5,59.56,58.022,63.627,67.995,69.627,71.7,73.341,76.424,77.323,78.992,83.559,85.093,86.804,93.931,98.253,77
14,5.0,87.126,82.915,79.852,84.609,87.333,89.618,90.318,93.276,93.543,95.684,99.942,103.435,105.983,107.511,110.936,153
14,5.5,77.842,76.58,80.023,84.862,85.179,87.76,91.672,95.134,96.01,98.304,103.764,107.404,109.428,110.422,114.12,284
14,6.0,81.82,76.322,77.958,78.019,80.946,84.997,88.538,92.185,94.044,95.225,99.735,102.482,104.634,107.87,110.387,216
14,6.5,96.72,77.315,70.939,67.402,66.8,67.597,68.2,67.146,67.081,67.069,68.836,70.851,71.671,73.041,75.462,115
14,7.0,102.682,83.109,74.978,72.298,70.749,69.963,70.285,69.995,69.251,67.25,67.548,66.667,65.869,64.758,66.122,237
14,7.5,116.71,92.568,83.274,78.877,75.914,75.177,73.986,72.496,71.974,69.528,70.279,68.774,68.789,68.744,68.481,334
14,8.0,152.313,128.104,121.426,119.211,119.982,122.628,125.114,128.194,129.043,131.426,135.426,136.861,137.498,141.224,142.322,1254
14,8.5,174.054,142.044,132.05,128.415,126.642,125.744,125.999,125.654,126.318,126.594,125.658,124.746,125.014,126.704,127.423,1484
14,9.0,209.836,160.558,140.279,128.624,121.864,116.507,113.08,108.312,106.57,103.483,101.106,99.509,98.935,97.578,96.827,1498
14,9.5,260.477,195.705,168.809,152.799,142.373,135.22,129.99,122.195,119.217,115.084,111.116,107.99,106.652,104.578,102.577,1869
14,10.0,329.192,245.686,210.522,190.194,176.978,167.32,159.811,149.221,144.887,139.486,133.278,129.361,127.443,125.341,123.242,2196
14,10.5,428.327,317.693,271.117,244.198,226.003,213.159,203.199,189.523,185.05,177.493,169.17,163.677,159.357,155.92,152.464,2257
14,11.0,562.728,419.557,359.174,322.757,298.844,282.075,268.833,250.83,244.218,233.827,222.591,214.811,209.592,204.089,201.055,1969
14,11.5,761.018,563.655,481.707,433.199,401.83,380.128,363.662,339.767,330.8,317.578,304.468,293.825,285.489,277.871,270.4,1479
14,12.0,1074.321,805.809,688.884,620.239,576.563,543.64,518.955,479.178,465.333,445.843,426.075,409.825,399.143,390.392,382.375,1087
14,12.5,1652.18,1234.251,1062.16,958.176,895.853,843.599,806.333,754.728,733.488,702.16,667.742,643.039,626.469,610.671,589.112,760
14,13.0,2563.48,1919.41,1650.89,1497.93,1391.566,1310.843,1262.019,1176.737,1147.018,1101.24,1056.93,1020.691,993.467,967.782,942.861,762
14,13.5,3749.457,2829.824,2428.044,2194.245,2056.287,1945.973,1856.222,1741.158,1693.294,1630.227,1554.903,1517.912,1489.647,1467.082,1415.564,636
14,14.0,6452.436,4888.199,4262.485,3910.866,3722.574,3553.649,3380.59,3156.498,3082.057,2991.667,2864.114,2776.28,2722.48,2687.916,2662.422,416
14,14.5,11380.866,8608.872,7433.656,6705.67,6296.911,6053.512,5856.633,5518.87,5405.103,5228.415,5050.929,4852.799,4787.447,4724.428,4562.958,213
14,15.0,17735.606,13792.179,11941.904,10917.211,10736.566,10288.796,9623.464,8931.062,8640.692,8142.902,7927.638,7706.632,7520.83,7349.075,7290.784,132
14,15.5,27839.53,20790.034,18101.56,16238.795,15450.471,14331.202,13430.341,12341.2,12158.246,11597.047,10838.644,10136.265,9665.05,9419.145,9177.104,92
14,16.0,34345.75,25127.611,20965.086,18419.428,17060.412,16022.52,15398.896,14207.592,13690.62,12937.54,11993.553,11376.53,11183.598,10385.103,9982.544,93
14,16.5,48000.582,34522.434,29052.512,25902.156,24073.787,22654.34,21523.484,20649.084,20287.586,19335.646,17690.936,16889.613,16275.276,15321.525,14884.793,79
14,17.0,64456.525,46859.718,39090.83,34931.6,32330.308,30242.398,28714.087,26790.186,26403.552,24923.862,22806.789,21258.411,20434.526,19455.533,18457.293,104
14,17.5,91794.062,66191.008,55436.484,48576.785,44112.891,41031.457,38580.961,35260.094,33920.633,31875.016,29881.086,28240.143,26921.281,25618.723,24459.242,61
15,3.0,45.82,54.842,48.608,51.801,50.872,52.865,54.986,58.012,58.492,59.8,62.365,64.41,65.872,67.954,70.992,17
15,3.5,85.684,70.786,63.278,64.278,67.323,67.342,66.876,70.116,70.85,73.788,78.69,82.566,85.724,90.67,96.544,30
15,4.0,51.63,52.428,53.276,58.491,59.362,61.331,62.756,64.835,65.705,67.55,72.095,75.366,76.258,79.6,84.546,56
15,4.5,74.276,71.186,69.859,72.638,74.264,75.134,77.626,80.731,82.407,84.881,90.692,93.042,94.873,94.335,97.55,84
15,5.0,84.442,78.994,83.794,85.379,86.934,88.014,90.118,92.38,93.461,95.868,98.721,100.739,103.373,107.411,111.839,125
15,5.5,79.85,77.033,80.428,84.532,87.304,90.446,93.604,97.867,99.85,101.822,104.808,107.474,109.164,112.08,116.39,264
15,6.0,84.217,78.332,78.864,83.34,86.188,90.132,92.998,96.327,96.742,98.255,103.071,107.434,107.67,111.191,114.448,222
15,6.5,90.371,76.502,70.84,65.266,64.229,64.636,65.752,67.446,68.093,65.055,67.162,68.787,71.735,73.039,74.2,117
15,7.0,101.927,82.879,74.664,69.254,66.892,66.188,65.154,61.965,61.699,60.788,60.322,60.42,58.923,59.372,58.698,201
15,7.5,118.753,93.855,84.718,78.696,76.401,74.464,72.817,70.172,69.492,68.493,68.452,67.461,65.722,64.606,64.485,357
15,8.0,152.555,127.012,119.61,116.178,117.268,118.982,119.98,122.384,124.171,126.637,129.7,130.781,132.004,133.904,134.286,1262
15,8.5,174.914,141.914,130.483,124.894,122.122,120.945,119.724,118.805,118.118,118.125,118.721,120.642,119.345,117.453,118.139,1439
15,9.0,208.439,158.603,137.334,125.896,118.64,112.739,108.492,102.422,100.951,97.752,94.184,92.478,90.19,89.364,87.902,1534
15,9.5,258.941,193.32,164.941,148.566,137.774,130.19,124.1,115.624,112.475,108.039,103.349,100.303,97.984,96.477,94.361,1869
15,10.0,326.145,242.689,206.716,185.974,171.924,161.167,153.192,142.082,137.856,131.957,125.225,120.976,117.909,115.417,112.546,2163
15,10.5,419.42,309.467,262.959,234.934,216.638,203.188,192.422,178.154,172.334,164.242,155.874,149.975,145.685,142.443,138.733,2346
15,11.0,548.124,406.914,345.326,309.172,285.337,267.445,253.368,233.668,226.653,215.601,203.658,195.363,189.842,185.449,181.735,2049
15,11.5,734.499,542.418,461.834,413.557,381.936,357.893,340.556,315.045,305.058,290.618,276.232,265.822,258.715,251.474,246.627,1523
15,12.0,1039.615,765.626,650.421,581.334,535.034,501.148,474.945,439.978,425.766,404.13,380.578,363.386,354.842,344.532,335.206,1078
15,12.5,1525.709,1129.867,950.866,852.625,786.821,732.267,693.408,633.796,613.327,580.203,542.458,518.877,503.316,482.773,465.589,745
15,13.0,2246.504,1663.014,1405.913,1266.727,1160.266,1092.401,1039.271,955.042,924.673,877.325,822.074,780.451,754.28,727.281,702.429,733
15,13.5,3266.043,2453.466,2093.566,1866.871,1723.661,1624.634,1539.939,1411.012,1374.875,1304.875,1211.16,1153.686,1118.408,1081.256,1045.68,635
15,14.0,5469.63,4066.761,3466.604,3102.038,2878.27,2700.24,2606.045,2400.543,2298.279,2151.924,2043.113,1946.306,1879.75,1818.925,1770.938,368
15,14.5,8896.676,6557.835,5734.059,5259.858,4958.839,4598.505,4301.468,3983.988,3839.69,3572.186,3331.486,3126.188,3052.245,2944.144,2865.9,197
15,15.0,12983.614,9684.965,8589.358,7793.234,7225.298,6648.823,6322.947,5690.968,5455.84,5341.204,4971.334,4658.129,4426.717,4204.386,4013.662,105
15,15.5,23094.637,17548.641,15491.856,13615.727,12515.444,11769.59,11247.437,10535.429,10278.85,9605.434,8771.376,8554.675,8399.474,8234.725,8008.054,79
15,16.0,30642.625,22361.568,19875.552,17623.114,16243.271,15185.283,14336.38,13181.268,12844.412,12340.122,11755.358,11257.234,10884.18,10483.253,10129.524,92
15,16.5,47516.498,35020.783,29369.806,25928.142,23660.404,21985.172,20550.866,18764.214,17946.782,16604.183,15448.193,14510.389,14028.915,13552.626,13143.856,92
15,17.0,64344.554,46962.256,39763.84,35473.127,32802.992,30610.374,28908.696,26372.44,25275.368,23874.03,21993.225,20430.802,19415.457,18674.946,17801.188,104
15,17.5,98763.036,72345.851,60462.886,53256.988,48742.636,45349.159,42215.932,37688.836,36378.084,34342.736,32164.141,30688.497,29452.141,27160.796,25499.033,64
16,3.0,50.021,47.912,48.649,49.138,49.481,50.343,52.928,56.098,57.142,59.241,62.645,65.348,68.791,71.625,75.319,17
16,3.5,54.102,58.656,66.7,67.412,66.461,66.851,69.008,69.488,70.512,71.676,74.27,77.118,79.962,82.944,86.155,28
16,4.0,50.583,50.748,57.806,61.802,62.588,64.727,66.67,68.142,69.637,71.998,76.244,79.623,80.412,84.13,88.544,46
16,4.5,62.415,62.606,64.37,67.622,69.124,68.459,70.348,73.67,74.881,77.806,82.146,85.468,88.11,91.493,95.584,94
16,5.0,77.217,74.366,76.174,80.284,80.864,82.966,86.583,89.516,89.49,90.259,94.57,96.431,99.448,102.654,107.655,127
16,5.5,79.102,73.533,77.752,81.92,83.325,83.51,86.918,91.057,92.229,93.947,97.243,100.2,102.035,104.44,106.171,241
16,6.0,80.864,77.195,79.848,80.456,82.492,84.915,90.009,90.535,92.17,94.812,100.296,102.788,104.406,108.929,113.263,235
16,6.5,91.501,77.246,72.214,70.2,69.146,67.464,66.047,64.242,65.558,67.898,71.485,71.467,70.893,70.381,69.047,127
16,7.0,101.753,84.277,77.472,74.147,72.983,70.867,72.186,66.682,64.434,62.603,61.619,62.939,64.121,65.316,64.649,219
16,7.5,119.154,93.806,83.406,78.759,75.097,73.171,71.95,67.85,66.782,66.612,64.882,65.291,63.595,63.452,62.542,363
16,8.0,150.647,126.11,118.845,116.742,117.986,119.595,120.055,122.377,123.382,124.759,126.804,127.54,127.476,128.399,129.232,1229
16,8.5,172.588,140.088,128.673,123.632,122.405,121.414,120.505,117.944,117.833,117.581,117.74,116.764,115.53,113.306,112.618,1458
16,9.0,205.161,155.64,134.218,122.274,114.616,108.815,104.82,98.244,95.48,91.882,88.49,86.124,82.634,80.576,78.41,1564
16,9.5,254.43,189.16,160.828,144.048,132.514,124.208,118.222,109.206,105.998,100.824,94.898,91.086,88.391,85.516,83.197,1834
16,10.0,320.372,236.548,199.582,177.754,163.172,152.202,143.89,131.803,127.239,119.98,112.649,107.392,103.866,100.224,97.03,2178
16,10.5,410.698,300.996,253.282,224.217,204.46,190.251,179.735,163.958,158.206,148.785,139.072,132.456,127.633,122.826,118.818,2331
16,11.0,534.93,392.292,331.921,294.71,270.072,251.148,237.085,216.782,208.919,196.224,182.882,174.16,167.954,162.498,156.57,2024
16,11.5,711.963,521.428,439.988,391.809,359.277,335.219,316.696,289.736,279.155,262.72,244.996,233.292,224.477,215.48,207.458,1509
16,12.0,994.609,729.755,610.468,541.443,495.255,462.06,435.646,396.6,382.899,361.342,337.927,318.925,306.057,294.608,283.466,1073
16,12.5,1481.936,1088.705,910.796,805.634,736.598,684.775,649.76,589.228,566.351,531.976,494.945,469.602,451.455,433.063,411.456,773
16,13.0,2169.269,1597.916,1342.118,1188.359,1079.925,1005.294,948.55,861.408,826.681,777.138,727.499,690.554,661.942,629.98,602.453,724
16,13.5,3072.517,2269.32,1924.869,1709.114,1557.57,1452.584,1371.557,1257.578,1207.058,1130.758,1059.217,991.665,946.679,896.523,845.872,571
16,14.0,4834.456,3551.127,3067.749,2759.526,2498.902,2340.694,2216.988,2026.944,1952.114,1828.348,1677.25,1590.604,1533.925,1459.758,1391.166,394
16,14.5,7358.858,5408.578,4659.805,4228.527,3899.469,3679.646,3452.575,3157.768,3055.265,2856.322,2705.828,2572.104,2438.242,2310.642,2186.647,225
16,15.0,11342.948,8514.816,7079.527,6229.736,5743.586,5357.144,5100.555,4582.304,4407.608,4100.783,3786.142,3570.358,3345.744,3176.566,3084.689,110
16,15.5,17860.369,13604.066,12399.018,11639.011,10738.339,9973.797,9328.277,8349.46,8016.354,7471.395,6857.718,6392.521,6028.264,5653.058,5446.762,73
16,16.0,28413.959,20941.588,17537.148,15088.942,13689.821,12686.212,12300.36,11054.689,10557.295,9790.576,9059.936,8449.665,7944.483,7416.764,7084.051,93
16,16.5,44164.66,32547.262,27010.166,23724.09,21552.766,19985.91,18778.8,16919.518,16327.204,15106.74,14074.628,13359.662,12775.954,12114.922,11426.808,94
16,17.0,63617.121,45238.551,38469.449,33982.859,30922.941,28708.758,27111.941,24188.639,23325.268,22096.605,20311.381,19180.477,18239.393,17228.328,16283.456,105
16,17.5,96357.312,70746.555,58491.629,50832.484,44722.07,40910.383,38008.324,34712.723,33407.602,30618.006,28249.438,26355.801,25058.639,23951.131,22515.518,83
16,18.0,164061.102,120064.184,99388.664,88081.48,80627.672,74837.699,70338.797,63382.244,60620.379,56047.008,50804.278,46831.781,43757.852,40670.123,37845.869,10
17,3.0,53.65,56.937,59.384,63.89,67.602,70.526,74.265,78.786,79.544,81.693,86.138,90.0,92.777,97.106,102.191,12
17,3.5,54.095,59.176,66.948,71.975,69.08,71.957,75.613,79.591,81.423,83.466,85.191,87.529,91.006,93.895,97.757,21
17,4.0,56.556,56.89,62.241,62.071,65.21,67.923,71.006,73.989,74.948,76.509,78.542,80.456,84.402,88.422,88.45,53
17,4.5,58.44,59.383,65.964,70.423,70.097,72.862,74.101,76.797,77.935,80.826,85.686,87.163,88.217,90.136,92.683,103
17,5.0,79.823,79.687,85.963,87.282,90.815,93.997,94.745,97.592,98.618,100.092,104.774,107.082,110.015,112.435,118.237,145
17,5.5,82.274,79.898,82.816,86.728,88.717,91.49,94.827,97.32,98.315,100.325,103.825,107.348,109.633,112.442,114.398,269
17,6.0,89.248,82.693,84.81,86.681,89.77,93.176,97.761,100.043,101.08,103.89,107.739,109.282,112.153,115.246,117.146,251
17,6.5,98.189,82.388,77.882,75.484,74.028,72.448,71.754,73.614,73.867,73.924,74.222,77.248,75.606,77.684,78.695,138
17,7.0,108.986,87.602,79.225,74.667,72.62,72.011,71.235,70.834,70.238,68.894,68.82,66.514,64.881,66.104,67.426,232
17,7.5,122.438,96.393,86.369,81.876,78.72,77.085,75.678,75.062,73.754,71.583,71.774,70.793,68.343,68.082,66.594,342
17,8.0,154.492,129.782,123.801,123.386,125.216,127.326,129.356,131.863,133.848,135.771,139.105,139.905,139.33,139.962,139.445,1347
17,8.5,176.382,143.022,132.349,127.617,126.401,125.696,125.733,123.388,122.523,121.822,119.439,118.052,115.764,116.586,114.648,1505
17,9.0,205.874,156.335,135.865,123.919,118.004,112.8,108.309,101.614,99.13,95.422,91.892,89.426,87.417,86.036,83.622,1508
17,9.5,254.579,189.741,162.303,146.0,135.861,128.114,121.82,113.235,109.91,104.409,98.731,94.656,92.24,90.014,88.299,1841
17,10.0,319.129,236.819,200.772,178.583,164.81,154.534,146.586,134.22,129.719,123.346,116.242,111.539,107.544,104.767,102.097,2184
17,10.5,406.989,299.572,252.906,224.667,206.035,192.491,181.701,166.283,160.506,151.579,142.52,135.742,131.4,127.061,123.839,2277
17,11.0,521.173,384.484,324.384,287.562,262.992,245.512,231.537,211.122,203.809,191.77,179.606,171.24,165.122,159.664,154.488,1890
17,11.5,688.287,506.406,423.201,374.324,342.352,317.892,299.941,273.861,264.112,248.288,233.232,221.436,213.618,206.682,199.708,1463
17,12.0,951.409,693.232,581.495,514.087,468.437,435.7,412.353,377.828,364.669,343.503,321.73,306.844,295.437,284.723,276.39,993
17,12.5,1440.312,1062.99,895.382,789.8,718.607,665.008,625.262,567.206,546.691,515.666,480.126,453.03,436.285,420.638,404.314,782
17,13.0,2110.724,1553.041,1309.61,1157.692,1056.641,981.784,922.704,836.901,803.326,750.774,697.382,660.404,635.105,605.643,579.504,778
17,13.5,3116.46,2310.648,1974.403,1754.133,1603.858,1494.266,1410.514,1275.288,1226.245,1145.25,1057.548,993.434,952.184,909.639,880.471,590
17,14.0,4915.736,3641.188,3125.758,2777.95,2593.788,2432.313,2305.547,2106.034,2061.008,1955.495,1793.456,1679.442,1590.635,1497.736,1423.079,402
17,14.5,7472.95,5535.079,4723.983,4295.014,3908.951,3598.219,3394.394,3032.442,2909.227,2708.632,2509.875,2378.704,2265.531,2147.673,2083.202,223
17,15.0,12463.569,9508.407,8385.094,7400.84,6775.302,6282.716,5911.299,5466.65,5250.075,4872.015,4435.622,4095.494,3863.371,3687.765,3538.199,119
17,15.5,19370.627,15309.177,13150.38,11435.915,10198.546,9876.299,9252.658,8337.047,7903.728,7392.717,6701.386,6184.786,5855.235,5438.529,5136.283,75
17,16.0,27112.322,19581.074,16485.574,14502.097,13087.96,12214.912,11664.42,10754.573,9997.766,9256.373,8730.209,8427.02,7889.635,7462.367,7212.326,93
17,16.5,41319.508,31204.23,26574.637,23667.742,21788.107,20064.801,18681.67,16917.275,16115.184,14923.87,13672.656,13049.337,12491.998,12011.844,11393.593,101
17,17.0,61038.254,45163.684,37839.109,33498.039,30476.551,27713.926,25781.977,23065.908,21947.707,20563.078,19029.172,17993.684,17221.859,16308.993,15605.64,111
17,17.5,90777.258,66345.406,55608.574,49281.828,44450.758,40857.289,38468.766,34946.453,33351.125,31203.586,28629.754,26781.541,25158.877,24033.412,23180.1,83
17,18.0,165947.375,119187.203,100827.492,88755.844,77637.305,72176.25,68004.875,62070.648,59895.371,56557.223,53673.816,51806.859,50251.879,47669.188,46298.051,13
18,3.0,62.149,68.443,72.178,77.172,78.649,78.288,78.609,80.301,81.68,84.72,89.53,93.498,97.455,103.137,100.626,15
18,3.5,48.902,49.242,51.442,53.45,55.466,57.286,59.418,62.491,63.764,66.772,70.503,73.839,77.336,81.334,86.031,20
18,4.0,49.728,54.805,58.633,63.076,62.732,62.271,64.31,68.617,70.068,71.89,75.573,78.835,81.555,85.297,89.481,47
18,4.5,57.403,54.264,56.506,59.839,61.522,63.402,66.884,69.06,70.162,72.162,75.496,78.292,81.452,84.47,88.437,82
18,5.0,72.108,70.341,70.936,75.492,77.46,79.884,82.135,86.87,88.575,91.368,95.264,98.322,99.709,103.866,107.559,156
18,5.5,75.752,70.067,72.777,76.263,78.246,81.077,83.362,88.723,88.619,90.603,94.733,97.895,100.896,104.515,107.825,269
18,6.0,80.158,75.589,78.463,80.107,80.64,84.388,89.126,93.004,93.977,96.947,100.42,102.906,103.153,106.857,109.14,258
18,6.5,96.342,83.346,77.362,77.333,77.815,78.828,79.812,81.146,81.932,84.742,85.691,87.476,89.303,90.786,87.932,138
18,7.0,107.224,89.026,83.046,78.704,76.744,75.678,75.903,75.482,75.084,74.114,75.0,75.468,74.748,73.325,75.579,217
18,7.5,120.076,96.144,87.471,82.836,81.487,80.373,79.434,75.899,74.806,74.279,75.832,75.944,76.879,79.177,81.017,353
18,8.0,150.432,126.103,119.048,117.457,118.679,120.189,121.885,126.484,128.388,131.781,133.936,133.916,133.568,134.722,138.16,1351
18,8.5,170.105,137.987,126.584,119.817,118.013,116.961,115.971,113.128,112.692,112.685,113.825,113.805,113.448,114.988,114.938,1485
18,9.0,206.579,158.92,139.985,129.214,122.722,118.255,114.459,109.382,107.605,104.752,102.84,102.125,101.094,100.129,99.749,1523
18,9.5,251.565,190.213,163.613,147.759,138.279,131.084,125.656,117.69,115.265,111.324,106.755,104.507,103.471,102.447,101.511,1805
18,10.0,316.042,235.748,201.527,181.236,168.17,158.877,151.26,141.278,137.54,131.823,126.2,122.762,119.737,117.744,116.052,2002
18,10.5,404.969,300.553,255.477,228.232,210.192,197.075,187.303,173.069,167.768,159.7,151.284,145.953,142.348,139.607,137.747,2231
18,11.0,517.538,382.599,324.32,289.725,266.667,249.822,237.169,218.411,211.735,200.259,189.907,183.125,178.241,174.576,171.972,1835
18,11.5,688.19,508.077,431.941,384.602,353.666,331.329,313.359,289.857,281.393,267.951,254.095,244.741,238.509,232.758,228.625,1465
18,12.0,967.055,716.464,605.829,540.856,499.209,468.36,444.534,408.81,396.707,377.384,357.569,344.684,335.216,326.681,321.475,1039
18,12.5,1434.601,1070.417,902.43,802.395,741.783,692.677,654.615,602.845,581.106,547.698,516.094,490.516,475.191,458.776,447.175,815
18,13.0,2096.606,1561.078,1321.601,1184.889,1083.422,1015.876,968.148,890.53,859.533,812.798,766.136,733.564,708.376,684.081,668.368,865
18,13.5,3034.464,2233.81,1920.981,1704.352,1559.663,1456.275,1374.213,1270.104,1226.914,1158.264,1074.032,1027.836,988.69,954.294,921.138,680
18,14.0,4818.198,3590.531,3058.942,2725.664,2510.006,2356.448,2224.884,2029.006,1955.032,1853.06,1736.262,1656.705,1593.127,1539.214,1489.468,448
18,14.5,7255.905,5499.387,4686.442,4163.356,3802.807,3615.946,3404.134,3124.078,3040.958,2853.464,2633.627,2507.586,2429.112,2334.152,2255.675,262
18,15.0,11803.292,8650.278,7286.724,6461.579,5949.382,5477.829,5219.669,4729.413,4582.454,4301.292,4104.046,3886.72,3608.656,3356.051,3286.008,131
18,15.5,18711.531,14306.722,12225.264,11461.338,10630.334,9831.194,9198.915,8431.342,8381.784,8427.028,7918.605,7371.627,6967.143,7031.531,6759.746,67
18,16.0,27054.707,20489.311,17072.096,14959.786,13425.398,12376.742,11578.198,10387.726,9988.822,9379.278,8746.855,8258.516,7988.796,7746.79,7466.15,88
18,16.5,41895.012,30934.779,26110.34,23273.506,21252.453,20017.383,18770.393,16898.545,16168.396,15071.616,13964.504,12985.199,12548.895,12002.889,11343.763,113
18,17.0,63238.572,46112.84,38806.648,35108.711,32813.984,30568.646,28704.995,26038.596,25010.156,23622.332,22033.814,20706.111,19691.638,18885.294,18248.184,104
18,17.5,95386.699,70927.398,60626.35,52990.332,48964.69,45439.203,42529.614,38110.062,36427.877,33886.746,31649.01,29942.114,28889.264,27417.554,25899.326,68
18,18.0,253692.484,183335.766,152428.859,132790.281,118563.039,109535.047,102784.367,91659.914,86755.422,78918.898,70320.273,64154.695,59586.41,55167.832,52503.441,17
19,3.0,32.975,37.293,41.71,46.395,44.94,46.437,48.208,51.594,52.382,54.419,57.383,60.204,62.982,65.826,69.754,13
19,3.5,38.835,40.042,46.306,51.752,52.454,52.604,54.669,55.815,57.738,60.814,64.655,67.867,69.45,72.62,76.381,19
19,4.0,49.084,47.091,51.704,55.287,56.368,57.512,60.055,63.108,63.265,65.408,68.31,71.504,72.864,76.084,80.196,44
19,4.5,62.453,61.938,66.657,71.292,72.158,74.044,77.013,80.856,81.828,85.29,88.236,90.948,93.974,95.601,96.403,88
19,5.0,73.251,72.122,73.758,76.072,77.943,80.07,83.329,86.791,86.938,89.582,94.171,95.162,97.306,100.114,103.811,139
19,5.5,77.525,75.003,77.016,82.983,85.008,89.576,92.111,94.915,95.682,97.502,102.2,104.524,104.874,107.081,111.652,241
19,6.0,82.663,76.154,80.462,82.403,84.91,87.807,90.834,95.668,96.376,97.287,102.292,102.92,104.217,107.511,111.145,237
19,6.5,90.684,76.575,68.367,67.255,67.01,67.384,67.035,65.732,65.406,65.568,68.364,69.683,68.933,70.682,71.282,117
19,7.0,101.643,82.183,73.084,67.964,65.604,63.743,62.659,62.08,60.908,58.08,57.256,57.554,57.914,59.936,58.654,184
19,7.5,117.751,92.694,83.486,76.254,73.202,71.136,69.374,67.93,67.404,67.518,65.882,65.285,66.284,67.528,65.149,330
19,8.0,152.103,128.782,121.746,119.542,120.734,122.809,125.344,127.187,128.594,129.189,130.298,131.04,130.87,131.362,130.555,1300
19,8.5,171.307,139.005,127.21,121.773,119.302,119.316,118.997,117.424,115.898,114.527,112.34,112.279,111.044,110.674,110.402,1366
19,9.0,203.114,154.473,134.42,122.079,115.22,109.453,105.514,100.379,98.481,95.847,92.783,90.339,88.169,86.103,84.322,1491
19,9.5,248.72,185.091,157.141,140.835,129.799,121.89,116.089,107.287,103.947,99.122,93.741,90.128,87.429,85.099,82.565,1745
19,10.0,312.629,230.938,194.952,173.09,158.517,148.186,140.472,129.089,124.618,118.145,110.244,104.851,101.486,98.532,95.142,2024
19,10.5,398.503,292.764,246.471,218.113,198.774,184.796,173.914,158.188,152.21,143.352,133.218,126.308,121.79,117.071,112.649,2206
19,11.0,518.502,379.816,318.996,282.067,257.74,239.048,225.421,205.033,197.76,185.32,172.755,163.884,157.32,150.456,145.034,1856
19,11.5,684.539,503.945,424.211,374.989,341.933,317.179,298.889,270.791,261.262,245.451,229.034,216.577,207.643,199.293,192.916,1433
19,12.0,953.191,694.128,582.166,514.174,467.903,435.667,408.124,368.567,355.401,333.155,310.14,293.372,280.536,268.27,257.587,987
19,12.5,1433.348,1044.742,875.547,772.19,701.702,649.668,611.234,554.591,531.784,496.414,458.796,432.798,411.887,387.076,364.842,908
19,13.0,2105.17,1543.775,1296.869,1148.048,1040.281,962.481,906.824,821.996,789.565,741.614,681.983,641.91,610.028,578.282,545.624,1020
19,13.5,2972.335,2190.67,1855.983,1640.073,1495.875,1383.168,1296.228,1174.814,1130.469,1051.48,968.882,907.796,857.042,810.277,765.371,822
19,14.0,4632.509,3378.116,2905.731,2577.868,2337.776,2167.802,2038.657,1850.302,1795.165,1680.505,1545.394,1446.232,1363.044,1286.662,1203.666,511
19,14.5,7140.475,5236.417,4439.169,3918.876,3523.19,3292.722,3071.688,2802.502,2677.757,2456.757,2244.609,2112.855,1996.111,1871.737,1762.221,273
19,15.0,11419.531,8509.178,7208.304,6378.068,5767.356,5325.055,4993.405,4516.32,4318.394,4001.465,3674.484,3438.126,3228.187,3016.97,2865.354,142
19,15.5,18670.91,13998.072,12450.257,10952.788,10056.406,9241.999,8639.15,7724.797,7466.812,7053.479,6514.931,6063.938,5799.356,5503.976,5193.395,77
19,16.0,26835.24,19932.076,16860.107,14625.761,13279.923,12248.347,11470.221,10258.984,9935.967,9438.102,8608.45,8154.329,7689.721,7156.527,6718.601,93
19,16.5,43323.355,31957.137,26624.338,23554.602,20621.383,18838.881,17625.023,16123.232,15379.885,14098.402,13088.541,12480.144,11986.213,11336.59,10620.522,97
19,17.0,68494.207,49709.144,41235.795,36145.756,33182.217,30862.934,28868.352,26015.989,25035.463,23438.22,21526.936,20117.085,19165.876,18223.287,16854.846,122
19,17.5,88039.164,62963.742,52133.504,45454.105,40829.719,37497.598,35344.922,32281.812,31100.209,29100.201,26817.654,25242.643,24067.203,22422.502,20830.537,59
19,18.0,245053.172,182720.891,153883.312,135545.918,121760.82,112189.793,104716.878,93721.438,89598.687,83158.707,76393.606,71579.782,67541.536,61748.752,56454.056,16
20,3.0,29.146,29.227,33.76,37.743,39.284,40.427,42.49,45.236,46.07,47.628,50.346,52.603,53.455,54.398,55.805,10
20,3.5,35.849,39.492,45.875,51.1,52.789,54.413,56.394,59.432,61.245,63.79,63.48,63.07,65.896,69.104,72.875,23
20,4.0,42.913,44.46,49.91,51.801,54.71,58.329,60.918,64.232,64.661,66.476,70.548,71.882,73.919,77.035,80.148,36
20,4.5,52.521,52.559,53.717,58.2,59.778,61.419,62.155,65.592,68.096,70.242,74.232,77.313,79.599,83.254,87.022,77
20,5.0,77.508,74.622,76.054,76.746,78.94,81.15,84.176,87.612,88.118,90.684,93.904,96.616,98.122,100.43,103.78,118
20,5.5,71.387,67.775,73.255,74.618,75.377,80.016,82.813,86.068,87.025,89.563,93.345,96.143,98.241,102.115,106.465,191
20,6.0,80.062,76.993,81.605,81.148,82.815,84.583,87.777,93.314,93.792,97.978,102.852,106.171,107.493,110.453,111.92,193
20,6.5,89.378,73.234,66.129,64.223,63.366,62.417,61.35,59.609,61.018,64.192,63.61,63.362,62.128,63.348,63.394,130
20,7.0,96.624,78.812,70.882,67.022,64.742,63.784,63.457,61.467,60.847,59.36,57.2,57.826,58.432,60.329,58.58,236
20,7.5,112.73,88.88,77.676,71.914,68.168,66.1,64.634,62.332,61.514,60.129,58.957,56.04,55.211,55.934,55.624,374
20,8.0,145.542,120.449,113.264,111.228,110.506,110.886,111.297,114.121,114.581,115.548,116.515,115.666,115.707,116.29,116.378,1267
20,8.5,166.184,132.503,120.393,114.607,112.042,110.051,108.866,106.661,106.356,105.324,104.752,103.055,102.289,101.701,101.733,1593
20,9.0,200.444,150.534,129.332,117.081,109.548,103.941,99.599,93.203,91.047,87.533,83.448,81.424,79.703,77.525,75.843,1743
20,9.5,246.905,182.665,154.51,137.712,126.634,118.23,111.644,102.265,98.624,93.429,87.884,84.104,81.184,78.921,76.202,2157
20,10.0,311.282,228.97,191.837,170.063,155.198,144.404,135.944,123.604,119.376,112.39,104.736,99.586,95.922,92.116,89.332,2448
20,10.5,398.704,290.737,243.672,215.094,195.116,180.691,169.492,153.897,147.95,138.64,128.954,122.13,117.394,112.602,108.162,2506
20,11.0,511.744,372.638,311.626,275.451,251.274,232.952,218.06,197.005,188.975,176.23,163.26,154.422,147.852,141.746,135.714,2024
20,11.5,673.418,490.408,411.342,364.597,329.88,305.109,286.78,259.391,249.664,233.979,215.904,203.28,193.902,185.52,176.866,1358
20,12.0,910.043,659.151,550.003,483.435,437.019,404.619,379.35,341.322,328.395,307.006,281.727,263.675,251.627,238.925,227.154,855
20,12.5,1319.454,957.186,796.937,703.519,634.448,585.068,546.281,490.016,470.319,439.072,400.28,375.172,355.835,335.209,316.671,563
20,13.0,1828.621,1334.747,1117.858,984.659,892.158,822.696,768.899,693.466,662.689,613.571,564.838,523.15,497.934,468.726,438.982,518
20,13.5,2586.986,1893.523,1573.779,1386.088,1256.635,1158.92,1083.345,971.068,927.482,861.092,785.758,726.523,683.096,643.924,605.424,433
20,14.0,3862.669,2819.8,2376.062,2113.87,1933.673,1795.097,1684.155,1521.732,1450.16,1335.209,1220.711,1141.195,1069.878,1017.548,954.866,266
20,14.5,5890.913,4323.827,3614.036,3223.422,2908.128,2663.151,2489.504,2225.048,2129.57,1992.377,1816.525,1698.01,1612.379,1497.286,1400.0,168
20,15.0,8998.471,6522.521,5452.856,4758.703,4326.557,3991.377,3699.244,3313.124,3160.418,2914.124,2653.442,2473.159,2327.298,2175.732,2019.559,134
20,15.5,13952.824,10082.808,8430.54,7309.192,6527.983,5971.985,5596.921,5082.841,4874.628,4521.604,4089.532,3770.186,3595.186,3366.35,3150.488,80
20,16.0,22725.166,16765.559,13972.259,12228.537,11082.147,10149.319,9463.56,8451.577,8059.416,7396.299,6827.936,6339.615,5954.419,5549.891,5106.431,111
20,16.5,36916.746,26224.447,21808.922,19145.377,17364.883,15896.183,14788.074,13329.715,12672.637,11683.664,10484.985,9625.213,9064.785,8452.974,7920.457,99
20,17.0,56116.094,40109.59,33045.184,28987.74,26104.461,24097.24,22507.49,20124.73,19093.768,17736.992,16496.176,15167.384,14202.795,13241.567,12407.544,123
20,17.5,81348.144,58862.434,48044.522,42382.365,38119.133,35011.172,32622.986,28907.529,27576.558,25360.278,22950.596,21272.166,20181.213,18982.151,17877.866,106
20,18.0,147782.196,105166.008,86273.074,74996.718,67431.028,61680.465,57443.094,51299.972,49006.166,45480.125,41995.207,39586.373,37638.523,35640.146,33761.952,14
21,3.0,39.683,38.055,42.264,46.18,47.402,49.055,51.108,52.909,53.015,52.856,53.302,54.597,56.113,58.339,61.149,14
21,3.5,41.286,43.772,48.69,52.573,55.269,58.322,60.522,63.514,65.338,67.676,70.566,70.193,69.168,69.796,72.363,16
21,4.0,50.202,52.196,61.74,67.784,70.32,72.724,75.541,76.658,78.071,80.786,83.223,85.773,88.011,91.941,96.858,37
21,4.5,55.229,51.989,57.794,63.052,64.657,68.926,71.492,73.645,75.337,76.066,80.841,84.34,88.231,88.244,91.642,61
21,5.0,67.815,67.643,71.113,75.04,77.495,79.738,82.589,86.622,87.835,90.371,94.376,97.936,101.313,105.01,109.508,104
21,5.5,74.535,71.17,74.992,77.112,77.74,80.418,83.992,88.773,90.328,93.058,98.29,101.164,102.174,103.842,106.478,170
21,6.0,81.974,75.403,76.87,80.107,83.9,87.308,91.764,97.762,98.296,101.524,105.079,108.078,109.107,112.196,112.547,160
21,6.5,97.463,81.104,73.322,68.614,66.603,67.891,68.621,68.917,70.263,69.258,73.937,75.418,73.155,70.708,70.34,121
21,7.0,101.406,80.91,73.215,69.284,66.088,63.719,62.752,58.915,57.446,55.311,55.504,54.524,56.133,57.492,56.917,231
21,7.5,116.042,90.953,81.14,75.248,72.395,70.478,68.982,67.092,66.498,64.334,62.344,61.719,60.848,59.637,58.622,360
21,8.0,148.019,121.56,113.898,110.785,111.556,110.911,111.392,112.769,111.183,113.885,116.057,115.409,114.871,114.924,117.028,1021
21,8.5,169.144,135.534,123.194,117.012,113.852,110.254,108.532,107.273,108.277,106.553,107.031,106.918,106.476,107.022,108.202,1482
21,9.0,201.921,152.312,131.081,119.192,110.872,105.09,100.875,94.445,92.509,88.459,84.085,81.438,79.428,78.246,76.875,1738
21,9.5,248.407,183.992,156.103,139.403,128.097,120.042,113.435,104.112,100.608,95.357,90.055,86.497,83.872,81.234,78.955,2187
21,10.0,313.654,229.625,193.671,172.04,157.18,146.282,137.976,126.248,121.974,114.985,107.341,101.946,98.232,94.889,91.886,2433
21,10.5,401.254,293.47,246.349,217.731,198.249,184.058,173.161,157.21,151.209,141.877,131.702,125.166,120.311,115.209,111.164,2571
21,11.0,516.349,376.526,315.792,278.34,252.832,234.363,220.563,200.503,192.752,180.614,167.84,158.779,152.014,145.07,139.224,2238
21,11.5,677.983,494.428,413.562,366.282,333.168,308.566,290.41,264.044,253.946,238.71,221.404,209.206,200.166,191.374,184.079,1464
21,12.0,918.358,665.028,558.352,494.128,449.943,415.567,390.711,352.784,338.19,315.838,294.105,277.037,263.496,250.187,239.083,859
21,12.5,1332.003,964.268,805.824,707.008,643.33,595.141,557.842,502.088,480.664,447.066,410.451,384.356,364.323,344.196,327.155,570
21,13.0,1838.963,1346.367,1126.378,988.384,898.99,831.852,780.002,702.648,673.729,626.728,574.778,535.644,507.648,479.574,452.221,586
21,13.5,2617.914,1907.009,1606.048,1416.264,1277.495,1179.032,1104.921,995.894,957.392,890.271,811.682,761.529,721.94,678.791,641.817,469
21,14.0,3849.462,2858.179,2413.003,2157.769,1980.09,1847.58,1739.325,1562.848,1503.754,1411.734,1301.182,1220.804,1135.699,1083.664,1020.37,259
21,14.5,5940.348,4396.845,3698.848,3325.925,3017.518,2795.011,2593.658,2328.949,2240.085,2102.65,1944.936,1831.098,1708.912,1612.144,1508.632,178
21,15.0,8673.735,6280.756,5220.866,4560.826,4164.418,3862.378,3603.979,3260.428,3120.939,2897.373,2665.99,2507.226,2366.515,2245.172,2109.586,133
21,15.5,15316.54,11199.36,9343.604,8289.746,7552.69,6952.609,6524.02,5865.075,5618.691,5239.262,4833.085,4522.13,4273.754,4021.855,3761.459,90
21,16.0,22921.026,16792.078,13926.6,12268.528,10962.676,10120.502,9485.254,8557.742,8179.37,7580.469,6981.56,6647.861,6216.385,5853.496,5586.203,84
21,16.5,32686.662,23607.027,19494.434,17035.332,15358.513,14096.03,13192.898,11902.261,11405.104,10585.876,9701.681,9029.928,8484.365,7824.525,7211.48,87
21,17.0,52465.468,38459.135,31973.652,27895.354,24743.324,22851.106,21188.258,18949.658,18029.58,16595.819,15154.339,13997.298,13173.59,12376.61,11532.493,114
21,17.5,77431.758,55736.105,46531.027,40166.941,36370.926,33464.633,31363.623,27550.449,26208.865,24188.006,22376.258,21093.605,19851.939,18584.625,17412.463,91
21,18.0,137102.781,100280.008,82084.148,71665.281,64963.801,59679.641,55577.664,49391.586,47035.473,43216.324,38913.902,35678.645,33148.387,30472.568,27904.57,17
22,3.0,36.714,40.142,46.0,51.77,53.978,56.171,57.805,58.576,59.984,60.957,63.013,65.163,66.381,69.472,73.306,12
22,3.5,53.286,52.749,54.426,63.268,64.7,65.265,64.013,67.319,70.456,74.444,79.412,83.265,86.941,91.577,96.609,17
22,4.0,45.512,46.404,54.066,59.486,61.82,62.419,64.758,67.374,68.729,71.238,73.742,75.633,77.45,79.443,81.047,36
22,4.5,64.748,61.333,65.605,68.057,72.093,73.531,76.957,82.031,83.394,86.12,90.263,93.113,95.61,97.67,101.116,63
22,5.0,64.43,65.064,69.255,71.143,70.903,73.186,76.839,79.914,80.099,81.413,85.485,87.658,89.824,92.927,96.967,79
22,5.5,73.072,72.261,78.812,83.236,86.104,89.588,91.852,96.465,97.009,98.273,101.719,104.374,106.552,109.435,113.162,152
22,6.0,79.589,74.266,74.952,76.294,76.839,80.084,82.511,86.482,88.616,92.475,97.854,101.428,103.81,107.384,109.296,162
22,6.5,95.904,76.249,71.985,69.331,68.688,65.466,64.788,61.68,60.897,62.619,63.022,62.148,62.444,61.417,62.674,119
22,7.0,101.666,83.319,75.513,72.683,70.525,69.922,67.968,67.029,66.93,67.073,64.749,63.182,62.351,61.934,61.167,210
22,7.5,116.551,91.226,81.342,76.035,72.369,70.288,69.04,66.562,65.024,63.838,61.716,61.538,61.6,60.044,59.777,365
22,8.0,144.761,117.175,108.458,106.213,105.382,105.513,105.373,104.226,104.82,106.457,107.072,105.231,104.075,104.653,103.708,957
22,8.5,167.938,133.155,120.284,114.02,109.568,106.616,104.579,101.478,100.15,99.393,99.332,97.803,98.143,98.758,97.774,1410
22,9.0,201.708,152.73,131.367,118.845,111.173,105.208,100.532,93.941,91.524,87.678,83.265,80.814,79.144,77.072,75.267,1692
22,9.5,249.045,184.827,156.549,139.966,128.868,120.781,114.66,105.454,102.131,96.242,90.949,87.259,84.424,82.13,79.622,2109
22,10.0,313.608,230.773,194.817,172.984,158.164,147.283,138.95,126.689,122.312,115.332,107.84,102.368,98.676,95.356,92.418,2418
22,10.5,401.06,293.642,246.387,218.344,199.375,185.072,174.199,158.672,152.513,143.168,133.37,127.077,122.612,118.477,114.641,2583
22,11.0,516.973,380.036,319.262,283.816,259.046,240.21,226.215,205.958,198.578,186.257,172.952,164.528,158.845,152.905,148.135,2250
22,11.5,674.378,494.542,415.207,366.418,333.364,309.286,290.488,263.774,253.86,238.778,223.559,212.558,204.724,197.39,190.533,1532
22,12.0,909.91,661.735,555.976,490.827,446.649,414.286,389.098,351.793,338.168,316.671,294.451,277.819,265.966,254.305,243.837,959
22,12.5,1331.393,967.198,812.751,713.543,652.633,604.228,565.076,509.998,490.797,461.299,425.004,399.091,381.602,361.236,345.106,629
22,13.0,1866.494,1355.88,1136.967,1003.044,916.413,850.194,798.469,723.344,695.09,648.049,600.983,565.096,541.816,513.665,490.079,587
22,13.5,2601.62,1893.085,1587.213,1405.069,1282.961,1197.588,1127.754,1024.668,984.686,923.406,858.237,810.16,778.416,741.746,705.49,478
22,14.0,3942.906,2892.266,2442.458,2178.232,1990.641,1845.964,1733.52,1572.06,1506.071,1394.455,1274.86,1205.384,1146.018,1087.646,1030.427,315
22,14.5,5814.557,4218.05,3531.22,3126.177,2811.696,2580.706,2434.026,2233.201,2165.148,1993.481,1833.658,1736.657,1665.0,1584.31,1490.326,162
22,15.0,8694.105,6454.7,5362.65,4703.532,4309.65,3994.27,3765.375,3403.345,3283.336,3064.708,2814.604,2623.454,2506.472,2420.078,2305.96,122
22,15.5,14842.438,10801.244,9063.688,7831.607,7069.499,6502.047,6062.532,5449.514,5249.444,4937.791,4672.126,4375.615,4195.415,3927.082,3685.904,83
22,16.0,21429.961,15749.952,13177.928,11669.479,10694.2,9949.814,9267.488,8384.71,8070.856,7559.406,6939.327,6530.261,6222.358,5800.886,5530.39,94
22,16.5,33109.027,23884.289,19773.797,17591.969,16088.633,14860.489,14080.456,12474.06,11918.146,11020.137,10152.569,9574.804,8995.258,8504.729,8077.542,91
22,17.0,51349.484,37015.402,31055.606,27558.783,24989.776,22988.102,21417.28,19188.73,18268.344,16852.367,15513.321,14440.536,13575.072,12798.96,12045.156,134
22,17.5,74037.906,54055.328,44972.148,38876.363,35456.895,32180.5,30096.385,27058.564,26157.131,24645.197,22308.305,20755.752,19968.445,18442.676,17070.697,105
22,18.0,141540.703,105147.859,88381.547,78107.219,71653.266,66602.328,62692.27,56893.508,54666.855,51046.395,47829.734,45751.172,44211.23,42712.281,41335.406,15
23,3.0,100.016,89.048,79.196,71.041,68.362,68.285,68.936,71.276,70.96,72.583,76.088,79.612,82.007,86.05,90.674,12
23,3.5,42.593,43.612,50.972,51.492,52.702,54.346,55.925,59.341,60.505,62.866,66.461,69.301,71.32,74.559,78.399,13
23,4.0,51.605,54.489,58.589,61.658,65.588,69.291,71.596,71.793,71.835,73.476,76.455,79.2,81.887,86.341,91.787,33
23,4.5,64.433,66.792,74.376,79.023,79.03,81.177,84.584,86.436,87.424,90.622,94.376,98.119,102.232,107.305,113.422,76
23,5.0,76.504,75.324,84.187,89.11,91.747,92.658,95.345,99.842,101.847,105.131,110.114,112.722,113.661,117.215,121.742,88
23,5.5,74.252,74.868,78.453,84.293,88.032,91.416,94.137,97.363,98.161,101.421,104.302,107.087,109.271,110.238,114.685,155
23,6.0,80.757,76.004,79.505,83.45,84.445,87.151,89.322,95.101,96.855,97.267,100.539,105.042,105.887,110.634,108.884,165
23,6.5,90.17,73.058,67.395,64.665,60.874,60.603,61.351,59.694,59.847,59.807,61.146,62.917,63.293,63.843,61.295,137
23,7.0,106.752,86.744,78.703,76.845,73.772,71.625,69.509,67.696,67.786,67.921,65.954,64.91,65.169,63.768,63.606,209
23,7.5,121.017,97.516,87.568,81.58,78.071,75.867,74.594,73.293,72.463,70.811,69.718,68.857,67.574,66.377,67.014,363
23,8.0,149.08,122.87,114.852,111.479,110.001,110.93,110.758,109.911,110.158,110.51,108.558,109.715,109.64,106.95,106.83,992
23,8.5,171.59,137.509,125.044,118.151,114.549,112.31,110.657,107.536,106.177,104.639,103.022,102.623,100.597,100.678,101.421,1423
23,9.0,205.067,155.596,134.624,122.305,113.95,107.845,103.159,96.442,94.051,90.599,86.621,83.84,82.237,81.001,79.098,1711
23,9.5,253.197,187.978,159.675,143.616,132.38,124.366,118.344,108.951,105.747,100.413,94.771,90.859,88.144,85.749,83.429,2055
23,10.0,318.138,234.356,198.578,177.146,162.854,152.297,144.356,132.492,128.074,120.989,113.193,107.765,104.427,100.654,97.795,2452
23,10.5,408.936,300.667,254.13,226.13,207.143,193.072,182.14,166.115,160.195,150.968,140.935,134.468,129.847,124.884,120.226,2590
23,11.0,528.394,388.802,327.246,291.239,266.87,248.236,233.865,213.257,205.321,193.78,181.4,172.493,166.16,159.947,155.066,2193
23,11.5,696.253,512.119,431.885,384.165,351.356,327.821,309.66,282.865,272.144,256.226,238.986,227.937,219.94,211.194,204.131,1531
23,12.0,937.682,684.393,577.923,512.991,469.416,436.949,410.948,375.077,362.254,341.59,319.557,302.807,289.512,277.976,267.502,987
23,12.5,1359.486,999.787,845.762,745.937,680.482,633.333,595.963,538.922,518.655,485.016,451.758,426.967,409.86,394.082,380.348,643
23,13.0,1895.32,1391.595,1175.372,1043.512,957.916,888.982,836.954,763.17,735.422,693.665,643.014,607.726,581.238,554.326,529.872,572
23,13.5,2705.128,1997.22,1693.262,1505.598,1377.936,1277.716,1201.707,1097.892,1049.246,978.838,910.147,859.236,819.438,778.569,740.549,447
23,14.0,4077.129,3046.324,2615.379,2336.418,2170.314,2014.553,1879.381,1705.364,1649.452,1537.016,1434.564,1351.519,1282.953,1213.036,1140.414,289
23,14.5,5882.595,4350.257,3704.972,3317.109,3046.471,2833.993,2676.269,2454.62,2361.724,2218.13,2074.555,1927.261,1834.46,1755.559,1673.033,173
23,15.0,8801.577,6512.274,5506.787,4892.43,4450.991,4144.5,3908.77,3555.476,3415.266,3197.024,2947.772,2749.206,2595.618,2447.542,2307.376,112
23,15.5,14948.556,10771.432,8824.932,7777.106,7076.679,6570.697,6188.523,5557.93,5431.588,5063.504,4642.922,4319.305,4126.826,3936.499,3705.672,79
23,16.0,23531.941,16706.35,14107.999,12472.294,11430.014,10528.78,9870.836,8962.428,8615.496,8040.068,7419.755,6984.487,6687.749,6404.379,6229.918,85
23,16.5,35047.217,25686.721,21518.374,18931.088,16916.921,15640.242,14712.562,13202.234,12675.218,11789.115,11015.092,10399.636,9867.18,9311.366,8702.59,108
23,17.0,52355.644,37693.248,31477.652,27489.188,24740.068,22768.326,21249.65,19176.056,18392.543,17221.753,15838.806,14718.003,13835.12,12847.431,12200.487,118
23,17.5,73510.902,53993.106,45084.484,40162.492,36240.193,33606.632,31634.319,28796.66,27594.028,25752.079,23667.044,22242.078,21074.709,19892.846,18773.585,114
23,18.0,126594.047,92380.453,77412.508,67412.66,60282.844,55229.272,51338.805,45666.646,43519.432,40109.99,36412.086,33736.947,31689.781,29583.19,27603.318,14
24,2.5,42.927,49.671,53.026,55.96,57.18,58.367,59.446,60.712,61.122,62.199,63.896,67.098,69.623,73.256,77.436,10
24,3.0,46.268,49.137,52.448,57.522,60.281,60.885,61.883,63.808,64.309,65.356,67.0,69.225,72.056,75.054,79.258,16
24,3.5,50.638,55.826,54.769,55.389,57.871,60.201,61.028,64.714,66.613,68.698,74.215,77.401,80.196,83.523,87.529,19
24,4.0,56.334,58.277,63.65,64.528,65.61,66.003,67.581,69.588,70.417,72.316,74.813,77.598,79.494,81.99,84.516,56
24,4.5,61.036,58.608,61.911,64.299,65.632,67.388,68.675,70.062,72.783,75.834,79.535,82.1,85.118,87.415,92.772,82
24,5.0,68.04,67.883,75.126,75.894,78.822,82.186,83.86,87.118,90.492,92.163,95.838,98.583,102.536,104.119,107.95,123
24,5.5,78.107,72.978,79.571,85.619,83.502,86.946,90.822,93.618,95.138,97.994,103.027,105.308,108.211,111.464,116.01,212
24,6.0,81.368,76.674,78.846,80.996,84.03,86.671,90.519,93.861,95.264,97.568,102.678,105.182,107.127,110.018,114.035,226
24,6.5,90.486,74.185,68.187,64.02,61.395,60.651,59.242,59.356,59.179,56.291,56.465,55.024,55.664,56.825,58.506,127
24,7.0,105.529,84.879,77.792,72.884,69.574,66.502,64.929,62.493,61.785,58.817,59.42,57.916,56.878,55.878,54.621,206
24,7.5,119.744,94.0,84.477,80.509,77.296,75.471,72.385,70.356,69.952,68.474,65.38,65.268,64.014,65.566,63.042,348
24,8.0,147.804,121.607,111.923,108.003,105.037,102.637,101.719,101.462,100.766,101.215,101.453,100.445,100.402,99.835,99.651,843
24,8.5,167.8,127.763,111.921,102.926,96.798,92.399,89.774,84.801,82.959,79.812,77.19,74.697,72.935,71.906,70.142,940
24,9.0,206.388,155.057,133.192,120.593,112.736,106.633,102.117,95.935,93.381,89.828,86.162,83.546,81.338,79.566,77.744,1307
24,9.5,257.916,192.178,164.305,147.747,137.23,129.851,124.316,116.262,113.133,108.138,103.605,100.381,97.951,95.729,93.66,1847
24,10.0,327.895,243.549,206.824,185.335,171.55,161.009,153.258,142.648,138.65,132.787,126.54,121.992,119.31,116.798,113.894,2219
24,10.5,424.451,314.328,266.679,238.962,221.436,208.609,198.627,184.472,179.393,171.154,162.754,156.466,152.029,148.433,144.44,2442
24,11.0,552.943,408.778,347.145,310.557,286.328,269.545,256.08,236.621,229.377,218.391,208.725,201.167,195.456,190.064,184.919,2215
24,11.5,736.757,545.173,462.881,415.035,383.773,360.812,343.346,317.692,308.78,293.72,278.968,267.726,259.854,252.514,246.138,1704
24,12.0,1022.256,755.338,641.228,573.602,529.826,496.23,471.626,438.006,425.318,403.674,381.191,364.938,354.047,344.144,333.747,1278
24,12.5,1512.434,1117.246,948.28,846.776,779.176,732.05,694.499,643.304,624.87,590.572,560.699,536.486,518.269,500.356,483.159,916
24,13.0,2221.947,1634.616,1381.751,1233.08,1142.86,1072.344,1021.631,938.76,907.204,861.714,817.831,784.072,760.182,731.292,699.406,884
24,13.5,3351.604,2487.336,2133.372,1913.646,1770.006,1671.672,1588.596,1460.352,1432.19,1373.56,1303.302,1248.044,1206.298,1154.218,1111.906,680
24,14.0,5268.91,3948.282,3364.069,3030.033,2828.867,2645.256,2509.803,2305.243,2224.403,2092.845,1988.696,1912.074,1833.21,1762.659,1714.033,453
24,14.5,7927.468,5860.491,5046.263,4518.646,4192.906,3956.899,3773.674,3513.803,3452.645,3290.206,3072.277,2962.809,2873.507,2772.1,2666.785,221
24,15.0,12441.277,9100.888,7784.49,6930.418,6504.8,6122.486,5894.918,5471.111,5300.712,4985.1,4618.52,4404.206,4236.185,4084.712,3900.409,120
24,15.5,18433.725,13329.852,11356.404,10478.485,9776.028,8919.329,8254.095,7600.062,7421.998,7155.502,6918.084,6657.878,6414.527,6176.825,5928.83,63
24,16.0,29460.53,21699.911,18376.806,16182.125,14879.524,13700.242,12932.048,11983.587,11662.567,11252.885,10763.838,10177.846,9703.302,9531.553,9389.659,102
24,16.5,43043.342,31784.38,26834.301,23908.234,21817.169,20341.809,19057.003,17185.167,16495.039,15585.129,14576.886,13919.226,13311.721,12915.367,12521.504,106
24,17.0,64148.629,46745.144,39001.684,34402.123,32178.262,29821.91,27837.208,25480.704,24499.614,22975.438,21241.809,20201.667,19382.571,18427.672,17610.4,102
24,17.5,91943.469,65790.906,54545.879,48325.086,43268.879,40173.121,38200.508,34686.422,33595.363,31716.979,29755.863,28320.381,27070.693,25974.711,24564.902,75
24,18.0,153376.391,116930.039,99547.461,87320.719,80655.805,74117.531,69042.961,61500.922,58576.836,53788.938,49777.684,48756.895,47981.57,46786.07,45307.734,17
25,3.0,37.928,40.542,46.366,50.661,53.705,56.331,59.466,63.554,63.924,65.992,66.937,67.092,67.263,70.354,74.359,13
25,3.5,57.144,58.568,62.068,67.556,69.77,70.07,70.621,74.704,75.874,78.134,82.547,86.399,90.364,94.696,100.657,20
25,4.0,56.461,57.429,66.278,68.628,64.022,66.003,70.095,71.364,71.163,72.085,74.401,77.054,78.874,82.121,87.864,45
25,4.5,62.902,59.311,66.177,69.899,70.04,70.701,69.728,69.832,70.592,72.947,77.076,78.972,81.138,84.552,88.142,80
25,5.0,89.883,83.759,80.878,81.916,79.374,81.637,82.538,85.281,87.911,89.538,92.861,96.377,98.35,100.504,102.25,117
25,5.5,80.849,79.906,85.059,88.868,88.808,92.1,92.238,96.594,97.071,99.168,101.99,105.631,109.02,110.602,113.645,211
25,6.0,78.084,73.619,77.575,77.239,79.91,83.203,85.123,90.456,92.102,94.92,99.952,102.965,104.88,106.438,109.974,222
25,6.5,86.983,68.97,62.18,58.479,57.598,55.948,55.214,53.538,54.001,54.226,54.873,53.739,53.583,55.328,52.299,125
25,7.0,103.49,84.616,76.688,72.302,71.546,70.387,68.896,67.4,66.628,66.217,65.308,64.312,63.238,63.923,63.514,196
25,7.5,118.097,94.201,86.187,81.425,78.13,76.404,75.431,74.564,73.669,72.106,71.839,70.283,70.542,67.5,65.243,367
25,8.0,150.075,125.492,118.088,116.165,115.586,117.669,119.301,121.072,121.179,122.348,123.634,124.242,122.376,124.349,126.737,1231
25,8.5,173.351,139.962,128.011,121.142,117.911,115.198,113.986,112.958,112.666,112.093,111.539,112.442,111.685,111.564,111.212,1556
25,9.0,211.24,161.357,140.82,128.816,121.454,116.216,112.038,106.525,104.792,101.708,98.836,97.374,96.103,94.352,93.114,1644
25,9.5,262.256,196.162,169.251,152.734,142.299,135.255,129.592,121.522,118.456,113.901,109.459,106.322,104.456,102.43,100.55,2052
25,10.0,334.565,250.097,214.536,193.12,178.98,169.05,162.007,151.159,147.293,141.148,134.782,130.208,126.729,123.265,120.253,2350
25,10.5,434.17,322.374,275.305,248.987,231.608,218.681,207.981,193.743,188.624,179.952,171.578,166.207,161.336,156.145,151.659,2423
25,11.0,564.701,419.755,359.133,323.87,301.822,284.657,270.998,251.971,245.416,234.955,223.802,213.994,208.756,203.331,196.538,2021
25,11.5,761.818,567.203,487.551,438.406,405.434,384.512,367.357,340.967,331.246,315.972,299.889,287.152,278.654,269.392,259.589,1477
25,12.0,1063.367,786.784,672.735,601.75,559.055,525.508,500.26,464.096,450.062,426.178,403.514,388.602,376.907,363.258,348.456,1024
25,12.5,1581.323,1171.669,1003.19,893.685,831.846,783.564,745.472,692.689,670.527,632.56,594.912,567.607,543.966,521.725,503.735,665
25,13.0,2233.461,1651.689,1420.888,1271.707,1182.93,1113.102,1061.297,983.953,941.079,895.779,849.969,814.664,791.27,760.171,731.819,625
25,13.5,3244.876,2395.694,2047.734,1840.827,1705.59,1602.567,1522.172,1411.378,1371.45,1303.487,1224.644,1154.854,1109.508,1061.401,1016.916,450
25,14.0,5100.57,3798.172,3317.091,2976.778,2769.214,2627.096,2511.307,2334.687,2262.544,2161.198,2026.906,1901.585,1824.042,1736.835,1672.377,307
25,14.5,7300.092,5518.234,4754.122,4271.49,3942.246,3694.88,3513.282,3265.116,3140.452,2971.576,2821.442,2638.216,2504.104,2362.768,2231.599,158
25,15.0,11413.722,8466.688,7174.389,6397.142,6064.461,5688.645,5380.374,4925.264,4764.132,4483.687,4119.078,3878.168,3744.448,3626.846,3499.251,91
25,15.5,19154.369,14243.052,12071.642,10581.271,9895.651,9357.326,8879.307,8178.41,7872.632,7227.462,6654.357,6365.469,6095.371,5804.896,5600.405,57
25,16.0,30015.65,21915.361,18412.707,16377.535,15045.334,14095.113,13392.168,12199.057,11922.847,11121.396,10346.876,9722.899,9347.676,8766.992,8171.222,91
25,16.5,46238.973,34009.696,28410.966,25667.201,23560.587,22274.6,21049.836,18957.8,18194.503,17089.9,15791.225,14772.386,14084.448,13283.064,12442.747,120
25,17.0,70549.0,51631.652,43420.516,38069.484,35109.348,32886.207,31057.904,28538.025,27871.305,26238.889,24837.188,23130.182,22107.455,20728.568,19347.365,117
25,17.5,105417.055,79689.777,67765.184,60500.41,54914.994,51661.861,49416.914,44465.888,42475.326,40681.873,37273.957,35228.756,33750.168,31794.329,30354.065,80
25,18.0,150332.883,110730.132,94223.195,87398.629,82384.57,77653.699,73878.684,68188.262,65595.623,60814.142,55568.174,51706.718,48989.453,46879.508,45039.754,22
26,3.0,48.835,52.742,50.293,50.857,51.166,50.862,51.934,53.384,54.454,55.842,58.703,61.128,63.076,66.314,70.163,16
26,3.5,30.984,31.496,35.912,40.274,41.827,44.007,46.784,49.84,52.168,53.837,56.925,59.415,61.185,63.931,67.223,17
26,4.0,46.745,49.555,52.17,54.71,55.921,58.233,60.882,64.998,66.375,68.826,72.847,75.826,78.393,81.958,86.218,43
26,4.5,56.198,56.911,60.46,62.42,64.605,65.798,68.546,73.409,74.831,77.37,80.959,82.208,83.797,85.971,91.586,80
26,5.0,81.105,76.778,75.598,76.794,76.625,78.644,81.325,82.501,82.956,85.751,89.764,93.351,95.48,97.635,99.326,125
26,5.5,74.176,72.436,77.773,81.306,83.825,86.435,89.682,93.189,94.996,96.948,100.908,103.599,105.756,109.559,111.849,230
26,6.0,79.318,76.042,75.278,78.475,79.06,84.096,87.763,92.78,94.5,95.972,99.781,103.289,104.63,108.517,112.77,224
26,6.5,87.9,71.717,64.647,62.004,61.242,59.891,59.898,59.271,59.474,60.939,63.801,65.203,65.305,66.522,68.328,140
26,7.0,98.496,78.782,70.538,65.995,63.227,61.704,60.994,59.183,58.276,57.958,56.058,55.66,56.706,55.192,54.974,232
26,7.5,116.444,91.221,82.332,78.258,74.435,72.313,70.797,68.692,67.122,66.517,64.821,64.491,63.162,61.894,60.3,371
26,8.0,150.376,125.857,119.321,117.473,119.355,121.47,123.824,125.732,126.712,127.596,130.454,130.75,131.216,132.306,135.047,1319
26,8.5,173.472,139.356,126.593,121.102,118.84,117.655,116.718,113.314,113.403,114.317,113.833,113.121,114.341,113.869,112.092,1583
26,9.0,211.97,161.047,140.278,128.161,121.058,115.281,111.468,105.705,103.849,100.914,98.044,95.821,93.358,91.706,90.42,1717
26,9.5,264.734,198.187,170.449,153.792,144.03,136.163,130.374,121.979,118.784,113.907,108.75,105.031,102.01,98.918,96.222,2143
26,10.0,339.504,253.487,217.402,195.902,181.834,171.808,163.918,152.718,148.394,141.761,134.916,129.264,125.443,120.919,116.631,2442
26,10.5,442.63,327.825,279.836,252.56,234.21,221.114,211.222,196.699,191.338,183.385,173.536,166.75,161.268,154.634,148.844,2460
26,11.0,575.941,427.394,364.569,326.727,301.943,285.245,272.867,254.039,246.761,235.291,222.98,212.619,204.718,195.745,187.126,1975
26,11.5,781.554,577.227,493.008,441.903,407.772,383.976,366.581,340.35,331.288,315.586,297.502,283.475,272.215,260.353,247.091,1387
26,12.0,1097.035,808.972,688.198,620.567,574.756,541.735,515.703,477.098,464.953,444.029,417.554,397.181,383.322,366.446,349.199,911
26,12.5,1580.807,1164.445,993.257,889.15,818.128,766.927,724.715,663.792,646.148,612.269,570.188,537.919,517.03,490.401,460.397,591
26,13.0,2226.873,1647.693,1399.774,1260.116,1175.876,1111.786,1063.399,986.408,956.251,913.093,851.998,802.184,764.813,720.688,680.475,534
26,13.5,3301.297,2448.408,2078.484,1863.074,1725.381,1612.077,1522.203,1408.884,1369.994,1302.153,1217.34,1145.59,1094.921,1039.227,964.38,434
26,14.0,5099.652,3804.608,3235.858,2943.214,2742.149,2601.084,2492.909,2302.926,2225.11,2113.556,1972.542,1853.267,1778.984,1656.963,1548.629,264
26,14.5,7068.231,5384.167,4564.86,4145.693,3789.412,3583.927,3396.641,3161.643,3061.252,2894.702,2703.215,2544.683,2418.494,2234.142,2057.339,139
26,15.0,11795.642,8789.87,7435.555,6768.887,6218.248,5839.078,5480.618,5030.848,4840.503,4457.52,4103.094,3840.608,3605.791,3408.345,3269.456,80
26,15.5,19854.645,14681.619,12600.545,11098.903,10318.1,9651.668,9227.966,8385.752,8076.659,7598.197,7105.577,6765.163,6422.255,5859.995,5489.532,61
26,16.0,31192.568,23716.652,19975.156,17460.16,15927.698,14584.046,13746.728,12713.859,12247.868,11604.055,10744.958,10037.069,9375.797,8558.032,8004.087,91
26,16.5,50973.42,36302.824,30267.636,27002.594,24636.228,22723.184,21309.836,19746.976,19036.812,17892.328,16662.75,15752.268,14896.145,14034.85,13096.956,108
26,17.0,74200.18,55032.555,45678.16,40426.48,36837.387,34423.547,32703.438,29987.189,29081.037,27773.33,25177.35,23418.154,22255.365,21411.334,19819.676,123
26,17.5,107397.808,77039.028,65467.512,57632.402,53023.574,49081.732,45950.16,41239.863,39692.008,37073.564,33586.686,31444.919,29722.713,27812.379,25995.423,96
26,18.0,217715.696,155464.765,126296.324,110429.336,101777.046,94200.062,88379.555,79855.512,76595.832,71214.476,64987.528,60124.054,56162.284,51827.976,47477.902,18
27,3.0,32.312,32.595,34.487,36.347,37.581,39.432,41.163,42.906,43.501,44.982,47.486,49.549,51.743,54.327,57.465,13
27,3.5,43.513,41.496,40.494,40.28,42.843,43.686,44.578,45.6,46.4,47.902,50.362,52.32,54.389,57.646,60.828,18
27,4.0,36.329,34.66,38.167,41.464,41.171,42.844,45.071,47.754,47.952,49.513,52.475,54.349,56.229,58.708,61.899,41
27,4.5,52.404,50.0,53.944,58.841,60.999,62.392,64.938,68.696,70.188,72.537,76.327,79.512,82.559,85.924,90.174,60
27,5.0,58.624,51.073,51.076,54.93,57.708,60.489,63.554,66.435,67.894,69.984,74.044,76.847,79.79,81.431,85.368,114
27,5.5,64.377,63.378,65.001,71.655,74.019,76.829,80.498,82.981,84.799,87.632,93.492,96.81,99.353,99.411,102.974,221
27,6.0,71.237,66.332,66.895,67.67,71.246,74.929,78.543,82.8,83.887,86.927,89.757,92.203,94.353,97.993,102.499,227
27,6.5,84.554,68.599,63.522,63.184,60.658,60.308,59.744,59.479,59.7,58.378,57.259,56.671,54.491,54.565,52.896,129
27,7.0,97.136,79.25,73.27,69.306,66.853,65.53,66.06,65.593,65.464,66.248,66.3,67.27,68.026,69.172,69.459,182
27,7.5,110.511,85.958,76.262,70.754,68.708,67.274,65.976,64.202,63.248,61.531,59.998,59.474,60.497,60.882,60.884,360
27,8.0,143.281,118.014,111.824,110.146,112.956,116.127,118.598,122.881,124.136,127.17,130.471,132.999,135.802,135.111,135.857,1221
27,8.5,165.978,132.388,120.092,115.135,113.072,111.399,112.114,111.766,111.586,112.8,113.492,114.64,115.279,117.824,118.634,1472
27,9.0,202.61,154.036,133.61,122.436,115.012,110.296,106.786,100.966,99.668,97.287,94.26,91.655,90.726,89.002,87.378,1368
27,9.5,252.795,188.201,161.387,145.397,134.972,127.008,121.526,114.079,110.971,106.767,102.646,99.348,97.56,95.248,93.224,1533
27,10.0,322.466,238.46,202.407,181.172,167.935,157.77,150.196,140.392,136.195,129.824,123.43,119.081,115.751,112.134,109.511,1829
27,10.5,414.173,305.192,257.451,229.344,210.619,197.304,187.132,173.708,168.228,159.784,151.036,144.396,139.909,136.166,131.883,2160
27,11.0,543.454,399.048,337.163,299.571,274.802,257.032,243.99,224.626,217.588,206.507,194.292,185.932,180.202,174.104,167.155,2462
27,11.5,700.266,514.511,435.263,387.332,355.303,331.87,315.364,290.605,281.395,268.032,253.026,241.335,233.028,226.033,218.804,1771
27,12.0,1041.411,776.443,666.073,595.263,554.811,520.914,495.268,457.415,447.163,430.122,409.873,390.094,378.105,368.534,358.238,825
27,12.5,1478.327,1100.487,940.324,849.571,795.425,748.439,717.148,663.768,644.157,611.596,584.531,565.469,543.521,521.487,502.021,703
27,13.0,2069.417,1543.198,1321.512,1187.277,1102.33,1031.632,980.359,915.604,884.327,843.327,793.492,763.034,744.146,725.544,694.55,661
27,13.5,3036.38,2235.382,1891.783,1696.148,1559.202,1454.224,1372.348,1271.396,1231.108,1158.878,1088.672,1027.549,985.767,939.914,895.985,478
27,14.0,4514.11,3325.655,2787.913,2490.514,2275.12,2123.772,2005.842,1828.213,1759.616,1657.223,1554.025,1469.819,1415.121,1351.479,1295.757,423
27,14.5,7028.519,5110.453,4307.462,3841.462,3558.119,3320.137,3143.868,2881.555,2793.009,2621.813,2455.238,2311.481,2217.948,2113.2,2013.836,399
27,15.0,10080.316,7390.995,6197.159,5479.428,5018.774,4645.319,4364.043,4002.164,3857.926,3608.41,3361.824,3191.228,3033.077,2876.423,2748.962,294
27,15.5,17629.055,12856.151,10803.902,9553.501,8675.5,8012.777,7583.251,6905.463,6620.068,6219.144,5854.343,5542.018,5374.294,5113.43,4911.553,189
27,16.0,27708.423,20375.536,17497.808,15474.5,14394.576,13574.551,12898.573,11951.428,11558.454,10967.992,10152.722,9600.496,9371.061,8843.932,8331.692,220
27,16.5,43852.273,32282.318,27214.297,24182.375,22211.252,20500.541,19476.115,17863.059,17191.775,16327.609,15148.163,14255.963,13623.105,13167.057,12613.818,209
27,17.0,68012.852,49036.941,40938.613,36035.953,32887.031,30298.918,28765.654,25869.939,24881.84,23414.789,22085.502,21120.115,20459.119,19742.031,18805.158,191
27,17.5,110782.695,82086.282,68729.289,60829.074,54906.57,51181.4,48230.584,43518.881,41926.951,39095.51,36341.986,34250.731,32811.597,31171.799,29409.591,184
27,18.0,193289.547,142964.641,118928.25,105608.188,95791.211,89192.016,84268.398,77106.609,74360.969,68826.594,65026.66,61369.93,58571.457,55764.707,53226.09,15
28,3.0,31.951,33.477,36.242,40.516,42.226,43.806,45.896,48.465,50.105,52.252,55.406,58.128,60.483,63.921,68.221,13
28,3.5,29.203,30.241,33.659,33.382,35.319,37.761,40.356,43.108,44.336,45.763,48.481,50.65,51.812,48.909,51.395,15
28,4.0,39.811,39.618,42.073,46.077,47.24,48.724,49.844,53.095,54.041,56.135,59.17,61.818,64.777,67.742,70.551,40
28,4.5,47.189,47.754,50.548,54.353,55.889,57.586,59.582,64.192,64.86,68.168,72.996,76.28,77.274,77.06,80.568,56
28,5.0,61.677,58.823,62.865,68.034,70.466,72.649,75.619,79.166,80.801,83.298,86.988,90.244,92.029,93.863,95.07,114
28,5.5,65.986,65.481,71.133,77.46,79.11,83.139,85.879,90.11,91.512,92.977,97.692,101.193,103.627,106.547,106.535,213
28,6.0,71.206,67.351,68.738,70.672,74.358,77.77,81.324,85.453,86.362,87.96,88.978,92.608,95.704,99.458,103.164,198
28,6.5,83.099,67.622,62.02,58.772,57.033,56.079,55.814,56.12,55.868,56.441,56.252,54.752,51.973,50.28,45.291,117
28,7.0,95.826,78.118,71.274,68.609,67.282,65.935,65.786,65.216,65.323,65.815,66.78,66.288,66.454,66.968,63.338,192
28,7.5,109.803,87.38,78.009,72.754,69.44,67.179,65.864,64.253,63.401,63.861,62.238,61.487,60.448,58.725,58.073,333
28,8.0,141.886,117.366,110.625,109.922,111.639,114.234,117.876,120.39,121.841,123.622,127.41,125.703,126.207,129.539,127.479,1041
28,8.5,166.043,133.031,121.889,117.825,116.935,117.039,117.118,116.183,115.61,116.846,118.558,120.046,119.667,119.763,119.258,1342
28,9.0,199.856,152.465,131.92,120.804,113.25,107.6,103.04,97.688,95.596,92.876,89.869,87.804,85.415,85.062,83.854,1268
28,9.5,248.618,184.586,156.595,140.691,129.716,122.31,116.269,107.799,104.287,99.202,94.971,91.586,89.424,86.744,84.95,1386
28,10.0,311.554,229.485,193.253,171.616,156.83,145.904,137.925,126.226,122.112,115.104,108.394,104.02,100.734,97.837,95.289,1785
28,10.5,400.231,292.78,245.732,217.483,198.283,184.247,173.832,158.622,153.299,144.623,135.52,129.096,124.248,120.283,116.145,2319
28,11.0,521.241,380.639,318.161,281.172,255.446,236.832,222.74,202.087,194.562,182.194,169.67,160.941,154.38,148.024,142.331,3069
28,11.5,645.998,471.802,395.714,349.456,318.274,294.97,277.823,252.248,243.167,228.555,212.546,201.166,192.679,184.578,177.644,2332
28,12.0,974.498,729.879,616.538,546.943,499.747,466.563,441.506,404.812,391.703,369.35,346.333,330.067,319.816,310.201,302.057,849
28,12.5,1372.964,1015.75,855.434,762.509,700.85,646.355,613.245,562.243,544.013,519.45,489.297,465.597,452.913,438.266,425.795,665
28,13.0,1913.844,1418.451,1204.487,1081.503,1002.629,930.579,879.018,797.599,769.157,726.741,683.129,651.376,620.417,592.952,569.492,611
28,13.5,2794.828,2038.789,1706.421,1517.75,1384.676,1293.265,1213.744,1103.156,1060.612,1000.55,931.412,884.705,837.16,803.298,753.92,394
28,14.0,4085.671,3032.336,2532.592,2238.559,2024.692,1884.861,1773.982,1624.496,1565.859,1473.448,1381.25,1297.638,1246.144,1189.948,1126.668,304
28,14.5,6155.968,4489.137,3747.253,3312.002,3006.604,2784.368,2611.454,2375.185,2280.988,2124.522,1960.854,1834.843,1760.756,1659.692,1574.5,278
28,15.0,9284.796,6747.1,5585.046,4909.482,4439.736,4130.551,3891.582,3534.383,3415.022,3216.228,2976.023,2847.514,2735.656,2632.304,2500.342,190
28,15.5,14939.682,10886.013,9129.153,8156.767,7379.117,6845.3,6452.363,5785.875,5547.581,5153.353,4781.255,4528.884,4345.698,4105.6,3942.159,125
28,16.0,23509.014,17322.369,14537.37,12784.195,11573.414,10637.372,10104.307,9203.056,8881.411,8393.566,7770.874,7345.858,7039.968,6709.863,6396.17,145
28,16.5,38721.652,28092.961,23904.713,20885.463,18911.115,17475.049,16277.301,14570.976,13845.015,12930.881,11893.438,11172.354,10677.521,10169.684,9789.062,165
28,17.0,57337.34,42292.969,35120.109,31008.846,27863.354,25858.854,24483.475,22042.736,21165.447,19914.84,18178.449,16855.338,16149.585,15272.535,14496.456,205
28,17.5,92801.727,67586.344,55610.492,49048.516,43864.637,40286.754,37648.066,33951.461,32842.008,30607.188,27532.521,26049.006,24547.73,22912.688,22070.318,197
28,18.0,137280.719,97088.195,80834.422,72085.0,66248.531,60841.797,56554.465,50107.258,47602.246,43488.711,38861.348,35497.188,34580.613,33686.062,31045.633,15
29,3.0,36.245,41.756,46.778,51.176,52.827,52.328,52.151,55.312,56.547,58.871,62.326,65.154,67.815,71.127,74.997,15
29,3.5,38.172,43.952,50.542,53.929,55.706,57.354,59.506,62.774,63.996,66.235,69.72,72.419,75.06,78.481,82.594,16
29,4.0,42.803,45.177,53.577,58.664,61.084,63.182,65.768,68.353,69.486,71.759,75.017,77.777,80.672,83.536,85.41,31
29,4.5,60.27,55.237,59.454,65.456,66.136,66.54,67.364,71.217,72.796,76.583,80.858,84.239,86.383,87.172,91.43,66
29,5.0,78.064,70.26,74.046,76.778,77.906,80.894,84.76,88.394,88.576,91.31,96.513,100.415,102.807,102.775,107.514,115
29,5.5,71.299,70.033,77.64,83.692,85.304,87.432,90.798,95.288,97.014,99.462,104.761,107.648,111.57,114.276,116.54,188
29,6.0,75.932,73.284,78.673,82.263,83.448,89.056,91.288,96.321,97.664,98.96,102.652,103.776,106.796,110.249,115.068,173
29,6.5,85.753,70.294,65.266,62.867,62.071,62.904,62.362,63.294,63.588,62.694,60.308,59.164,57.916,56.764,57.565,126
29,7.0,99.206,80.807,73.334,69.074,67.495,65.754,64.853,65.333,65.359,67.338,68.512,69.718,69.502,70.06,71.504,172
29,7.5,113.156,89.813,80.319,74.939,72.524,70.756,69.303,66.811,65.735,64.171,63.869,62.46,61.066,61.628,62.496,297
29,8.0,144.982,120.12,113.82,112.41,113.0,114.276,114.779,114.596,114.438,114.276,114.976,112.762,110.414,110.185,108.67,942
29,8.5,168.441,136.599,125.472,121.871,122.298,122.595,123.832,124.148,124.321,124.103,123.242,123.245,121.03,119.124,119.951,1301
29,9.0,200.977,152.528,131.52,119.327,111.746,106.686,102.508,96.29,94.441,91.054,87.631,85.32,83.968,81.054,78.518,1188
29,9.5,250.407,185.739,158.546,142.579,131.267,123.143,116.822,107.996,104.302,99.26,93.989,90.108,87.151,84.694,81.841,1357
29,10.0,314.094,230.039,193.786,171.976,157.921,147.394,139.31,127.068,122.822,116.092,108.81,103.227,98.431,94.357,90.746,1715
29,10.5,400.061,292.526,245.503,216.589,197.836,183.731,173.088,157.142,151.332,142.123,132.627,125.699,120.742,114.988,109.462,2342
29,11.0,520.864,378.126,316.591,279.473,254.145,235.305,221.204,200.32,192.563,179.933,167.044,157.567,150.601,143.268,136.286,3229
29,11.5,644.96,468.59,391.83,346.104,315.029,291.992,274.438,248.733,239.21,223.825,207.376,196.176,187.367,177.703,168.619,2423
29,12.0,968.762,712.588,604.274,536.989,489.955,454.497,430.251,391.766,378.024,355.846,332.635,314.539,303.075,289.745,276.349,833
29,12.5,1374.433,1023.449,865.397,768.615,702.666,656.334,618.619,565.776,548.185,515.992,479.11,450.333,435.016,413.075,394.823,707
29,13.0,1901.806,1406.21,1202.46,1068.133,981.204,913.372,864.468,789.81,762.847,716.427,663.282,622.044,597.338,564.098,538.678,636
29,13.5,2751.213,2039.765,1723.044,1524.653,1398.721,1301.907,1233.519,1131.662,1090.36,1026.067,951.229,896.375,858.929,802.547,764.264,399
29,14.0,4031.734,2957.667,2509.226,2228.632,2047.887,1907.867,1792.992,1617.85,1565.878,1461.259,1357.262,1261.796,1190.678,1105.925,1042.753,298
29,14.5,6094.153,4488.786,3812.262,3380.918,3094.49,2883.766,2720.841,2489.752,2387.962,2253.112,2020.076,1876.782,1785.686,1680.01,1580.808,232
29,15.0,8955.157,6580.894,5518.215,4896.502,4470.978,4133.494,3863.478,3493.81,3348.381,3137.105,2848.759,2688.993,2533.316,2439.624,2270.639,173
29,15.5,14757.684,10692.477,8953.301,7848.955,7259.188,6742.083,6285.286,5663.4,5441.232,5077.505,4677.699,4344.969,4133.877,3858.317,3660.7,134
29,16.0,23518.211,17035.115,14551.707,13080.019,11936.416,11146.342,10656.104,9648.397,9358.69,8710.674,8051.274,7481.894,6991.145,6473.775,6077.293,173
29,16.5,35937.916,26289.784,21913.448,19330.41,17493.241,16257.114,15229.318,13787.892,13122.43,12188.06,11107.332,10381.774,9769.636,9110.907,8441.502,220
29,17.0,56102.564,40264.65,33350.91,29423.54,26863.262,24847.452,23258.668,20725.751,19773.064,18353.766,16706.887,15513.53,14596.076,13688.974,12798.348,260
29,17.5,87447.23,62614.218,51714.388,45196.514,40397.053,37030.231,34553.625,31083.376,29731.602,27606.337,25192.38,23442.798,22056.162,20554.353,19321.626,194
29,18.0,117661.253,87788.828,71207.102,60506.086,52691.942,48434.482,45120.83,40165.967,38251.633,35323.019,32246.497,30086.16,28480.71,26877.278,25443.48,16
30,3.0,41.32,40.396,45.954,51.091,53.301,54.715,56.002,58.278,59.484,61.558,65.166,68.28,70.201,73.692,77.989,12
30,3.5,36.665,38.519,42.515,46.93,49.277,50.712,53.472,57.365,59.055,57.341,60.692,63.426,65.195,68.328,72.177,19
30,4.0,51.674,55.474,56.828,58.222,56.029,57.49,60.0,64.132,65.68,68.194,73.51,77.058,79.026,82.798,84.764,22
30,4.5,52.396,51.624,53.314,58.376,60.354,62.845,65.92,69.917,70.616,72.775,76.726,79.876,81.68,85.239,89.648,56
30,5.0,69.752,69.339,70.241,73.391,75.778,78.622,83.741,88.072,89.143,90.416,92.126,93.002,94.146,97.469,101.609,99
30,5.5,69.878,68.906,72.416,76.789,79.956,82.566,86.285,90.779,91.435,93.071,98.059,101.144,103.979,108.368,111.629,194
30,6.0,75.659,70.659,75.58,79.932,82.016,85.26,89.185,92.997,94.092,96.334,101.815,104.272,104.503,107.619,109.745,176
30,6.5,86.556,72.288,68.56,65.625,65.279,64.486,64.894,64.814,62.677,61.481,58.828,59.421,59.538,58.798,54.482,108
30,7.0,95.276,76.766,68.842,65.196,62.092,60.374,58.854,57.52,57.244,57.445,56.594,55.208,54.852,53.512,54.555,176
30,7.5,110.862,86.785,77.079,71.541,68.514,65.546,63.017,59.731,58.489,57.548,55.937,55.461,55.02,54.351,53.908,329
30,8.0,144.146,119.301,114.207,111.408,113.151,115.673,116.991,119.304,119.746,120.77,123.479,121.357,119.816,121.051,120.456,921
30,8.5,165.104,133.052,123.308,119.55,117.649,117.477,117.218,116.842,116.381,116.115,115.872,115.141,115.407,115.051,115.36,1276
30,9.0,200.26,153.235,132.418,120.068,112.939,107.831,103.853,98.095,96.024,92.82,88.259,86.104,84.604,83.142,81.416,1169
30,9.5,248.234,184.83,157.305,140.245,129.439,121.214,115.132,106.67,102.939,97.57,92.122,88.165,85.07,82.272,79.555,1305
30,10.0,311.145,229.133,193.334,171.954,157.084,146.227,138.143,126.026,121.37,114.096,105.812,100.118,96.08,91.986,88.503,1669
30,10.5,397.894,290.518,244.002,215.526,195.852,181.284,170.56,154.643,148.739,138.995,128.534,121.027,115.712,110.854,106.203,2294
30,11.0,515.34,375.527,313.319,276.036,250.432,231.43,217.134,196.06,188.218,175.606,161.583,151.809,144.284,136.743,129.827,3172
30,11.5,641.359,465.814,388.465,341.839,310.234,287.092,268.692,242.924,232.927,217.192,199.93,188.002,178.03,168.422,159.556,2479
30,12.0,962.667,703.828,589.48,522.031,476.546,441.525,414.823,376.539,360.751,337.806,311.005,292.296,280.019,265.522,253.218,784
30,12.5,1371.822,1010.219,852.14,755.695,692.426,643.762,606.594,554.878,535.894,503.362,469.145,443.821,424.538,405.542,385.652,734
30,13.0,1880.69,1381.862,1161.427,1033.115,944.441,874.575,820.128,743.546,713.831,669.768,618.902,579.349,549.14,520.467,494.154,689
30,13.5,2726.359,1982.878,1658.29,1464.078,1331.078,1232.493,1151.005,1041.421,998.987,933.159,846.447,792.508,748.254,704.32,657.046,503
30,14.0,3825.056,2785.284,2326.469,2051.096,1852.425,1707.736,1597.923,1437.438,1375.38,1277.35,1170.112,1089.742,1027.338,952.45,900.39,402
30,14.5,5761.345,4179.876,3478.907,3045.069,2746.825,2547.68,2378.346,2140.077,2047.683,1886.932,1717.042,1589.329,1490.934,1386.375,1286.062,377
30,15.0,7990.508,5763.134,4794.881,4217.206,3811.31,3519.975,3275.322,2919.859,2784.051,2585.206,2355.586,2176.156,2047.584,1912.666,1781.398,250
30,15.5,14048.472,10297.416,8513.778,7458.525,6713.754,6182.092,5771.943,5227.556,5034.708,4645.512,4189.516,3915.598,3699.499,3486.579,3219.181,128
30,16.0,20715.803,15020.237,12398.056,10914.697,9863.523,9053.831,8468.341,7668.936,7310.677,6720.385,6124.966,5706.95,5353.86,5071.769,4727.421,129
30,16.5,34458.938,24738.904,20828.844,18446.215,16469.609,15263.388,14172.634,12690.097,12054.097,11119.078,9951.481,9277.812,8788.422,8177.443,7565.862,127
30,17.0,52658.841,38158.705,31403.009,27623.496,24794.614,22774.755,21281.139,19100.996,18179.856,16773.692,15225.376,14088.676,13249.021,12410.154,11609.726,210
30,17.5,85814.348,60980.934,50164.566,43905.938,39703.053,36663.799,34372.992,31098.641,29739.68,27404.978,25052.949,23104.256,21687.614,20111.325,18573.274,152
30,18.0,132434.531,94590.562,77382.914,66712.734,59611.629,54225.238,50149.176,44439.121,42357.043,39218.184,35597.207,32988.16,30822.961,28707.316,27340.545,17
31,3.0,41.693,49.603,50.66,53.256,55.891,58.169,61.348,65.186,66.384,68.206,70.991,74.13,77.702,81.457,85.14,12
31,3.5,37.386,38.306,42.77,43.929,45.89,47.992,50.395,53.622,54.746,55.576,56.602,57.671,58.262,58.201,61.166,24
31,4.0,49.855,47.024,52.077,55.673,58.511,60.708,61.3,64.048,65.287,67.427,70.537,73.46,74.908,75.571,77.488,28
31,4.5,48.027,52.162,51.684,52.486,54.454,56.361,58.446,61.978,63.526,66.004,68.08,71.048,72.458,75.108,79.248,56
31,5.0,61.476,61.117,65.651,69.774,71.875,75.714,80.93,83.18,84.346,85.705,88.412,90.995,93.418,95.572,95.523,107
31,5.5,66.036,65.358,68.446,67.6,71.357,73.166,76.209,81.128,82.267,82.448,87.613,90.333,92.51,96.061,100.394,176
31,6.0,73.487,73.108,77.49,79.365,82.237,85.174,88.918,92.721,93.159,94.375,98.538,101.074,101.64,105.611,108.961,183
31,6.5,81.839,67.865,63.893,63.303,63.945,61.999,61.007,61.71,60.399,62.421,61.876,60.885,59.51,61.237,58.145,115
31,7.0,96.395,78.36,69.491,64.205,61.578,60.215,58.681,56.733,56.141,54.791,52.771,53.482,54.467,54.389,52.622,171
31,7.5,111.136,86.922,76.132,70.528,66.276,65.007,63.52,60.458,59.525,57.368,55.528,55.055,55.177,53.206,51.553,316
31,8.0,141.482,117.006,109.957,108.899,111.056,112.888,114.41,118.734,119.804,122.45,121.627,120.805,119.525,119.808,117.379,1019
31,8.5,164.715,131.983,120.976,116.393,113.619,112.225,112.938,112.64,112.55,112.551,111.984,111.485,110.98,112.5,112.779,1307
31,9.0,197.095,149.41,128.499,116.14,108.289,102.659,99.064,93.719,91.919,89.436,85.86,84.268,82.849,80.958,80.197,1257
31,9.5,244.394,181.216,154.537,137.386,126.387,118.463,112.368,102.894,99.592,94.23,88.875,85.114,81.989,79.951,77.19,1374
31,10.0,310.451,227.786,190.842,168.422,153.358,142.3,134.03,121.833,116.935,109.212,100.963,95.578,91.45,87.339,83.577,1819
31,10.5,396.252,288.736,240.817,211.918,192.609,177.924,166.905,150.41,144.144,134.136,123.292,115.478,109.576,103.401,98.22,2342
31,11.0,512.835,370.78,308.303,270.461,244.972,225.95,211.333,189.471,181.394,168.418,154.124,143.978,136.27,128.3,120.918,3202
31,11.5,639.99,463.571,385.075,337.724,305.447,282.041,263.851,236.848,226.876,210.774,192.8,179.961,170.425,160.793,151.404,2393
31,12.0,969.818,711.075,595.999,527.66,480.515,445.463,416.408,376.013,359.292,334.545,308.608,291.736,275.718,261.005,247.688,807
31,12.5,1358.249,1003.753,844.717,742.623,670.473,626.101,588.475,531.144,507.701,470.468,428.835,399.148,374.43,352.857,333.879,743
31,13.0,1915.57,1411.739,1185.064,1035.825,940.933,869.752,815.389,732.948,706.347,653.679,596.093,557.564,531.798,500.728,472.706,636
31,13.5,2689.26,1982.446,1657.552,1467.252,1334.009,1229.448,1149.956,1026.581,980.802,900.98,821.808,763.154,715.562,666.962,620.236,454
31,14.0,3951.922,2854.297,2383.008,2086.254,1884.077,1740.196,1624.722,1470.616,1405.519,1303.193,1184.458,1095.716,1027.36,957.34,882.767,310
31,14.5,5743.893,4193.444,3468.18,3012.279,2739.403,2505.194,2351.03,2088.935,1985.577,1832.986,1655.736,1514.41,1430.424,1329.708,1240.466,256
31,15.0,8347.492,6113.34,5077.683,4443.428,4011.521,3687.634,3426.75,3063.665,2936.278,2729.168,2486.691,2299.736,2168.748,2042.086,1878.279,146
31,15.5,13854.075,10029.747,8311.387,7311.04,6673.246,6152.732,5727.548,5101.093,4862.688,4562.862,4131.128,3802.044,3547.85,3263.9,3009.058,106
31,16.0,22128.391,16194.269,13479.467,11751.946,10549.93,9688.41,9022.26,8000.922,7643.934,7086.23,6498.306,6068.014,5671.856,5263.323,4880.62,124
31,16.5,35925.468,25689.66,21690.374,18917.512,16968.934,15708.186,14645.169,13080.482,12460.575,11488.855,10386.878,9551.952,8911.329,8289.322,7748.456,136
31,17.0,57819.694,41578.504,34385.016,30246.554,27041.384,24899.831,23205.838,20540.197,19635.604,18154.15,16471.516,15376.564,14442.116,13553.434,12490.186,180
31,17.5,90204.352,65101.336,54494.094,47815.527,43444.859,39949.289,37222.027,33144.941,31589.996,29007.115,26044.871,23831.936,22133.307,20571.465,19380.904,169
31,18.0,143167.5,104345.773,86676.383,75646.93,66735.148,60135.785,55057.121,47693.246,44937.762,41995.273,39977.363,36717.91,34130.219,31498.264,29059.898,15
32,3.0,37.846,42.496,46.489,48.926,50.939,52.904,54.594,57.266,58.803,61.452,65.842,69.488,72.568,76.011,80.11,16
32,3.5,35.596,40.006,43.32,46.018,46.09,47.486,49.847,52.951,53.695,55.671,58.812,58.317,59.312,61.672,64.932,24
32,4.0,42.666,46.583,48.428,54.028,56.082,58.39,61.329,64.863,65.638,67.67,71.24,74.312,76.47,79.39,81.328,42
32,4.5,50.883,53.062,54.892,58.094,61.241,64.068,66.779,71.487,71.897,73.472,76.742,77.26,79.786,81.804,85.175,68
32,5.0,61.598,58.517,62.001,66.713,65.542,68.714,72.512,77.524,76.888,79.196,81.617,82.797,83.33,86.61,88.097,135
32,5.5,66.435,64.4,68.09,70.512,72.722,76.294,80.161,82.462,83.578,86.821,91.904,94.803,95.496,99.011,102.114,215
32,6.0,73.841,70.541,74.785,77.372,80.741,82.791,86.646,89.412,89.126,91.015,94.241,96.947,99.012,98.992,101.992,235
32,6.5,83.947,73.16,69.514,70.173,70.592,70.809,70.986,70.656,69.798,68.806,70.681,70.294,67.207,69.163,68.83,163
32,7.0,97.14,78.208,70.846,66.636,65.836,63.792,62.71,60.462,60.616,61.114,61.703,61.293,61.162,61.668,61.99,202
32,7.5,110.685,88.756,78.89,74.556,71.799,69.615,68.397,67.146,66.683,65.48,65.736,65.891,65.09,66.089,65.541,345
32,8.0,142.04,118.002,112.227,110.651,111.98,113.512,116.005,118.713,119.183,122.382,126.363,126.361,126.707,126.739,126.307,1209
32,8.5,161.583,129.559,118.171,113.024,111.053,110.066,109.294,109.149,109.085,108.151,107.527,108.039,107.622,106.431,107.499,1419
32,9.0,198.375,150.986,132.118,120.473,112.786,107.862,104.304,98.937,96.797,94.055,90.649,89.091,87.448,86.387,84.31,1299
32,9.5,247.858,184.92,156.88,140.848,130.305,122.423,116.836,108.388,105.455,100.459,95.484,91.366,88.815,85.571,82.688,1520
32,10.0,314.706,231.364,195.531,174.228,159.436,148.695,140.307,127.964,123.458,116.088,108.049,102.297,98.808,95.418,91.826,1941
32,10.5,396.655,289.146,241.9,213.394,194.028,180.034,169.336,153.634,147.58,137.71,127.332,120.118,114.888,109.588,104.608,2248
32,11.0,514.268,373.697,311.949,274.855,249.845,230.897,216.182,194.504,186.34,173.279,159.648,149.237,141.966,134.669,128.089,2691
32,11.5,645.437,470.284,393.71,346.452,314.041,290.791,272.559,245.703,235.314,219.398,201.399,189.258,180.401,170.702,162.055,1935
32,12.0,976.628,720.964,607.579,540.358,494.518,460.873,434.023,397.675,383.192,359.963,333.098,315.099,299.959,287.029,275.606,774
32,12.5,1378.976,1023.691,859.802,762.105,694.048,647.436,608.758,549.174,525.819,488.84,450.402,423.402,405.783,386.394,365.946,706
32,13.0,1985.209,1462.859,1234.923,1098.863,1009.349,942.869,884.87,807.741,779.182,726.654,671.942,638.405,610.966,581.544,549.625,683
32,13.5,2852.675,2143.973,1791.334,1592.906,1464.271,1355.273,1274.507,1158.021,1104.268,1029.31,940.391,877.629,831.506,785.475,734.86,449
32,14.0,4152.373,3112.715,2609.149,2339.667,2174.929,2045.442,1929.865,1760.504,1686.375,1573.79,1451.64,1366.156,1267.297,1191.029,1114.87,285
32,14.5,6522.623,4906.769,4136.804,3744.751,3426.01,3174.105,2991.559,2706.611,2627.386,2447.208,2216.785,2102.64,2002.474,1878.14,1763.06,199
32,15.0,10648.907,8031.005,6816.547,6052.65,5602.644,5325.179,5053.331,4675.774,4529.39,4286.591,3969.338,3692.574,3530.698,3309.088,3170.991,175
32,15.5,16515.497,12112.498,10178.064,8967.298,8161.407,7555.256,7102.817,6416.304,6197.069,5749.496,5237.27,5010.237,4670.242,4400.52,4076.022,170
32,16.0,26086.413,19084.81,16054.934,14142.426,13032.894,12280.554,11589.964,10514.974,10049.434,9272.227,8556.193,7896.884,7449.782,7052.536,6562.247,210
32,16.5,37462.957,27054.654,22515.045,19760.4,18099.884,16731.33,15668.951,13769.13,13140.266,12229.493,10980.234,10200.116,9553.715,8780.368,8112.238,194
32,17.0,61724.133,44692.051,37181.848,32325.408,29214.742,27060.621,25222.467,22578.85,21538.613,19905.711,18026.27,16580.646,15633.946,14477.409,13327.832,221
32,17.5,90979.914,64964.219,53975.508,47136.895,42806.172,39074.996,36551.039,32598.322,31024.447,28480.904,25703.77,23708.789,22013.225,20391.553,18901.412,181
32,18.0,121870.148,93563.953,74205.359,61055.402,56013.082,52564.176,49693.617,45140.312,43431.93,40546.152,37133.387,33883.477,31492.83,29173.324,27135.023,19
33,3.0,28.264,32.673,34.004,37.371,38.905,40.156,41.767,43.345,43.213,44.064,45.753,47.158,47.896,49.653,51.838,21
33,3.5,29.564,33.11,32.283,34.748,35.948,37.876,38.574,40.01,40.582,42.207,45.344,47.272,48.51,49.958,52.606,30
33,4.0,34.817,33.109,36.84,38.781,41.114,43.418,45.332,48.099,48.921,49.923,52.126,54.06,55.54,57.93,60.85,48
33,4.5,42.682,43.522,47.956,52.104,54.471,55.045,57.248,59.629,59.934,61.409,64.646,67.471,71.2,73.926,77.22,81
33,5.0,52.69,50.357,53.07,54.768,57.677,60.195,63.62,66.906,67.804,69.615,73.64,76.526,78.835,81.993,86.31,156
33,5.5,60.375,57.114,58.028,60.547,62.205,65.085,68.951,72.59,73.22,75.436,79.728,82.659,84.86,87.643,91.268,281
33,6.0,69.39,65.215,66.635,68.714,71.618,74.069,77.322,79.576,81.138,82.17,84.923,87.364,89.118,91.517,94.063,338
33,6.5,81.376,69.617,66.226,65.461,66.486,67.588,66.497,68.711,68.331,66.454,65.554,65.044,63.393,63.62,62.605,176
33,7.0,91.07,71.661,63.705,59.636,56.742,53.722,51.959,49.932,48.213,48.005,45.169,43.593,43.833,44.831,45.016,181
33,7.5,109.412,85.592,75.833,71.172,67.786,65.406,64.965,61.978,59.725,58.105,57.457,57.516,57.203,55.302,55.232,352
33,8.0,140.718,117.407,111.845,110.187,111.562,114.295,116.721,118.97,119.852,121.698,124.0,123.555,124.235,124.854,124.345,1367
33,8.5,162.474,131.621,120.276,115.585,113.212,112.28,112.015,113.232,112.388,111.629,111.292,110.8,111.21,113.044,113.239,1450
33,9.0,199.14,153.66,133.634,123.301,116.561,111.16,107.093,102.458,100.39,97.833,95.014,93.193,90.868,89.582,87.072,1290
33,9.5,249.034,186.051,159.014,142.388,131.478,123.862,117.841,109.834,105.85,101.012,95.392,91.509,88.381,84.959,81.689,1564
33,10.0,316.548,234.006,198.51,176.947,162.117,151.224,143.071,131.094,126.119,118.492,110.908,105.138,100.382,95.826,91.616,1926
33,10.5,405.523,295.945,248.384,219.558,200.63,186.636,175.544,159.209,153.176,143.047,132.612,124.553,118.827,113.198,107.518,2214
33,11.0,533.6,388.211,323.98,285.784,259.998,240.848,226.208,205.004,196.799,183.87,169.413,158.456,150.636,141.706,133.84,2524
33,11.5,736.803,538.445,450.018,397.871,362.148,335.199,314.548,282.821,270.567,251.657,230.733,215.122,203.136,191.218,180.653,2216
33,12.0,1005.609,736.138,619.825,549.213,499.622,465.867,439.356,396.711,381.624,357.888,328.698,311.71,294.2,279.783,266.745,961
33,12.5,1393.686,1030.88,862.138,765.743,699.338,647.026,608.985,554.971,533.6,496.646,458.922,428.387,406.766,383.962,360.924,676
33,13.0,1975.114,1481.271,1251.9,1113.938,1012.656,942.921,886.835,805.226,775.064,725.244,669.168,625.849,590.502,561.499,524.921,618
33,13.5,2871.549,2096.913,1768.116,1579.233,1437.826,1330.791,1254.123,1137.186,1086.24,1009.0,921.301,855.833,799.181,742.037,692.045,385
33,14.0,4581.808,3366.953,2879.201,2554.322,2312.522,2177.86,2050.881,1840.674,1756.777,1622.004,1498.746,1381.807,1296.979,1206.462,1139.12,220
33,14.5,7484.601,5574.586,4647.79,4130.991,3684.666,3414.362,3205.98,2858.773,2722.268,2518.848,2316.347,2141.295,1993.756,1847.742,1706.655,120
33,15.0,11727.7,8523.53,7153.746,6297.916,5748.092,5366.962,5033.646,4558.616,4337.111,3961.906,3662.712,3380.654,3180.424,2944.436,2731.547,84
33,15.5,18800.17,14152.176,12390.056,10693.47,9519.312,8695.482,8066.413,7243.944,6825.309,6307.894,5766.382,5385.22,5093.052,4773.708,4502.363,66
33,16.0,33318.204,25023.114,20649.866,18215.262,16540.747,15196.738,14097.372,12589.054,12036.47,11055.23,9946.052,9124.972,8491.758,7883.614,7341.842,126
33,16.5,45994.93,33605.867,28664.615,24982.148,22587.686,20618.305,19077.094,16975.918,16472.096,15342.727,14310.805,13227.96,12568.646,11433.086,10559.392,143
33,17.0,68194.062,48659.934,40556.875,35610.91,32179.781,29591.66,27498.33,24488.654,23306.906,21348.021,19271.117,17752.373,16616.883,15342.025,14166.157,179
33,17.5,107770.836,77016.305,64093.781,56099.559,50439.242,46350.832,42878.758,38321.145,36404.465,33329.531,30063.182,27645.869,25928.369,23977.057,22195.184,159
33,18.0,137740.234,96788.75,79437.992,69202.0,62864.188,57641.016,53614.941,47740.344,45426.371,41876.254,38203.164,35494.258,33284.812,31313.982,29031.406,19
34,3.0,51.859,49.209,44.982,45.681,43.267,43.649,45.31,48.558,49.58,51.449,54.549,57.412,59.895,62.912,66.075,17
34,3.5,33.431,38.324,38.546,40.24,41.748,42.973,43.863,46.252,46.922,48.272,50.962,53.124,53.829,56.171,58.951,24
34,4.0,38.555,37.732,41.524,43.707,44.514,46.616,49.175,52.08,52.67,54.178,56.655,58.551,61.402,63.822,67.127,58
34,4.5,42.359,43.909,49.053,50.583,52.476,53.416,55.989,59.598,60.597,62.646,66.342,69.567,72.185,75.107,78.987,71
34,5.0,55.778,54.762,57.887,62.521,63.749,66.133,68.619,71.466,73.606,75.615,78.616,80.371,83.989,87.872,90.195,159
34,5.5,64.566,63.175,64.412,68.069,71.229,72.443,75.476,79.101,79.73,81.707,85.116,88.182,91.236,94.666,98.361,313
34,6.0,73.012,69.647,70.471,72.422,73.972,77.724,81.559,83.156,84.881,85.115,88.247,90.715,93.932,96.579,99.642,305
34,6.5,88.658,76.932,73.812,73.713,75.828,76.566,77.892,76.606,77.375,75.884,75.846,77.392,77.85,80.436,80.505,190
34,7.0,93.77,77.032,69.88,64.874,61.315,58.518,57.191,55.905,54.743,52.679,50.321,51.276,51.156,51.75,53.521,184
34,7.5,110.871,88.91,79.321,74.629,72.456,70.304,68.118,66.781,65.984,63.923,63.523,64.078,63.394,61.771,59.998,303
34,8.0,143.122,119.556,113.379,112.322,115.449,118.766,120.945,123.237,124.767,125.57,128.869,131.15,132.284,133.027,133.783,1314
34,8.5,163.552,132.155,121.123,117.59,117.134,116.28,116.83,116.643,117.479,118.192,119.006,116.734,116.627,116.976,116.988,1420
34,9.0,201.49,154.836,135.432,124.901,117.66,111.808,108.185,102.89,101.191,98.201,95.108,93.334,89.974,88.423,86.368,1270
34,9.5,251.785,187.9,160.673,144.693,135.338,127.188,121.084,112.46,109.222,103.891,97.777,93.369,90.839,87.497,84.621,1439
34,10.0,322.571,239.076,202.31,181.049,166.832,155.333,147.32,135.295,130.731,123.88,115.294,108.906,104.143,100.026,96.729,1859
34,10.5,412.905,303.248,255.392,226.203,206.631,191.818,181.405,165.396,159.413,149.11,138.136,130.652,124.309,118.715,112.974,2159
34,11.0,545.818,398.383,334.588,296.26,270.359,251.447,236.072,214.24,205.824,192.332,178.254,167.69,159.55,151.672,144.396,2376
34,11.5,752.542,545.852,460.66,404.709,369.659,344.884,324.241,291.656,280.11,261.567,241.608,227.114,215.587,205.562,193.514,2190
34,12.0,998.56,736.402,620.46,551.725,502.606,465.464,436.209,392.71,376.282,350.222,321.695,301.018,287.967,271.201,258.196,1118
34,12.5,1402.665,1039.798,876.968,775.166,707.872,652.501,613.215,556.961,534.976,496.463,458.99,430.611,412.119,396.091,376.752,744
34,13.0,1961.048,1452.682,1225.022,1088.83,999.729,929.096,873.828,792.092,757.501,705.081,643.804,603.25,573.603,539.887,512.257,694
34,13.5,2899.227,2115.812,1799.962,1595.978,1447.249,1333.852,1250.804,1121.392,1070.991,999.747,911.729,846.464,801.512,752.299,706.142,514
34,14.0,4443.045,3279.978,2786.082,2451.273,2265.1,2107.726,1969.164,1743.438,1653.294,1523.51,1398.343,1312.155,1244.013,1152.132,1072.0,292
34,14.5,7567.664,5715.464,4903.42,4357.448,3949.265,3662.524,3478.538,3147.339,3011.754,2811.879,2561.429,2369.788,2221.162,2155.828,2006.981,146
34,15.0,11830.453,8813.551,7664.916,6948.699,6464.021,6000.009,5653.925,5031.059,4820.564,4527.142,4120.065,3755.998,3473.028,3071.86,2827.052,89
34,15.5,21012.09,15509.045,13175.69,11871.753,10971.485,10421.691,9394.078,8529.289,8236.534,7598.369,6899.636,6457.453,6090.464,5725.163,5392.146,101
34,16.0,33814.027,26516.049,21847.359,19824.428,17818.91,16408.381,15153.956,13505.88,12975.133,12117.488,10990.581,10070.669,9517.481,8816.818,8170.62,121
34,16.5,48990.785,35533.387,29977.293,26406.322,24323.697,22448.516,20968.453,18848.807,18015.174,16649.762,15240.743,14140.897,13311.12,12458.915,11668.593,163
34,17.0,71307.234,51390.941,42324.164,37080.57,33663.543,30932.646,28683.256,26017.855,24800.635,22763.783,20611.061,19276.877,18249.455,17032.686,15715.21,171
34,17.5,117128.926,84691.434,70605.848,61998.098,56109.384,51834.678,48692.87,43874.692,41575.462,38318.455,34486.83,31785.958,29794.656,27974.388,26071.467,142
34,18.0,167930.828,123999.274,101757.875,88099.21,78400.566,71567.371,66359.135,59095.986,56427.95,52101.096,47355.519,43852.392,41102.192,38187.909,35410.076,20
35,3.0,25.899,27.754,32.621,36.606,38.784,40.852,43.302,45.902,47.904,49.516,52.079,54.374,56.927,59.654,62.896,16
35,3.5,29.284,29.583,34.828,38.99,41.952,44.591,47.54,50.707,51.632,53.288,56.498,56.576,57.084,59.546,62.538,24
35,4.0,44.245,45.005,47.841,48.201,51.202,52.972,54.64,56.976,59.141,62.028,66.506,69.664,71.762,75.087,78.83,61
35,4.5,46.079,46.574,49.952,54.639,56.961,58.737,60.613,65.189,65.163,69.251,72.774,75.552,78.34,81.201,83.501,69
35,5.0,61.625,62.852,69.224,72.816,75.471,77.817,80.59,85.746,86.736,89.449,94.056,97.642,99.489,101.487,106.118,148
35,5.5,65.621,62.354,65.869,67.984,71.283,75.455,77.181,80.246,80.432,83.455,86.474,89.596,93.501,95.591,99.131,269
35,6.0,70.336,66.768,69.053,71.73,73.952,77.858,83.144,83.597,85.229,87.679,92.661,94.992,96.27,99.574,102.163,307
35,6.5,86.926,75.083,72.712,73.139,76.264,78.749,80.703,79.732,79.786,81.264,81.9,84.404,84.52,80.663,82.125,186
35,7.0,97.623,80.302,74.864,71.592,70.101,69.647,68.915,69.957,70.822,72.881,75.746,76.656,76.62,78.128,79.759,185
35,7.5,113.488,90.781,82.341,78.089,77.628,76.076,74.855,74.486,74.583,75.378,76.062,76.268,75.697,78.488,76.353,313
35,8.0,143.008,118.412,111.232,110.254,113.288,116.138,118.72,121.066,123.267,125.977,129.746,131.312,131.515,132.21,134.329,1242
35,8.5,165.39,133.266,122.226,116.957,116.462,116.252,117.096,118.153,119.884,121.306,122.352,124.419,125.567,126.068,125.985,1390
35,9.0,201.127,154.779,136.267,125.733,120.482,116.29,112.721,108.142,106.155,104.021,101.366,100.13,98.557,96.802,95.927,1291
35,9.5,250.952,188.826,163.195,147.644,139.224,132.145,126.578,119.148,116.457,112.172,107.736,104.082,102.264,100.102,98.093,1518
35,10.0,318.477,238.12,204.835,185.103,172.178,162.605,155.536,144.369,139.764,133.531,126.514,122.222,118.567,115.726,112.529,1908
35,10.5,410.715,304.644,259.566,232.365,215.345,202.65,192.471,178.072,173.021,164.116,154.597,148.175,143.06,138.176,132.402,2267
35,11.0,532.789,393.617,335.083,299.706,275.618,258.098,244.583,224.668,217.208,205.521,191.977,182.735,175.689,168.467,161.677,2519
35,11.5,709.206,528.95,451.554,404.539,374.552,351.778,333.493,308.077,297.986,282.256,264.169,252.644,241.828,234.786,226.176,2018
35,12.0,1002.553,747.36,644.787,581.5,539.365,507.515,481.377,447.357,432.665,408.128,382.904,365.895,350.531,335.675,324.593,941
35,12.5,1358.051,1018.701,878.068,787.686,727.671,686.202,653.8,598.107,579.109,551.383,514.524,487.363,470.137,452.723,438.84,731
35,13.0,1907.766,1433.833,1219.538,1087.311,1010.134,945.624,895.407,824.52,797.597,754.678,703.358,669.788,636.302,608.576,574.956,675
35,13.5,2833.931,2095.49,1788.966,1594.826,1463.026,1359.073,1281.4,1172.658,1121.596,1060.116,972.272,908.006,866.668,815.702,769.658,458
35,14.0,4133.268,3046.19,2590.239,2312.168,2112.526,1968.8,1862.721,1687.809,1626.233,1523.312,1386.956,1284.192,1206.704,1138.775,1077.071,330
35,14.5,6352.514,4663.509,3904.59,3436.718,3115.276,2876.544,2699.953,2449.164,2345.152,2186.246,1999.544,1866.133,1760.354,1650.568,1526.231,235
35,15.0,9554.629,7197.764,5953.824,5234.096,4761.213,4413.04,4138.307,3708.076,3555.15,3310.86,3025.997,2836.102,2695.059,2530.065,2369.114,136
35,15.5,15891.354,11515.629,9576.984,8327.482,7654.449,7048.941,6620.837,6027.004,5830.137,5452.296,5025.668,4662.729,4566.119,4329.798,3992.946,111
35,16.0,27834.299,20889.402,17628.396,15707.893,14577.972,13496.942,12689.034,11604.527,11200.905,10356.596,9426.881,8659.47,8235.971,7719.129,7241.647,127
35,16.5,45984.812,33587.645,27524.131,24370.844,22142.492,20739.787,19553.979,18142.857,17398.029,16035.984,14658.098,13604.585,12744.151,11911.331,11075.108,161
35,17.0,63562.73,46568.785,38585.211,34228.012,31156.842,28747.787,26859.049,24065.424,23034.697,21403.18,19594.137,18154.541,17245.074,16421.27,15399.849,179
35,17.5,116502.004,84799.852,71851.789,64011.186,58479.018,54018.344,50752.39,46702.635,45031.09,41943.22,38360.748,35391.504,33576.873,31512.854,29293.092,142
35,18.0,142161.484,103208.594,86294.976,73582.164,66367.711,60653.546,56569.456,51004.676,48986.844,45655.194,41933.219,39228.886,37677.447,35870.522,34031.354,14
36,2.5,47.821,54.884,61.542,63.96,65.481,66.969,68.564,71.446,72.702,74.297,76.543,78.181,79.182,83.117,87.942,10
36,3.0,32.58,40.267,45.546,47.519,48.708,49.424,50.447,53.074,55.473,59.242,64.359,67.223,69.079,72.211,76.487,17
36,3.5,42.599,46.14,49.579,50.455,52.617,54.636,57.502,60.951,61.935,63.963,67.982,71.13,73.92,77.848,82.668,28
36,4.0,39.117,40.746,46.931,51.408,53.332,54.731,57.038,59.577,59.28,59.523,62.522,65.29,66.776,69.94,73.718,57
36,4.5,46.166,48.398,52.19,55.61,58.26,60.647,64.369,68.186,69.263,71.348,75.553,78.595,79.649,83.04,86.852,73
36,5.0,61.071,60.492,67.889,73.009,75.112,77.789,81.644,86.668,87.453,90.142,92.534,94.73,98.426,101.976,104.938,152
36,5.5,68.595,67.364,73.021,78.928,82.042,84.939,88.464,92.438,93.216,94.662,96.84,99.588,102.296,105.512,106.632,274
36,6.0,73.478,72.282,73.844,78.101,79.66,82.399,85.846,91.086,92.674,94.587,96.68,98.514,101.16,103.174,107.08,296
36,6.5,88.096,74.718,69.184,68.769,69.057,70.439,71.759,70.633,69.99,69.068,72.477,71.916,72.205,73.865,73.706,161
36,7.0,96.5,76.926,69.506,65.18,63.466,62.659,60.834,59.859,60.228,60.376,60.408,60.976,61.191,61.43,62.722,192
36,7.5,111.562,88.345,79.09,72.778,69.096,66.8,65.506,64.012,62.707,62.817,61.04,59.915,60.6,58.569,56.652,348
36,8.0,145.482,122.709,117.886,117.102,118.899,121.452,124.209,125.75,127.65,129.088,131.034,130.568,130.315,130.116,132.488,1180
36,8.5,166.22,136.12,127.155,124.463,125.465,125.626,127.08,127.378,127.478,128.372,129.015,127.614,126.609,125.732,125.102,1408
36,9.0,203.318,157.454,138.756,127.585,121.226,117.026,113.942,110.032,108.422,105.965,103.896,100.576,98.173,97.142,95.132,1184
36,9.5,252.282,189.527,161.574,145.497,135.416,128.089,122.348,114.156,110.602,105.459,99.523,95.255,92.892,89.854,86.014,1356
36,10.0,319.765,236.835,200.519,179.21,164.795,153.862,145.954,134.188,129.719,121.64,113.763,108.265,103.456,99.131,95.254,1741
36,10.5,410.417,301.166,254.397,226.122,206.838,192.651,181.528,165.67,159.456,150.612,140.104,132.223,126.524,119.673,114.008,2202
36,11.0,531.7,387.506,325.072,287.858,261.926,243.103,228.354,206.929,198.738,185.563,171.243,160.928,153.015,145.057,136.93,2660
36,11.5,696.082,510.588,430.63,383.459,350.104,326.866,307.734,279.48,268.716,251.946,233.477,219.921,210.229,199.066,188.922,2250
36,12.0,1010.736,751.173,639.122,570.714,521.79,489.878,462.159,422.289,405.718,382.17,356.315,335.522,324.231,311.469,298.574,1015
36,12.5,1375.645,1021.052,866.743,770.031,704.669,652.046,613.768,555.06,531.903,493.956,459.636,436.517,418.45,398.938,379.166,783
36,13.0,1918.491,1417.216,1190.623,1057.318,958.638,893.176,840.547,761.344,732.076,682.854,631.1,590.588,565.433,537.771,514.195,715
36,13.5,2772.798,2022.021,1728.519,1520.524,1393.523,1286.561,1210.002,1092.422,1042.411,969.705,897.768,834.45,790.806,753.729,706.387,429
36,14.0,4158.883,3097.159,2606.668,2306.448,2145.22,1985.106,1867.454,1655.702,1598.866,1471.997,1334.381,1247.339,1151.155,1070.328,1003.733,301
36,14.5,6138.811,4476.307,3756.308,3306.86,3002.732,2783.331,2606.092,2333.84,2215.472,2031.144,1847.296,1721.806,1626.418,1512.012,1398.692,266
36,15.0,9603.895,7084.877,5959.47,5176.311,4679.607,4368.661,4111.003,3694.513,3522.597,3220.089,2926.811,2699.479,2523.263,2332.834,2161.563,163
36,15.5,16112.38,11778.921,9831.469,8701.648,7923.07,7344.758,6875.861,6181.16,5903.352,5446.392,4933.987,4523.459,4244.088,3928.753,3654.79,102
36,16.0,28999.676,20813.428,17304.408,15031.037,13660.507,12561.827,11837.411,10767.435,10308.245,9502.996,8556.388,7875.924,7433.188,6983.414,6449.262,130
36,16.5,46532.004,33553.094,28070.262,24552.912,22613.08,20812.548,19433.989,17311.78,16679.614,15162.914,13856.174,12925.199,12091.57,11239.486,10495.887,156
36,17.0,70449.703,51809.047,43180.676,38445.84,35264.062,32522.137,30356.613,27092.57,25794.297,23712.672,21640.998,20138.055,18970.527,17657.875,16308.317,177
36,17.5,116332.203,84078.352,71423.188,62637.223,57093.848,52117.109,48811.617,43222.758,41184.762,38822.004,35378.32,32797.055,30823.629,28533.555,26391.58,141
36,18.0,145931.844,106546.773,89536.258,79710.836,73019.484,67216.68,62171.82,54341.336,51301.758,47166.605,42409.227,39023.195,36416.77,33683.559,31636.465,11
37,2.5,33.593,35.904,40.738,45.54,48.164,50.03,52.422,56.13,57.333,59.863,63.229,65.752,67.808,70.823,74.247,12
37,3.0,43.983,47.223,50.359,54.084,53.062,52.349,52.211,54.911,56.119,58.428,61.99,65.211,68.097,71.546,75.177,19
37,3.5,36.427,36.754,38.246,38.276,39.901,41.133,43.108,46.011,47.18,49.104,51.87,54.085,55.145,57.815,60.975,29
37,4.0,46.162,48.346,47.049,50.155,50.626,52.328,54.818,58.111,59.172,61.306,64.11,66.813,69.328,71.388,73.699,66
37,4.5,46.748,44.993,50.272,52.189,55.016,59.429,63.276,65.698,65.455,66.778,69.16,71.205,72.124,72.452,76.346,81
37,5.0,59.14,54.352,57.828,60.53,62.228,64.821,67.733,71.286,72.989,75.834,79.756,82.346,83.777,86.707,89.366,164
37,5.5,67.429,63.069,63.359,66.278,68.606,70.905,72.951,76.48,77.403,79.56,82.776,85.422,87.664,91.248,93.437,317
37,6.0,70.912,66.165,65.791,67.894,69.168,72.988,76.689,78.677,79.165,81.549,84.273,86.774,88.07,90.694,94.123,309
37,6.5,91.379,79.518,74.994,73.448,75.092,74.532,72.784,66.989,65.077,64.773,67.317,65.064,65.203,67.417,70.301,162
37,7.0,100.273,82.578,72.602,67.907,64.587,62.06,59.506,59.465,57.936,58.671,59.263,60.02,58.995,57.073,57.779,201
37,7.5,115.726,93.062,83.223,78.176,76.132,74.214,71.608,70.812,70.908,70.477,68.48,68.049,68.119,67.015,66.639,374
37,8.0,144.591,120.092,113.389,111.8,112.37,113.891,116.268,118.927,120.555,122.334,125.578,124.873,125.617,127.392,129.444,1321
37,8.5,169.336,137.313,126.933,123.211,123.052,123.201,122.625,122.851,123.006,124.337,125.191,124.773,124.995,124.73,125.583,1491
37,9.0,206.299,159.461,139.769,128.54,121.557,117.721,113.928,109.251,107.549,105.461,103.327,100.376,99.563,98.21,98.184,1301
37,9.5,253.554,190.752,164.017,148.099,137.781,129.839,123.741,115.534,112.066,107.242,102.83,99.344,96.568,94.126,91.476,1388
37,10.0,321.051,238.117,202.806,181.638,167.351,156.636,149.593,138.505,134.25,127.074,119.508,114.179,109.72,105.787,102.03,1789
37,10.5,412.625,304.272,256.675,228.486,209.137,195.569,184.819,169.704,163.701,154.83,144.978,137.712,132.262,127.271,122.324,2233
37,11.0,537.299,392.492,329.561,292.022,266.954,248.953,234.586,212.873,205.512,194.092,180.533,170.794,163.292,156.811,149.797,2475
37,11.5,728.685,533.626,450.576,399.107,365.4,341.024,321.764,295.977,285.686,268.677,249.216,236.504,226.214,216.778,208.428,1958
37,12.0,1042.117,775.919,666.033,598.828,550.451,517.315,488.304,449.423,431.364,406.846,376.392,358.939,344.686,332.438,322.862,973
37,12.5,1399.24,1034.745,881.457,789.039,724.802,677.407,640.574,587.45,567.089,533.648,499.849,472.9,448.389,431.033,415.634,764
37,13.0,1922.494,1439.168,1221.584,1075.513,986.608,926.306,879.047,810.076,779.23,738.387,687.474,651.513,622.878,589.174,560.638,688
37,13.5,2833.022,2096.293,1787.691,1594.894,1450.623,1350.484,1271.876,1160.465,1121.269,1049.256,986.994,917.193,882.236,830.379,790.986,419
37,14.0,4214.314,3072.589,2583.402,2288.549,2087.936,1945.985,1856.589,1695.262,1630.879,1525.517,1400.118,1312.058,1239.471,1169.852,1109.416,321
37,14.5,6375.396,4668.696,3946.15,3461.931,3156.388,2917.949,2721.446,2436.119,2341.434,2172.888,1997.031,1850.49,1746.614,1663.63,1582.086,271
37,15.0,9886.614,7340.562,6148.243,5491.372,4853.429,4470.83,4179.545,3738.606,3583.491,3309.315,3079.001,2913.933,2733.019,2574.834,2413.855,155
37,15.5,17047.62,12482.974,10644.121,9365.101,8572.045,8047.437,7556.513,6841.041,6558.276,6079.867,5600.208,5222.948,5063.974,4745.705,4473.55,102
37,16.0,29367.728,21916.835,18723.974,16581.422,15173.598,14152.364,13279.213,11935.618,11414.697,10701.852,9759.899,9052.532,8581.598,8108.533,7627.472,130
37,16.5,48357.488,36631.332,30409.893,26970.346,24182.896,22614.436,21149.59,18909.588,18021.449,16839.91,15474.041,14435.399,13606.482,12563.501,11850.276,137
37,17.0,73123.102,51892.746,42649.664,37457.73,34099.129,31396.156,29399.295,26861.02,26027.049,24343.188,21975.506,20214.312,19006.158,17755.506,16652.627,163
37,17.5,108701.555,80148.5,66555.258,58753.387,53252.402,49090.391,46249.062,41500.578,39500.348,37096.973,33808.77,31466.492,29907.752,28228.191,26949.648,139
37,18.0,164381.156,114651.336,98239.18,89584.68,80466.469,73864.344,68539.523,60439.371,57323.555,53571.031,49774.602,46982.805,44780.852,42397.418,38467.594,11
38,2.5,41.558,41.594,47.1,53.314,55.653,57.52,60.266,64.76,66.393,69.084,72.568,75.844,80.634,84.73,89.363,14
38,3.0,41.972,45.814,48.864,50.764,49.888,51.668,54.72,58.298,59.405,61.815,65.953,67.564,68.406,71.196,75.311,16
38,3.5,42.588,41.402,43.387,47.296,49.744,52.23,54.573,57.7,58.824,59.432,62.282,64.86,66.6,69.547,73.524,28
38,4.0,44.72,47.268,54.044,57.608,61.25,64.186,67.46,72.229,73.654,76.054,78.955,81.008,81.242,82.58,85.932,68
38,4.5,50.986,49.6,52.787,54.793,55.82,58.725,61.675,64.437,64.036,65.311,68.969,71.394,72.233,75.542,79.325,79
38,5.0,66.385,60.83,64.689,70.437,72.028,74.133,77.269,79.981,80.445,82.187,84.67,87.92,90.151,93.874,96.558,201
38,5.5,66.272,61.552,64.034,68.144,70.715,74.532,78.109,81.034,81.993,83.368,84.846,87.819,89.974,92.78,96.172,312
38,6.0,74.43,69.358,70.775,73.698,76.492,78.569,82.197,85.116,85.923,86.692,89.912,91.543,93.876,97.373,100.202,345
38,6.5,90.973,74.508,68.665,66.888,69.357,71.718,70.341,67.902,68.495,67.135,63.888,60.515,59.429,58.351,57.251,149
38,7.0,98.791,78.824,71.675,69.064,68.977,67.808,65.886,62.358,62.098,60.816,61.11,59.99,59.018,58.0,56.85,212
38,7.5,116.405,93.42,83.314,77.611,74.067,72.558,71.402,68.716,68.559,67.214,67.717,66.598,64.695,64.569,63.095,367
38,8.0,146.176,121.637,115.092,114.283,116.889,118.806,121.868,125.772,126.944,129.302,132.203,131.52,130.935,133.532,134.36,1419
38,8.5,170.608,138.805,128.05,124.55,123.809,124.182,124.88,124.624,125.34,127.493,128.303,129.511,128.751,128.161,130.819,1522
38,9.0,210.234,163.204,144.799,134.459,127.738,123.124,120.397,115.526,113.536,110.902,108.451,107.922,105.522,104.994,102.422,1310
38,9.5,262.591,198.805,172.335,156.972,147.209,140.269,135.075,128.079,125.946,121.992,118.857,116.208,113.891,113.079,110.614,1451
38,10.0,332.426,249.291,214.707,194.324,180.359,170.673,163.321,152.116,147.755,141.669,135.252,131.152,127.991,124.56,121.484,1775
38,10.5,428.587,318.773,271.316,243.302,225.751,212.081,202.262,187.093,181.362,172.198,163.387,156.995,153.075,148.628,143.84,2067
38,11.0,557.643,412.189,350.486,313.061,289.396,270.725,256.593,236.474,228.564,216.519,203.981,194.829,188.068,182.552,175.767,2244
38,11.5,789.216,583.676,495.871,442.274,406.315,379.391,360.27,330.813,320.421,302.003,280.693,266.639,256.172,245.646,236.279,1870
38,12.0,1066.979,798.006,693.236,626.441,580.416,543.852,513.505,468.264,454.848,432.979,406.472,390.278,375.364,366.414,352.071,1002
38,12.5,1490.617,1102.802,949.328,845.395,781.4,735.462,695.618,643.586,623.848,592.327,550.797,523.521,502.399,484.664,466.217,807
38,13.0,2062.164,1531.836,1311.558,1179.754,1093.87,1025.779,975.872,901.043,867.569,826.731,773.781,739.58,716.447,688.491,661.28,691
38,13.5,3110.829,2320.896,1977.436,1774.487,1618.971,1514.311,1447.869,1345.473,1297.932,1220.76,1143.226,1079.349,1043.238,986.552,934.374,439
38,14.0,4705.06,3507.147,2995.609,2724.111,2491.331,2333.543,2204.947,1992.72,1923.463,1793.411,1643.016,1535.625,1462.263,1407.145,1374.336,347
38,14.5,7857.89,5765.988,4926.812,4343.603,3942.303,3662.245,3438.947,3138.743,3033.387,2828.887,2578.347,2423.047,2311.4,2193.646,2067.309,245
38,15.0,12154.922,8955.615,7476.632,6645.974,6153.684,5758.814,5380.747,4851.15,4679.133,4384.886,4077.49,3827.958,3650.305,3453.712,3301.853,170
38,15.5,20592.764,15164.614,12954.289,11370.342,10154.636,9289.591,8617.631,7821.414,7657.652,7312.5,6983.232,6683.772,6413.414,6053.817,5691.531,98
38,16.0,41189.527,33155.586,28322.406,25044.398,22708.219,21295.115,19981.879,17730.186,16988.662,15871.523,14569.146,13453.886,12284.498,11229.437,10504.482,125
38,16.5,52593.766,39131.75,32715.412,28633.35,25903.592,24222.3,22544.274,20686.31,19877.712,18447.341,16702.096,15639.624,15003.672,14384.793,13651.518,158
38,17.0,80050.617,59283.492,50459.168,44420.215,40714.734,37455.02,35287.117,31948.992,30709.127,28686.156,26915.701,25438.043,23945.953,23059.555,22185.32,171
38,17.5,135615.57,97358.496,80397.324,70877.801,65179.522,60604.816,56971.93,52109.841,50197.238,47473.076,44824.713,42221.053,39536.916,37255.954,34903.106,116
38,18.0,355841.234,272275.781,234931.688,212135.352,197436.875,185948.328,176633.547,161666.0,155240.828,144657.188,131712.336,121191.094,112678.59,103746.144,95317.125,16
38,19.0,1498496.625,1182600.656,1020272.938,898194.782,823037.719,763428.562,716534.125,645689.032,618185.437,573479.406,523557.578,486518.891,458300.531,437461.89,416329.188,10
38,19.5,1877108.562,1428407.875,1253231.375,1139522.719,1057105.782,997742.312,968636.406,921020.531,904351.469,881133.844,867525.562,855919.344,850160.782,849038.469,848750.844,12
38,20.0,1749878.75,1332570.0,1184929.938,1058864.25,973839.188,932750.032,903766.344,853463.375,824890.782,777986.218,724879.406,699745.062,694190.562,694369.625,700515.782,12
39,2.5,48.712,44.423,44.453,44.882,45.346,45.955,47.558,50.273,51.676,54.402,58.184,60.925,62.848,66.102,70.24,10
39,3.0,58.176,56.496,54.848,58.726,61.418,63.663,65.297,67.779,68.91,70.845,73.069,74.941,78.014,81.562,84.415,16
39,3.5,38.071,40.116,41.002,41.717,41.78,43.02,44.236,46.432,46.935,48.269,50.692,52.637,54.207,54.35,56.763,22
39,4.0,45.407,46.699,51.669,53.087,55.019,57.029,59.97,63.925,63.82,65.852,69.557,72.597,72.386,75.697,78.347,53
39,4.5,50.962,58.246,61.718,62.811,64.119,66.05,69.328,72.628,72.886,74.224,78.26,80.826,82.572,86.094,88.924,68
39,5.0,65.827,64.942,70.092,73.37,76.404,79.884,82.917,85.648,87.149,89.463,92.483,95.46,96.714,99.162,100.844,186
39,5.5,68.524,65.677,66.431,67.128,69.809,72.91,75.672,79.511,79.263,80.513,84.656,87.507,90.129,92.11,96.187,271
39,6.0,77.888,73.542,72.89,74.04,76.34,78.884,81.493,85.736,85.364,86.658,91.992,95.514,97.25,99.746,101.968,322
39,6.5,85.221,71.798,65.799,61.372,61.695,59.617,59.924,61.637,61.239,61.585,61.571,60.695,59.679,58.715,58.757,151
39,7.0,101.53,82.758,75.748,72.001,69.669,67.497,67.16,68.321,68.768,69.525,70.212,70.559,69.368,68.37,65.624,206
39,7.5,115.197,91.856,82.968,77.926,75.977,74.266,72.85,71.902,71.803,72.308,71.852,72.039,70.183,70.376,68.606,326
39,8.0,148.502,123.471,116.107,114.185,115.294,117.888,119.622,122.188,124.168,126.335,130.441,130.84,132.889,134.123,136.837,1383
39,8.5,172.981,139.918,129.463,125.157,124.103,124.537,125.805,127.128,127.522,129.265,130.832,132.398,132.681,133.016,134.796,1479
39,9.0,213.581,166.427,147.848,136.373,130.486,126.904,124.178,119.212,117.585,115.21,112.168,110.562,108.96,106.96,106.007,1238
39,9.5,267.444,202.065,175.902,160.216,150.338,143.008,137.76,129.642,127.233,123.209,119.43,116.136,114.142,112.662,110.846,1432
39,10.0,338.733,252.946,217.004,196.743,182.958,173.37,165.77,155.562,151.779,146.15,139.401,134.988,131.431,128.661,125.336,1636
39,10.5,439.44,326.428,276.739,248.378,229.767,216.388,206.166,190.98,185.184,177.254,167.144,161.148,156.703,151.576,147.514,1822
39,11.0,576.222,423.636,358.584,320.608,296.222,277.089,263.336,242.418,235.401,223.033,209.144,200.148,193.245,187.01,180.978,2156
39,11.5,810.892,598.474,508.692,453.592,418.726,390.952,371.156,340.358,330.004,313.855,294.71,281.971,271.738,261.0,251.829,2034
39,12.0,1100.989,816.436,693.808,621.781,575.064,539.369,509.844,470.631,455.301,434.49,408.81,388.804,374.12,361.125,347.958,1334
39,12.5,1567.064,1164.758,989.716,892.608,823.192,771.803,728.547,665.566,646.169,614.224,578.594,553.171,535.579,516.333,497.058,872
39,13.0,2200.621,1650.384,1404.81,1266.728,1179.046,1114.774,1061.685,979.908,951.998,901.737,845.517,794.946,768.123,742.137,706.006,846
39,13.5,3458.449,2581.344,2214.905,1994.52,1840.046,1743.271,1671.915,1546.697,1494.671,1402.246,1301.068,1246.721,1188.369,1133.563,1081.829,511
39,14.0,5924.872,4383.302,3870.79,3493.623,3200.554,3025.614,2862.624,2658.202,2566.792,2394.97,2185.668,2073.475,2024.691,1903.734,1824.444,348
39,14.5,10370.596,7807.1,6570.866,5958.732,5594.138,5254.81,5071.295,4749.966,4606.526,4336.652,4065.065,3807.736,3550.396,3425.991,3316.062,240
39,15.0,17645.386,13021.037,11168.243,9959.459,9212.608,8479.61,8060.897,7201.25,6975.203,6433.485,5929.556,5640.176,5296.379,5054.289,4852.247,194
39,15.5,25904.332,19066.926,16121.467,14356.73,13093.443,12223.278,11480.63,10226.524,9760.781,9031.716,8225.624,7770.574,7348.199,7101.062,6774.89,128
39,16.0,38178.158,28834.221,24468.313,21427.394,19489.542,18081.049,17164.626,15688.828,15137.646,14119.26,13016.368,12177.812,11611.262,10885.306,10105.41,120
39,16.5,55365.5,40531.795,33998.756,29961.436,27602.858,25799.529,24352.129,22002.555,21108.42,19657.944,17964.879,17001.959,16273.128,15511.265,14631.81,154
39,17.0,83290.07,60210.836,50167.441,43673.742,40702.898,37817.285,35548.48,32317.523,31032.264,29124.023,27045.945,25350.801,24137.867,22721.234,21574.57,153
39,17.5,133408.547,97221.551,81052.558,71657.656,65031.123,60210.762,56489.942,51133.38,49144.989,46142.201,42711.478,40416.959,38366.166,36794.146,34549.778,116
39,18.0,752548.594,550203.86,476628.093,428074.109,407418.562,386377.797,369288.813,342847.062,333250.469,317630.094,301717.516,290776.766,283140.672,276297.625,270894.453,12
39,18.5,987986.937,745299.156,655600.968,602623.656,567718.906,541199.125,522142.078,495558.219,484199.14,470964.625,458978.266,451647.36,441130.0,426346.062,411745.938,12
39,19.0,2130374.875,1616184.375,1430323.25,1315887.718,1248885.406,1202619.906,1131322.219,1024976.312,985746.656,921422.438,851919.688,801054.156,761857.688,721290.125,682685.656,10
39,19.5,1754861.188,1291473.625,1077951.906,949147.844,867226.844,815352.219,774856.625,714441.531,690867.188,654601.563,615290.375,586441.375,565041.812,544559.61,526964.75,10
40,3.0,36.393,42.381,40.372,39.959,42.885,41.127,39.778,40.746,41.365,43.474,45.352,47.11,48.699,51.445,54.556,19
40,3.5,41.756,45.246,44.36,45.257,45.271,46.348,48.57,51.768,52.53,56.116,61.791,64.652,66.186,68.917,73.031,21
40,4.0,42.318,42.587,43.951,45.896,49.145,52.792,53.483,55.487,56.832,59.059,62.469,64.999,67.149,69.075,73.257,47
40,4.5,49.324,45.971,48.442,50.672,52.474,54.462,56.776,60.049,60.363,62.372,65.651,67.526,69.274,72.164,75.927,86
40,5.0,68.069,63.174,66.218,70.192,72.846,75.362,77.485,81.447,82.254,83.068,84.878,87.571,90.094,93.494,95.496,132
40,5.5,71.924,67.598,72.093,77.962,79.977,83.288,85.746,90.453,91.428,94.475,97.533,100.525,100.803,103.199,104.903,241
40,6.0,75.776,71.55,69.902,69.556,70.119,73.472,76.918,80.971,81.588,83.776,87.958,91.453,92.982,96.052,97.079,230
40,6.5,86.361,70.97,66.442,63.602,61.494,62.476,62.506,62.982,63.724,66.161,66.989,68.05,69.138,69.406,71.14,152
40,7.0,104.134,83.466,76.466,72.208,70.132,68.54,67.103,67.706,66.92,68.983,66.826,68.732,68.696,67.546,65.049,208
40,7.5,118.639,93.937,85.051,80.486,77.291,75.523,75.746,73.287,73.649,73.436,73.22,73.477,75.421,76.165,75.374,295
40,8.0,151.323,126.899,120.348,119.166,119.944,122.175,124.842,128.928,130.082,132.524,137.768,140.288,141.143,143.245,144.156,1166
40,8.5,173.91,142.228,130.86,126.472,125.066,124.846,126.39,126.258,126.768,129.033,130.079,129.462,129.754,130.411,130.398,1268
40,9.0,210.77,162.017,141.629,131.152,123.499,117.904,114.88,111.441,109.817,107.282,104.233,102.679,102.633,102.094,101.201,1123
40,9.5,261.0,195.957,169.246,152.796,141.926,134.216,128.696,120.686,117.328,113.12,108.888,105.526,103.032,99.774,97.773,1386
40,10.0,332.155,247.6,210.662,189.416,175.588,165.338,157.401,146.399,142.924,136.222,129.598,125.528,122.449,118.994,115.169,1838
40,10.5,423.419,314.524,267.292,239.968,221.746,208.818,198.866,183.91,178.91,171.181,162.796,157.114,152.623,147.915,143.616,2059
40,11.0,569.252,422.674,359.949,322.908,298.27,279.24,265.423,247.134,240.092,229.21,217.232,208.246,201.912,195.043,188.494,1614
40,11.5,772.4,569.107,482.471,432.964,398.979,376.19,358.379,331.807,321.137,307.77,289.531,278.449,270.271,261.271,252.635,1277
40,12.0,1037.64,764.511,649.23,579.772,535.788,502.792,477.92,440.92,426.854,405.978,385.136,370.068,356.368,343.504,331.383,1048
40,12.5,1484.038,1094.005,928.953,833.993,770.724,721.934,687.268,633.585,610.454,578.877,541.774,518.302,494.178,471.956,454.443,716
40,13.0,2136.929,1585.926,1355.173,1209.301,1119.728,1048.065,995.038,918.489,886.686,842.807,794.07,759.015,722.015,687.581,651.076,709
40,13.5,3165.921,2298.581,1956.952,1751.738,1628.422,1518.537,1437.985,1331.044,1290.243,1211.305,1143.097,1095.493,1058.403,1008.014,962.777,643
40,14.0,5053.224,3730.568,3175.47,2866.1,2665.186,2502.4,2381.876,2185.225,2105.412,1997.405,1888.999,1780.902,1698.724,1619.564,1543.318,520
40,14.5,8177.924,5992.459,5087.66,4529.262,4255.007,4005.107,3806.908,3526.522,3425.141,3249.742,3068.803,2889.479,2759.339,2639.236,2544.062,517
40,15.0,12587.641,9270.093,7837.61,7052.345,6480.751,6090.911,5780.247,5328.917,5141.261,4898.733,4603.675,4341.566,4179.902,4014.227,3882.569,441
40,15.5,19863.973,14506.293,12329.942,11022.741,10292.33,9657.017,9115.516,8424.147,8218.102,7803.703,7255.866,6888.719,6626.837,6373.826,6037.86,237
40,16.0,34689.28,25271.533,21102.59,18915.641,17423.124,16199.648,15410.636,14208.719,13746.133,12894.843,12210.864,11664.884,11142.21,10650.85,10326.661,226
40,16.5,50119.787,37183.748,31683.454,28222.938,26090.27,24262.81,22658.6,20904.158,19956.48,18910.138,17651.37,17052.514,16442.628,15801.204,14954.698,248
40,17.0,84534.969,61257.363,51670.758,46169.568,41848.75,38903.26,37024.676,33910.428,32846.492,30746.098,28454.55,26647.743,25350.576,24121.322,22995.59,294
40,17.5,123674.554,89749.707,75584.902,66782.964,61352.561,57173.136,54090.354,49632.982,48091.354,45168.588,42213.094,39536.693,37877.344,35966.84,33956.164,412
40,18.0,198915.797,141585.094,118400.055,104380.281,96316.539,89895.492,85415.43,78136.789,75469.703,71504.688,66213.211,62273.586,59116.945,56188.531,53621.113,319
40,18.5,424037.438,300040.64,255254.735,225616.344,207171.39,192067.172,182788.516,171609.375,167277.696,158204.562,149766.07,141843.898,137918.414,133613.11,128538.816,124
40,19.0,684303.0,505743.14,430225.204,387255.843,356727.016,333207.0,314191.328,290102.36,281691.75,271548.203,259353.226,247585.719,240760.352,230438.36,220445.32,114
40,19.5,943162.375,696914.75,594799.438,544570.625,496260.344,470076.25,455499.719,423667.562,415605.188,394192.844,372315.406,360374.344,349928.938,336269.0,318969.938,139
40,20.0,1264496.562,922842.312,772589.938,691357.812,635669.813,591091.75,561310.468,520370.656,507469.438,487269.61,456644.047,437866.11,427105.688,411455.157,395438.282,96
40,20.5,1785177.875,1311404.188,1096912.812,967896.0,896007.562,834721.062,788505.875,722235.063,697417.062,658342.25,625388.968,605318.0,590619.969,575418.063,559497.719,22
41,3.0,25.662,24.35,28.63,30.353,30.433,30.982,32.906,34.88,35.417,36.56,38.22,39.469,40.48,42.166,44.134,14
41,3.5,34.021,32.74,35.742,38.344,38.927,40.72,42.975,46.032,46.588,49.424,53.55,56.023,57.287,59.533,62.724,26
41,4.0,41.256,41.176,44.671,48.717,50.18,52.959,55.618,59.113,60.082,62.498,64.465,66.515,67.407,70.414,73.932,56
41,4.5,46.563,45.994,48.628,51.636,53.628,55.749,57.212,59.061,60.509,63.496,66.327,67.937,66.974,66.352,68.492,68
41,5.0,63.585,60.462,66.647,71.631,73.728,76.324,78.986,81.604,82.146,84.557,87.132,89.422,91.81,95.071,99.156,160
41,5.5,66.6,61.838,63.893,67.909,70.315,74.298,78.423,82.331,83.304,86.103,90.086,91.648,93.317,96.595,98.02,283
41,6.0,75.424,67.917,70.446,72.466,73.922,77.099,80.017,84.464,86.249,88.357,91.056,93.031,95.712,99.543,101.401,250
41,6.5,90.84,75.896,69.912,68.65,69.186,68.13,68.323,68.654,68.378,68.658,70.502,71.258,70.954,74.161,73.697,162
41,7.0,106.99,87.805,80.524,76.08,74.776,75.686,74.391,77.803,79.558,78.782,76.28,75.863,77.903,80.17,82.039,199
41,7.5,119.91,94.962,84.97,80.785,78.736,77.969,76.486,75.236,74.101,75.974,75.864,76.252,77.247,80.182,79.01,292
41,8.0,151.029,128.078,122.546,121.824,123.374,128.131,132.098,135.448,136.48,138.935,144.386,146.438,147.56,151.53,153.686,1142
41,8.5,174.121,145.549,138.04,136.652,137.842,139.536,141.331,145.06,146.101,148.057,154.024,156.032,157.464,159.582,161.36,1188
41,9.0,209.436,162.092,142.174,132.094,124.896,120.091,117.618,113.993,112.105,109.83,109.024,108.202,107.524,107.682,106.094,984
41,9.5,260.432,196.176,169.983,154.004,142.908,135.292,129.702,121.278,118.137,113.486,109.703,105.633,103.014,101.969,99.451,1077
41,10.0,330.396,246.568,209.34,187.899,174.516,164.41,155.658,144.029,139.816,133.8,126.114,120.892,116.839,112.785,109.712,1472
41,10.5,422.46,312.734,265.88,236.954,218.04,205.504,194.921,179.484,173.772,164.175,154.536,147.467,142.209,136.29,131.077,1704
41,11.0,579.377,425.606,361.845,323.746,297.327,278.478,262.429,241.502,233.819,220.98,206.595,197.417,190.256,182.786,175.649,1523
41,11.5,795.582,580.476,490.522,436.386,402.106,377.084,357.996,329.095,318.326,302.25,282.846,268.02,258.759,249.856,241.385,1436
41,12.0,1039.259,761.603,640.183,568.695,520.507,485.395,460.041,420.47,404.553,381.254,356.921,337.683,325.382,311.47,295.346,1177
41,12.5,1479.304,1086.55,912.274,806.941,742.987,690.572,651.676,594.369,571.822,537.714,502.996,475.543,452.175,431.699,407.373,877
41,13.0,2137.47,1567.893,1319.262,1177.699,1085.297,1006.728,950.566,865.437,837.172,786.301,728.069,684.079,654.213,619.985,589.941,1009
41,13.5,3113.521,2279.325,1928.641,1715.575,1580.375,1474.633,1392.571,1274.111,1229.109,1157.636,1082.03,1021.016,969.872,906.202,853.889,811
41,14.0,5455.106,4064.405,3441.534,3071.966,2816.317,2639.262,2487.622,2283.129,2230.634,2083.678,1926.391,1811.218,1714.824,1612.247,1505.62,628
41,14.5,9330.801,6778.443,5675.119,5059.051,4624.654,4317.406,4027.158,3659.482,3527.685,3314.402,3078.204,2895.218,2742.008,2586.314,2462.174,677
41,15.0,14141.079,10353.621,8684.265,7642.469,6952.741,6394.37,6016.342,5439.997,5231.993,4854.912,4439.74,4115.685,3925.623,3711.911,3528.763,573
41,15.5,22061.857,16157.233,13516.256,11936.163,11124.341,10266.578,9626.788,8695.373,8368.389,7934.788,7267.987,6809.942,6442.502,6020.401,5735.625,285
41,16.0,36494.539,26403.25,21940.959,19332.746,17663.264,16408.229,15326.969,13806.328,13211.098,12269.023,11260.3,10592.253,10114.29,9505.113,8923.068,271
41,16.5,56445.242,41229.385,34526.584,30526.034,28079.896,26148.902,24535.457,22101.566,21288.73,19805.282,18084.417,16931.219,15923.149,14868.752,13898.86,268
41,17.0,87911.199,63871.416,53588.402,47487.205,43322.692,40121.047,37884.144,33633.506,32255.597,30619.136,28485.48,26423.582,24321.732,23160.614,21672.104,320
41,17.5,128860.531,93631.695,78826.953,69446.266,63107.504,58473.203,54787.977,49670.383,47783.082,44272.855,40885.633,38389.418,36379.914,34373.539,32892.188,397
41,18.0,182194.906,131101.469,109260.984,96401.875,87095.391,80380.922,75287.938,67468.562,65455.117,60923.801,56622.09,54692.062,51744.273,47813.645,44161.234,267
41,18.5,399221.312,289010.281,247784.891,221170.172,208452.359,199268.297,188359.125,173933.875,168883.656,161395.516,150882.859,142442.031,138283.891,133350.109,125946.883,85
41,19.0,641296.625,459591.812,389312.281,348937.766,320517.86,300573.344,285459.953,260833.812,250727.422,234468.945,217609.632,209641.524,198764.398,186782.782,174039.946,104
41,19.5,926515.0,669014.844,553003.782,493353.094,448104.11,413139.312,386522.594,357540.594,348468.031,330021.5,308632.172,292671.828,277299.562,268136.25,257932.765,98
41,20.0,1338888.875,963392.562,813979.438,720234.125,667228.875,627216.125,576086.438,535469.188,524983.062,509123.406,481856.906,466918.125,453610.594,436162.469,411173.594,79
41,20.5,2033940.0,1541386.125,1305834.625,1156333.75,1087659.0,1000522.25,934701.438,839324.938,803113.0,745779.062,701002.062,670774.875,647998.25,611930.938,566558.625,19
42,3.0,35.745,31.889,34.618,38.974,40.592,41.738,43.099,45.689,47.234,48.881,51.314,53.476,56.242,59.034,62.317,11
42,3.5,40.842,43.756,49.814,56.14,58.244,61.18,64.669,68.316,69.872,72.136,75.851,79.17,80.461,83.825,86.862,22
42,4.0,47.599,48.76,51.545,51.269,53.304,53.662,54.528,57.14,59.032,62.876,68.274,71.838,73.97,76.832,82.159,26
42,4.5,53.015,51.143,55.73,56.619,57.344,60.279,62.602,67.014,67.64,70.073,76.512,78.528,80.031,83.212,87.005,61
42,5.0,62.104,60.637,68.34,74.944,76.868,80.103,82.019,85.13,86.931,89.83,95.372,97.928,101.086,104.098,109.322,125
42,5.5,72.908,70.634,77.476,82.243,85.286,87.2,90.881,95.201,96.68,98.578,101.53,101.868,106.06,108.301,110.593,184
42,6.0,77.419,71.509,74.024,75.607,77.354,81.82,87.178,89.957,91.114,92.166,95.243,98.756,100.704,104.535,108.314,163
42,6.5,87.126,73.061,67.085,63.438,63.799,62.874,62.917,63.651,64.426,65.192,67.531,69.138,70.968,74.144,77.305,125
42,7.0,105.119,85.686,77.647,72.599,71.094,71.813,68.459,70.748,71.217,73.184,73.533,72.059,71.302,72.411,71.313,205
42,7.5,117.73,94.686,85.857,80.905,78.974,77.28,75.764,75.147,74.938,74.564,73.459,74.879,75.113,77.505,78.824,295
42,8.0,148.939,123.615,114.731,112.371,112.136,111.983,113.179,114.95,115.171,115.641,118.855,121.045,123.396,125.064,129.861,955
42,8.5,169.418,137.915,126.662,120.141,118.836,117.872,116.095,115.116,115.03,116.34,118.095,117.053,118.801,121.05,124.415,1307
42,9.0,206.287,161.296,142.99,132.245,127.333,122.711,119.939,116.149,114.657,113.117,112.067,111.568,112.0,113.682,116.79,1293
42,9.5,253.692,192.798,165.864,149.979,141.904,134.805,129.634,122.127,119.516,115.733,112.75,111.154,109.637,109.804,109.498,1368
42,10.0,318.234,239.591,204.591,183.974,170.545,160.179,152.386,141.06,136.926,130.74,124.278,119.966,117.352,114.848,113.55,1510
42,10.5,412.246,306.498,259.622,231.713,212.516,197.766,186.776,170.644,164.425,155.018,145.91,139.627,134.493,130.062,126.462,1960
42,11.0,535.332,396.933,333.995,295.898,270.804,251.809,236.507,214.621,205.996,193.452,179.325,169.167,162.115,154.752,149.223,2871
42,11.5,670.812,495.646,417.698,370.399,339.015,314.613,296.629,269.571,259.081,242.478,224.938,212.514,202.68,193.682,184.522,2326
42,12.0,1024.79,762.835,644.197,573.128,525.755,490.539,465.37,425.161,408.959,384.066,362.853,343.082,328.929,316.023,300.938,695
42,12.5,1429.723,1093.027,942.927,840.312,772.425,722.9,679.708,625.247,605.135,572.501,534.856,504.749,485.135,467.17,456.867,571
42,13.0,2123.01,1619.535,1397.399,1271.661,1184.955,1129.538,1088.97,1032.371,994.746,958.814,886.321,859.943,819.385,792.879,764.938,421
42,13.5,3020.035,2290.635,1977.581,1761.743,1604.002,1529.513,1451.756,1339.58,1304.415,1240.73,1150.584,1072.346,1024.462,970.978,925.9,369
42,14.0,4717.539,3619.506,3119.282,2808.219,2599.584,2410.714,2296.496,2140.082,2080.458,1967.476,1866.132,1781.226,1706.908,1613.218,1529.214,329
42,14.5,7213.202,5562.664,4855.415,4435.17,4174.449,3990.309,3837.096,3558.115,3407.65,3267.112,3087.668,3026.494,2918.246,2675.328,2469.283,282
42,15.0,11642.356,8955.207,7845.077,7196.459,6601.451,6339.843,6025.723,5700.21,5454.105,5111.53,4766.397,4356.587,4055.827,3805.899,3510.087,323
42,15.5,17775.666,13373.192,11461.4,10315.346,9557.934,8875.288,8529.505,7755.916,7437.703,6989.486,6403.1,5954.257,5585.417,5226.142,4865.56,333
42,16.0,27504.398,20240.908,17001.143,15007.613,13693.152,12750.272,12005.109,10908.977,10462.796,9729.724,8865.93,8201.034,7828.347,7343.287,6875.75,313
42,16.5,41163.286,31024.05,25375.414,22763.742,20748.258,19276.749,17991.72,16020.554,15367.022,14281.923,13195.994,12360.842,11625.456,10961.418,10135.036,250
42,17.0,64734.906,47310.605,39985.992,35508.812,32548.619,30146.547,28061.76,25140.035,24137.639,22360.959,20354.953,19166.221,18072.125,17150.021,16186.129,271
42,17.5,97381.32,70930.742,58988.129,51526.805,46645.512,43425.406,40480.18,36769.984,35551.035,33166.566,30422.529,28399.254,26755.062,25219.783,23685.068,375
42,18.0,138746.132,101424.118,84944.801,75193.782,69213.066,63918.612,59592.464,53102.644,51229.254,47641.424,43705.023,40749.946,38575.924,36092.188,33950.371,362
42,18.5,271099.312,198681.484,167853.219,150267.875,144138.0,135488.781,129020.703,117034.148,112250.359,110340.07,102217.391,96809.203,92771.797,85717.055,78313.812,79
42,19.0,490161.344,364195.25,327338.688,289197.156,274268.188,252995.469,236676.016,213219.797,204358.297,194990.188,176516.094,165278.078,160152.031,156950.328,150981.125,87
42,19.5,732221.5,552016.312,457585.781,405283.594,382726.875,365837.312,354894.469,334092.812,326393.906,312416.656,304276.688,296267.219,285723.406,271909.969,259999.25,61
42,20.0,1037288.344,775879.812,663089.656,598782.312,555329.5,532592.25,512473.39,476293.468,461763.344,442941.703,408724.968,400549.078,403699.516,394755.422,381794.094,44
42,20.5,965078.531,767141.031,696448.594,639166.532,605262.25,583282.469,570529.468,560528.406,560201.266,544504.625,527119.844,519983.64,528469.781,543837.656,546151.875,10
43,3.0,36.109,35.819,40.396,44.585,46.214,47.801,49.651,52.11,53.022,54.948,57.625,59.928,62.242,64.757,67.689,13
43,3.5,33.468,38.933,45.572,51.21,52.395,53.608,55.861,59.391,60.567,62.935,66.422,69.506,71.371,73.269,74.427,17
43,4.0,36.112,35.78,41.672,45.454,45.001,45.468,47.404,50.37,51.286,54.136,58.055,60.468,62.772,65.474,68.712,36
43,4.5,53.366,49.83,54.363,56.16,57.609,59.138,61.686,65.355,66.5,68.834,72.905,75.337,76.973,79.728,83.442,81
43,5.0,61.366,60.468,67.398,72.721,74.584,78.861,80.176,84.101,84.183,86.629,88.823,89.209,91.197,94.214,98.083,135
43,5.5,69.588,66.746,74.612,79.322,81.554,84.892,88.002,91.242,93.036,94.669,98.084,99.742,101.048,102.99,105.77,250
43,6.0,72.882,67.562,68.248,69.867,73.189,76.229,77.972,82.333,83.493,86.247,88.466,87.527,87.222,88.04,92.53,239
43,6.5,86.091,70.665,64.668,62.079,61.066,60.372,61.18,60.904,61.415,63.054,66.86,65.66,65.209,66.286,68.67,154
43,7.0,102.758,80.632,73.638,68.296,66.64,64.169,62.09,60.683,60.814,59.965,59.034,58.866,59.102,61.067,62.331,238
43,7.5,117.35,91.61,81.312,75.892,72.543,71.003,69.477,66.207,65.558,65.4,64.078,63.32,62.769,61.219,60.232,332
43,8.0,148.105,123.618,116.166,113.185,112.539,114.059,116.047,118.092,119.634,120.361,124.774,124.864,125.693,128.08,129.263,1141
43,8.5,170.28,136.23,124.102,118.981,117.278,115.717,113.989,112.76,111.784,112.956,112.22,112.771,111.075,112.676,113.046,1313
43,9.0,206.382,159.447,139.843,128.838,121.04,116.272,112.595,108.222,107.318,105.372,102.261,101.639,102.489,101.24,100.4,1209
43,9.5,257.142,192.953,164.796,148.017,137.47,129.397,122.892,113.264,110.048,105.423,100.357,96.438,93.184,90.498,88.435,1197
43,10.0,325.34,241.24,203.611,181.642,166.44,155.096,146.566,135.402,131.021,123.346,115.834,110.002,105.698,102.027,98.155,1344
43,10.5,417.004,306.587,257.476,228.101,208.385,193.758,182.109,165.439,159.049,148.067,136.537,128.7,122.704,116.884,111.753,1697
43,11.0,547.337,400.867,336.74,297.897,271.05,251.14,235.613,213.104,204.368,190.209,174.784,164.354,155.356,147.12,139.044,2232
43,11.5,695.918,511.313,430.087,380.39,345.323,320.788,301.059,272.303,261.283,243.703,224.337,210.328,199.477,188.607,178.785,2007
43,12.0,1053.954,775.641,653.32,578.957,527.37,487.731,458.378,413.679,397.716,371.396,340.684,319.354,305.106,287.378,273.872,859
43,12.5,1481.641,1115.259,950.146,847.82,778.007,724.751,685.895,624.013,599.625,565.295,527.482,496.993,468.093,451.354,434.214,771
43,13.0,2223.904,1692.642,1457.194,1329.325,1252.646,1189.057,1141.642,1082.036,1054.307,1018.368,973.652,954.834,910.282,894.214,857.26,526
43,13.5,3259.972,2505.844,2201.737,2007.83,1906.568,1800.989,1731.55,1638.025,1605.302,1561.489,1468.342,1368.207,1319.478,1266.551,1208.993,475
43,14.0,4910.359,3706.677,3184.573,2876.448,2659.014,2551.279,2475.387,2324.62,2270.323,2149.931,2003.075,1884.129,1795.399,1697.474,1594.83,487
43,14.5,7679.894,5908.795,5155.681,4745.218,4446.984,4261.481,4064.272,3773.684,3663.824,3453.818,3214.739,3054.906,2827.535,2655.997,2528.444,458
43,15.0,11745.134,8874.884,7691.216,7020.79,6593.486,6222.902,5905.887,5457.87,5268.728,4948.601,4530.25,4191.422,3861.276,3534.149,3230.316,470
43,15.5,17354.584,12851.737,10821.341,9701.996,8838.131,8291.076,7814.461,7012.264,6680.509,6127.633,5511.559,5080.435,4733.125,4372.175,4094.684,429
43,16.0,26401.82,19176.381,16085.634,14310.725,12956.167,12042.221,11339.958,10211.015,9780.045,9038.116,8187.81,7575.421,7032.508,6461.287,6030.269,363
43,16.5,42210.371,30069.547,25007.033,21983.371,20130.107,18622.5,17441.998,15629.658,15016.799,13856.506,12637.845,11718.717,11024.657,10259.374,9503.291,265
43,17.0,71332.078,51593.387,42910.48,37955.883,34721.418,31976.711,30135.953,27054.348,26066.957,23827.041,21630.102,19991.938,18684.16,17224.916,15855.415,279
43,17.5,107868.262,78088.813,64916.272,56623.892,51141.428,47011.533,43558.209,38672.947,36930.297,34030.352,30939.818,28643.473,26923.819,25096.342,23420.993,388
43,18.0,175743.844,127669.906,105014.43,92175.57,83229.039,76778.43,71481.281,64175.301,61110.719,56484.605,51281.281,47643.148,44483.641,41147.168,38088.434,311
43,18.5,410706.828,296586.781,242716.008,214549.696,197011.828,181530.219,169986.86,153764.133,147956.75,138807.046,130849.57,124097.445,117196.742,111650.554,106511.234,72
43,19.0,596808.312,433524.656,363136.906,316887.562,287965.625,266448.062,250639.062,228986.594,221218.469,207425.578,186262.047,187572.969,175613.797,163075.672,156168.406,81
43,19.5,1038505.875,740579.375,617080.125,532906.625,473692.969,464099.531,434551.5,386410.469,367562.406,336752.281,309092.969,293952.688,284107.469,266794.969,247748.141,61
43,20.0,1423743.5,1044038.25,887832.312,814160.625,772204.5,724429.062,676408.375,607127.688,581101.938,548377.562,531350.938,491119.281,459923.031,427612.312,396933.688,43
43,20.5,1456970.125,1037719.062,854568.5,744923.312,714749.688,703876.25,689413.062,652264.25,636505.625,610154.938,585754.625,569893.5,559703.938,524729.25,487293.375,11
44,3.0,36.365,45.39,48.853,51.635,54.287,55.836,57.272,59.905,61.056,63.197,66.581,69.343,72.14,74.998,77.983,15
44,3.5,34.284,38.445,40.909,42.403,44.508,46.817,49.468,52.904,53.912,56.109,59.175,61.629,64.356,67.233,70.526,24
44,4.0,38.296,38.903,40.028,43.216,43.489,43.439,43.588,45.588,46.827,49.467,53.308,56.065,58.437,60.777,64.078,45
44,4.5,47.083,43.246,46.895,49.666,51.726,54.155,57.061,59.765,60.505,62.622,65.872,68.256,71.17,73.086,75.962,81
44,5.0,57.637,54.999,58.662,63.154,64.94,67.04,68.776,71.188,72.423,74.797,77.176,79.917,82.698,85.235,88.797,135
44,5.5,68.421,65.714,68.702,73.599,77.461,80.188,82.061,86.812,86.822,87.849,91.656,95.153,96.325,98.878,101.814,273
44,6.0,74.719,68.446,69.025,68.926,72.109,74.376,78.239,80.909,82.003,81.542,84.782,86.175,88.533,91.794,95.919,273
44,6.5,84.056,68.223,63.093,60.966,60.457,61.087,58.937,57.767,55.919,56.58,58.538,58.161,59.75,61.814,58.493,171
44,7.0,98.674,77.888,69.45,64.008,61.354,58.841,58.234,57.73,58.238,58.842,58.662,60.864,60.99,59.953,61.476,210
44,7.5,117.886,94.7,82.7,77.412,75.855,74.378,71.441,70.196,69.8,71.628,71.055,73.001,73.209,72.136,69.36,285
44,8.0,150.709,126.042,119.304,116.59,119.416,121.042,123.309,126.26,128.067,131.259,134.188,134.087,135.275,137.188,141.079,1153
44,8.5,172.719,141.981,131.13,128.585,129.641,129.882,129.722,129.922,130.803,131.847,130.394,130.187,130.575,130.084,130.397,1226
44,9.0,209.144,162.89,146.194,137.472,130.661,126.528,124.114,119.852,118.952,117.84,113.42,112.746,110.644,108.758,106.905,964
44,9.5,261.859,197.682,170.762,154.234,143.755,136.738,131.331,123.742,121.352,117.452,113.051,109.143,105.328,102.95,100.326,974
44,10.0,328.365,244.849,208.16,184.941,169.377,158.769,150.234,138.567,133.306,125.842,117.526,111.554,106.674,102.713,99.549,1281
44,10.5,427.088,314.471,265.002,234.486,214.445,199.086,186.552,169.343,162.9,153.034,141.791,133.358,126.524,120.618,114.501,1628
44,11.0,561.323,410.932,344.491,304.181,276.743,256.312,239.976,217.43,208.526,194.072,178.158,167.746,159.224,150.878,143.136,2091
44,11.5,734.281,540.304,453.341,400.888,363.848,337.536,317.062,286.686,274.296,255.858,236.051,220.842,209.961,199.416,189.424,1906
44,12.0,1065.408,785.957,663.488,584.378,532.558,493.323,462.336,417.465,398.87,371.146,342.118,321.029,305.125,288.398,272.992,1072
44,12.5,1494.562,1121.83,950.245,850.924,780.256,732.344,690.859,630.651,607.684,567.202,529.444,497.37,472.874,449.336,429.546,828
44,13.0,2229.396,1714.447,1470.448,1329.531,1241.985,1166.101,1104.404,1028.598,997.086,947.682,872.27,837.666,811.925,778.91,729.522,600
44,13.5,3170.882,2419.906,2089.792,1901.436,1760.658,1672.672,1591.037,1476.81,1433.726,1371.324,1302.4,1227.315,1152.71,1089.777,1047.631,566
44,14.0,4892.606,3683.455,3163.442,2859.427,2646.525,2522.614,2395.574,2269.919,2200.587,2057.819,1893.291,1786.13,1684.248,1565.027,1462.344,536
44,14.5,7511.667,5730.868,4953.438,4478.631,4227.093,4007.456,3845.172,3625.948,3525.514,3303.448,3090.306,2912.127,2756.526,2583.828,2406.106,527
44,15.0,11412.402,8587.363,7422.863,6741.338,6277.155,5903.976,5619.328,5167.726,4941.344,4640.647,4266.09,3955.88,3665.405,3376.749,3074.483,542
44,15.5,17140.312,12810.6,10858.208,9719.049,8915.163,8373.721,7929.706,7157.964,6826.304,6278.889,5705.187,5276.284,4903.109,4581.651,4253.739,482
44,16.0,26235.242,19418.346,16275.379,14386.168,13057.955,12100.813,11413.543,10129.258,9680.035,8913.7,8127.06,7549.212,7105.239,6592.893,6098.233,437
44,16.5,43928.519,32078.584,26886.186,23565.94,21209.98,19498.87,18210.14,16237.026,15477.981,14240.517,13015.953,12082.94,11307.48,10391.026,9689.43,324
44,17.0,73554.988,52668.812,43888.752,38056.0,34069.31,31298.471,29529.1,26420.314,25296.988,23207.058,20981.018,19556.988,18508.109,17204.707,15903.064,340
44,17.5,118659.555,85977.75,71535.461,62384.18,56118.188,51309.152,47862.281,42123.672,40479.977,37311.293,34073.121,31591.098,29428.549,27706.17,26003.686,411
44,18.0,186467.531,134343.117,112285.156,98652.332,88579.484,81957.926,77302.618,69401.301,66196.239,61332.629,55725.498,51389.586,48108.381,44539.668,41224.832,288
44,18.5,411933.703,300937.672,249281.156,221111.485,202576.36,188268.102,177101.203,160500.086,153646.875,143571.93,132178.031,123837.051,117504.664,110928.41,103299.699,98
44,19.0,577737.5,436233.75,360017.25,318491.047,286216.125,266418.282,249082.594,221019.735,210365.836,193182.367,176082.57,164590.938,154268.992,146205.383,141860.469,78
44,19.5,1050267.375,784342.812,635412.312,561670.688,532565.188,501962.906,469183.844,420589.344,401950.844,372364.406,339942.656,312664.469,295705.562,280577.031,267464.375,77
44,20.0,1384017.75,1021494.438,834705.875,736465.5,660214.812,601775.0,564438.125,524949.625,518657.625,476520.375,433701.125,401223.75,374001.656,361215.125,354807.375,35
45,3.0,43.33,45.281,44.666,45.966,46.864,48.297,49.944,52.327,52.514,55.408,58.884,61.469,63.474,65.788,69.244,16
45,3.5,32.854,37.538,40.649,41.384,42.948,43.801,45.854,48.928,50.742,53.12,56.01,58.452,59.494,62.296,65.664,28
45,4.0,36.93,35.977,37.757,41.898,43.477,44.871,46.912,49.218,49.699,51.411,54.653,56.797,58.849,61.406,63.87,41
45,4.5,52.563,52.359,52.233,52.323,53.944,56.332,58.005,61.485,61.679,63.79,67.731,68.313,70.693,74.594,78.655,67
45,5.0,62.72,56.848,60.588,65.318,65.068,67.197,70.294,72.198,72.868,76.114,80.51,81.321,83.161,86.01,89.238,115
45,5.5,66.959,64.2,70.748,75.444,75.806,79.128,81.948,86.476,87.821,89.071,92.33,93.542,95.511,97.882,101.231,224
45,6.0,74.898,68.749,70.518,73.202,76.353,79.121,80.642,82.138,83.213,84.67,88.853,89.935,91.926,92.326,96.569,221
45,6.5,84.752,67.777,62.284,60.693,59.576,56.948,55.996,54.101,53.73,52.794,52.09,50.061,49.305,49.77,50.83,155
45,7.0,104.613,82.991,73.771,68.842,65.675,64.488,62.713,61.105,60.331,60.794,60.618,59.392,58.98,58.89,55.989,173
45,7.5,116.588,91.716,79.641,73.382,69.482,67.358,65.983,64.755,64.692,64.582,64.675,64.014,62.114,63.3,62.156,252
45,8.0,149.615,124.943,117.328,116.041,117.265,119.285,121.747,124.524,124.569,128.237,128.419,129.17,128.786,130.155,132.243,1007
45,8.5,171.069,138.241,127.37,124.216,125.227,126.279,127.558,127.316,127.008,126.778,127.985,128.799,129.961,130.171,129.336,1193
45,9.0,205.734,156.541,136.546,125.095,118.44,113.419,110.623,106.16,104.811,102.14,99.899,98.157,96.709,96.312,94.91,943
45,9.5,258.708,192.014,163.568,147.002,135.376,127.642,120.445,111.512,108.778,103.923,98.649,93.776,90.138,86.842,83.572,1010
45,10.0,327.414,239.738,202.88,180.376,165.168,153.626,145.152,132.694,127.511,120.366,111.464,105.428,101.071,96.636,92.42,1320
45,10.5,425.814,311.569,261.45,230.6,210.5,195.122,183.03,165.583,159.148,148.736,137.702,129.528,123.31,116.79,111.056,1946
45,11.0,561.568,410.024,343.914,303.457,276.258,255.451,239.348,216.558,207.886,194.103,178.677,167.508,158.259,149.789,141.906,2674
45,11.5,722.252,527.496,440.422,387.48,352.703,326.29,306.098,275.728,264.615,246.142,226.181,211.46,201.01,189.876,179.276,2468
45,12.0,1038.17,762.0,638.205,562.251,511.173,472.949,443.08,400.473,383.963,358.205,328.718,308.008,292.277,276.165,259.517,1175
45,12.5,1470.978,1075.93,900.294,791.246,721.372,665.1,622.616,563.794,539.779,500.054,460.572,429.807,406.524,384.236,363.108,728
45,13.0,2182.339,1587.482,1336.093,1181.492,1073.573,992.436,933.191,841.402,808.3,755.532,695.271,653.768,616.695,578.778,551.324,542
45,13.5,3323.365,2423.369,2040.951,1803.6,1643.78,1523.409,1428.289,1284.696,1227.172,1143.909,1062.056,982.01,923.054,858.806,801.434,411
45,14.0,5095.578,3724.597,3140.762,2791.024,2539.177,2372.076,2218.96,1992.032,1915.392,1775.328,1635.918,1520.046,1427.835,1330.032,1239.336,402
45,14.5,8301.878,6100.034,5160.822,4548.588,4172.289,3859.882,3617.209,3287.724,3148.449,2943.188,2690.174,2497.918,2352.18,2200.157,2076.578,356
45,15.0,12500.733,9158.275,7786.117,6867.4,6266.168,5820.046,5458.204,4888.886,4652.474,4344.613,3957.114,3682.763,3442.684,3207.904,2980.79,284
45,15.5,20436.676,14854.103,12503.175,11053.447,10040.249,9286.792,8689.361,7805.296,7496.166,6951.868,6338.444,5952.645,5620.321,5256.834,4920.313,229
45,16.0,31349.167,22990.053,19123.084,16767.588,15057.614,13943.133,13105.266,11967.186,11382.336,10608.46,9753.138,9037.035,8527.603,7978.114,7406.109,228
45,16.5,51734.76,37650.641,31392.8,27500.774,24971.366,23052.029,21600.992,19398.961,18629.478,17350.702,15801.929,14734.937,13959.105,13044.756,12149.742,246
45,17.0,80642.25,58622.633,48852.781,42983.582,38505.918,35512.719,33363.27,29666.404,28458.018,26261.904,23749.691,22012.084,20567.045,19183.297,17853.98,327
45,17.5,130670.773,95166.094,78369.703,68393.328,62486.0,57772.121,53809.762,47793.207,45691.289,42204.172,38575.477,35781.965,33737.582,31475.807,29490.98,469
45,18.0,185233.641,133507.359,110567.883,97451.789,87577.133,80208.188,74476.297,66143.961,63079.297,58060.262,53120.398,49504.117,46643.266,43535.977,40192.785,371
45,18.5,334111.5,238722.438,191513.016,171002.219,151346.453,140277.688,130106.891,116041.055,110235.719,102349.852,95466.32,88274.836,82911.438,76617.57,70976.43,127
45,19.0,532667.0,384139.469,325288.906,285413.375,262989.375,244714.719,229137.219,211532.688,202809.094,191530.781,178046.0,168380.172,161385.656,150415.109,145389.672,91
45,19.5,922519.875,672246.25,561388.188,500462.656,451312.0,421259.688,395194.562,355133.219,343952.344,324406.75,299351.906,279790.406,263488.156,250085.938,234108.688,93
45,20.0,1480965.5,1112417.25,933983.0,815590.938,746540.188,686912.938,640891.25,573388.438,561831.25,545077.125,491540.094,451401.688,428443.969,427826.562,422797.188,43
46,3.0,31.561,35.134,39.086,43.25,44.984,46.214,46.55,48.728,49.809,51.843,54.373,54.232,55.234,58.329,61.844,16
46,3.5,36.41,34.467,38.773,41.323,42.02,43.501,44.57,45.497,46.741,48.978,52.724,55.106,57.005,59.919,64.271,25
46,4.0,44.944,47.529,48.311,52.953,54.766,56.026,58.229,61.52,62.634,64.702,68.468,71.422,72.855,75.694,76.965,31
46,4.5,48.332,51.058,52.306,53.66,55.9,57.324,59.451,61.282,62.137,64.246,69.144,72.19,74.49,78.578,82.244,52
46,5.0,65.335,61.36,65.103,69.841,70.263,70.758,72.958,74.11,74.993,76.043,81.773,80.885,83.749,88.602,90.805,81
46,5.5,67.021,65.777,70.848,75.422,77.107,79.721,83.06,87.079,86.795,88.126,92.147,94.979,97.051,99.157,101.559,171
46,6.0,78.244,71.546,71.32,73.122,76.62,80.824,83.794,83.281,84.474,86.63,88.973,92.382,92.133,93.566,97.66,175
46,6.5,88.858,69.747,61.388,59.345,58.342,58.576,57.387,56.199,55.905,54.498,52.833,51.77,51.104,50.099,51.021,129
46,7.0,98.944,78.576,69.788,65.31,64.159,62.514,60.53,59.023,58.246,58.225,58.52,57.622,56.685,55.982,55.656,160
46,7.5,112.97,86.432,75.129,68.662,64.164,61.284,58.99,54.254,52.478,50.578,49.583,48.65,48.13,47.282,47.99,240
46,8.0,148.081,122.836,114.487,113.956,115.175,116.888,118.176,120.458,121.935,125.583,131.139,129.398,129.385,130.654,129.206,841
46,8.5,169.573,136.667,125.782,122.746,122.164,122.553,121.324,122.012,122.994,121.714,123.034,123.553,123.451,126.603,125.828,1130
46,9.0,202.658,154.903,134.066,122.047,114.05,108.873,104.988,99.962,98.42,94.978,92.162,89.077,88.076,87.678,86.248,933
46,9.5,253.654,186.07,157.499,140.129,127.939,119.61,112.778,102.953,99.46,94.154,88.284,84.196,80.787,77.837,75.234,999
46,10.0,317.203,233.095,195.561,173.031,157.789,146.837,137.888,125.31,120.39,112.654,104.107,98.586,94.654,90.434,86.748,1329
46,10.5,413.264,301.054,251.023,221.569,201.365,186.412,175.027,158.074,151.599,141.671,130.822,123.054,117.016,111.364,106.098,2050
46,11.0,545.873,397.043,331.501,291.93,265.4,245.777,230.478,208.02,199.486,186.506,171.9,161.178,153.298,145.572,138.602,3146
46,11.5,690.666,502.782,420.245,369.876,335.534,310.708,291.256,263.52,252.801,235.865,217.304,204.043,194.041,183.46,172.942,2758
46,12.0,1001.021,727.555,609.486,536.84,487.164,451.056,421.535,381.129,366.153,340.269,313.16,293.944,279.345,264.238,250.7,1110
46,12.5,1408.579,1024.449,851.198,749.368,680.509,628.845,590.293,533.898,510.565,476.334,439.423,410.113,388.359,366.838,346.56,689
46,13.0,2016.058,1480.94,1236.122,1090.198,994.251,919.794,862.15,776.488,747.212,697.082,640.408,601.229,569.78,539.904,509.545,520
46,13.5,3124.737,2272.986,1892.226,1662.077,1518.654,1404.659,1319.405,1189.403,1140.876,1065.316,971.65,906.952,856.981,809.429,764.44,392
46,14.0,4667.971,3426.741,2884.556,2521.485,2283.419,2110.034,1978.942,1766.211,1690.958,1574.267,1449.775,1348.072,1281.327,1214.572,1146.026,347
46,14.5,7136.513,5230.846,4364.981,3887.216,3543.921,3286.959,3075.063,2764.11,2633.355,2439.481,2223.605,2051.903,1924.55,1813.05,1701.7,269
46,15.0,10668.407,7780.099,6438.376,5718.088,5198.428,4852.576,4539.62,4114.228,3954.894,3686.872,3376.409,3132.604,2942.079,2784.873,2579.3,228
46,15.5,17457.135,12661.432,10645.164,9395.326,8592.646,8002.52,7470.113,6789.83,6537.174,6103.496,5570.16,5213.222,4915.671,4650.665,4382.171,203
46,16.0,27047.672,19685.206,16493.892,14525.82,13271.664,12340.966,11664.798,10515.88,10112.578,9447.946,8582.496,7957.428,7512.934,7054.332,6584.409,220
46,16.5,43466.367,31626.404,26236.848,23040.104,20752.975,19188.273,17946.871,16093.78,15379.051,14221.747,12980.976,12122.979,11566.328,10854.799,10159.448,237
46,17.0,67794.023,49367.488,41447.883,36294.473,33063.137,30381.918,28325.506,25377.318,24124.094,22400.736,20399.283,18766.854,17598.965,16368.816,15169.318,309
46,17.5,116700.711,84635.727,70401.031,61331.367,55627.117,51151.914,47577.207,42217.953,40298.145,37206.5,33884.078,31690.316,29684.766,27883.666,26084.697,469
46,18.0,162702.289,117852.422,98490.742,85816.636,76753.336,70763.356,66172.953,59109.978,56447.043,52024.295,47506.922,44143.873,41445.822,38698.744,36431.529,368
46,18.5,300337.468,213508.75,180202.43,160532.586,145995.508,136055.398,128251.714,115962.695,111288.73,103996.464,95580.68,88749.414,83382.918,77615.891,72977.368,116
46,19.0,527710.688,379568.422,315629.797,276412.094,250630.562,232540.594,218303.266,193577.328,185002.453,173260.578,160313.524,148232.609,140132.578,131834.5,125522.598,94
46,19.5,885699.625,637070.625,539464.438,475152.188,431508.594,402077.734,376883.89,341237.703,327394.0,304955.594,279242.188,259985.82,245655.281,232746.804,217785.946,100
46,20.0,1365491.375,1005629.532,837421.625,727270.312,651161.656,595439.719,554416.968,496967.469,477624.969,441698.703,396264.812,366589.922,352587.25,337364.219,316811.141,44
47,3.0,35.295,38.436,38.027,36.526,37.773,38.811,40.302,42.936,43.944,45.566,47.801,49.823,50.537,53.013,56.012,13
47,3.5,32.699,34.191,36.816,41.669,42.143,43.314,44.736,47.151,48.107,49.914,52.422,54.756,56.827,57.123,60.081,25
47,4.0,37.018,38.141,39.242,41.49,43.449,46.174,48.921,52.176,53.311,55.107,56.84,58.042,59.528,62.092,65.156,38
47,4.5,43.705,41.709,42.874,44.682,46.829,48.628,49.145,50.396,51.243,50.969,53.394,55.767,57.787,60.944,64.509,73
47,5.0,58.269,57.837,64.116,66.613,67.674,71.385,73.002,76.017,76.554,78.426,81.959,84.271,85.956,88.246,91.568,114
47,5.5,63.528,59.375,62.274,65.362,67.395,70.127,73.661,77.264,76.461,78.3,81.89,84.775,84.64,84.179,85.198,190
47,6.0,74.783,68.823,70.944,71.625,73.337,77.092,78.686,81.109,80.651,82.563,85.986,88.149,88.72,91.714,94.824,183
47,6.5,82.128,66.894,61.468,58.468,56.629,54.602,53.255,52.957,53.396,55.562,56.644,56.784,55.909,56.848,54.189,106
47,7.0,98.161,78.613,70.428,65.932,61.463,58.277,57.817,56.975,56.97,56.442,54.674,54.543,54.923,54.98,53.918,172
47,7.5,112.436,87.752,77.528,72.208,69.512,67.453,66.554,63.486,62.653,62.713,62.352,61.736,61.527,61.72,59.408,264
47,8.0,144.293,119.938,112.487,109.918,110.691,112.393,114.434,116.708,117.742,117.708,120.851,120.609,120.618,123.62,125.585,1047
47,8.5,166.285,134.099,122.13,117.601,114.892,113.588,113.508,114.098,114.493,114.645,114.504,114.652,113.886,114.356,114.977,1261
47,9.0,200.111,151.248,130.153,118.541,110.03,103.902,99.754,93.821,92.432,89.67,86.768,84.848,83.354,82.203,80.584,1148
47,9.5,246.075,182.309,154.767,137.614,126.781,118.439,111.861,102.79,99.237,93.767,88.798,85.267,81.856,79.485,76.576,1473
47,10.0,309.056,227.014,191.15,169.174,154.355,143.154,135.221,122.736,118.35,111.272,103.523,98.376,94.588,90.921,87.791,1866
47,10.5,392.191,285.833,239.569,211.13,191.874,177.892,167.014,151.442,145.137,136.024,125.782,118.764,113.632,108.756,104.036,2330
47,11.0,507.268,368.501,307.66,271.015,245.991,227.986,214.053,193.169,185.204,172.72,159.028,149.236,142.2,135.324,128.564,2622
47,11.5,665.093,483.582,405.032,355.714,323.438,299.728,280.864,254.094,243.81,227.527,209.858,197.128,188.162,179.55,171.346,1576
47,12.0,919.484,670.124,560.871,494.832,447.458,415.758,390.132,356.355,343.463,321.66,299.232,283.561,272.705,259.348,247.796,930
47,12.5,1313.034,951.751,796.56,702.723,637.067,591.139,554.88,501.976,482.035,450.061,414.662,388.634,370.466,350.059,330.816,642
47,13.0,1816.693,1330.257,1116.484,985.677,897.302,831.428,777.854,703.363,676.272,632.665,583.26,547.921,519.63,492.181,468.37,684
47,13.5,2576.14,1875.206,1565.452,1379.133,1256.207,1157.946,1085.979,976.902,934.559,873.764,805.467,751.026,710.351,673.986,640.662,590
47,14.0,3913.436,2874.33,2432.762,2155.787,1967.944,1825.57,1726.491,1568.015,1494.181,1404.966,1301.648,1221.453,1162.881,1096.256,1028.318,335
47,14.5,6024.158,4360.014,3657.479,3222.469,2934.166,2713.24,2546.942,2267.434,2164.076,2020.567,1834.934,1714.449,1626.652,1520.315,1434.524,235
47,15.0,9245.491,6631.897,5505.849,4812.125,4381.073,4057.469,3814.571,3432.236,3276.303,3037.716,2762.576,2577.365,2441.761,2300.385,2186.64,191
47,15.5,14091.757,10324.071,8624.173,7564.279,6784.29,6291.693,5875.432,5324.354,5108.297,4764.219,4382.191,4146.79,3920.334,3687.728,3422.724,157
47,16.0,23262.152,16853.43,14042.232,12367.677,11200.096,10272.207,9630.599,8662.623,8214.287,7690.859,7116.783,6602.443,6218.005,5860.893,5468.128,155
47,16.5,37585.344,27162.26,22553.424,19847.137,17679.549,16177.521,15241.346,13743.375,13257.601,12333.42,11250.553,10500.198,10015.065,9329.999,8829.688,167
47,17.0,57854.832,41598.215,34926.949,30738.377,27805.576,25591.645,23852.807,21456.043,20466.602,18868.764,17165.51,16186.283,15172.075,14168.484,13324.48,235
47,17.5,90153.594,65261.742,54054.43,47760.969,43184.887,39665.555,37076.469,33088.848,31711.906,29491.295,27011.148,25051.326,23502.512,22026.758,20622.811,375
47,18.0,133901.094,95868.844,80140.859,69967.156,62701.137,57593.688,53791.355,48491.984,46580.59,42683.129,39116.719,36522.922,34605.254,32229.92,30349.609,351
47,18.5,305246.438,222476.86,184330.359,162595.492,149561.375,138010.281,128301.426,115161.692,110912.961,104046.109,95614.156,88400.398,84418.136,79617.613,75812.875,120
47,19.0,465216.234,335741.813,277319.546,242008.14,217675.648,200171.844,188478.344,170287.742,163357.906,152591.094,141652.328,134517.125,129072.957,123443.348,114598.793,102
47,19.5,773123.25,603107.312,508380.844,447465.5,405308.562,379984.656,351810.719,311190.344,303737.688,291317.812,276099.906,263625.156,251146.453,236801.453,220924.359,119
47,20.0,917327.656,683600.906,593012.0,529257.484,479454.75,443036.188,415907.563,373308.89,357552.938,339831.062,315901.359,294651.266,279385.75,263737.976,253361.82,88
47,20.5,1891006.938,1432493.312,1227495.625,1129966.875,1059627.032,1000034.281,949684.0,872686.0,843543.812,794203.562,736429.75,688371.531,646919.812,599266.438,570020.5,14
48,3.0,28.041,33.325,32.068,35.308,38.042,38.898,39.844,42.278,42.536,41.739,42.009,43.778,46.421,48.635,51.291,13
48,3.5,37.553,37.03,37.697,40.471,41.303,42.318,44.089,46.352,47.06,48.408,50.686,52.676,53.963,56.556,60.159,17
48,4.0,38.818,40.56,40.914,42.408,42.695,44.039,44.559,45.834,47.445,50.488,54.784,57.489,59.33,62.494,65.86,37
48,4.5,48.845,47.479,48.877,50.721,51.644,54.293,56.388,58.164,58.441,59.815,61.372,63.704,65.681,69.587,74.5,61
48,5.0,61.211,62.91,63.847,68.954,70.974,73.426,75.923,80.238,82.073,83.531,85.988,88.275,89.82,93.375,97.188,99
48,5.5,64.654,61.956,64.589,66.343,70.6,74.896,75.617,79.918,81.635,84.032,88.137,90.262,91.384,94.953,95.843,169
48,6.0,73.551,66.317,65.154,68.705,72.294,75.845,77.763,82.726,83.051,86.495,91.597,93.825,96.159,98.127,102.589,149
48,6.5,90.206,75.466,67.39,63.596,59.499,58.292,57.07,57.772,58.573,59.976,62.787,64.438,64.804,61.74,62.896,102
48,7.0,100.978,81.291,72.988,69.836,67.421,65.256,64.149,62.537,63.144,63.806,62.427,61.912,62.71,63.885,65.585,194
48,7.5,112.146,87.426,77.65,70.561,66.388,63.973,62.185,58.245,57.405,56.984,56.424,55.445,55.216,56.286,56.082,264
48,8.0,144.703,119.193,112.207,109.701,110.883,111.512,112.773,115.089,117.023,119.149,120.463,119.247,118.42,117.878,119.699,909
48,8.5,168.274,135.757,123.582,118.584,115.633,115.347,114.896,114.967,115.527,112.939,114.525,116.373,117.066,116.241,116.165,1165
48,9.0,200.166,151.079,129.779,117.088,109.182,103.198,99.152,93.904,91.976,87.76,84.774,82.018,80.54,79.138,77.844,1158
48,9.5,244.374,180.63,153.023,136.481,124.878,116.437,110.026,101.43,97.885,92.56,87.098,82.99,79.791,77.008,74.77,1368
48,10.0,308.796,225.513,189.891,167.289,152.589,141.682,133.151,120.723,116.1,109.463,101.58,96.267,92.469,88.704,85.8,1773
48,10.5,392.304,286.68,239.256,211.117,191.691,177.418,166.702,150.666,144.495,134.964,124.858,117.636,112.465,107.26,102.927,2373
48,11.0,508.768,368.411,306.985,269.808,245.352,226.746,212.644,191.911,184.278,172.021,159.163,149.796,142.99,136.273,130.273,2910
48,11.5,652.139,474.134,396.504,349.36,318.012,294.862,276.412,250.193,240.446,224.041,206.816,194.693,185.669,176.768,168.58,1830
48,12.0,917.276,665.686,557.626,492.591,446.986,412.666,388.625,352.004,338.298,316.602,293.265,278.572,267.096,255.237,244.496,935
48,12.5,1312.227,957.402,800.002,702.629,637.16,589.324,552.323,499.501,478.693,449.281,412.299,388.741,371.185,350.626,334.9,659
48,13.0,1837.179,1342.43,1127.612,995.994,907.714,842.627,790.004,711.365,680.792,636.829,586.776,551.255,525.398,497.928,472.917,734
48,13.5,2570.261,1880.654,1578.902,1391.019,1265.541,1170.22,1098.052,992.779,952.314,887.258,814.654,766.236,726.33,693.939,654.873,600
48,14.0,3899.121,2842.799,2385.51,2128.32,1921.174,1776.4,1679.37,1521.442,1464.659,1364.574,1256.741,1180.24,1114.016,1056.267,999.084,359
48,14.5,5958.461,4324.017,3614.341,3207.905,2925.021,2735.069,2586.351,2315.928,2206.976,2060.407,1895.088,1780.664,1692.797,1623.526,1525.254,231
48,15.0,9123.952,6592.336,5614.972,4967.469,4523.85,4202.517,3916.466,3530.538,3422.731,3178.616,2907.594,2735.126,2602.944,2470.294,2319.758,173
48,15.5,14466.43,10526.438,8808.188,7688.979,6889.432,6321.436,5896.536,5278.746,5066.302,4720.699,4378.41,4124.246,3939.528,3790.906,3522.844,128
48,16.0,22215.119,16103.974,13517.004,11838.712,10700.527,9804.008,9185.008,8318.769,7923.733,7412.694,6708.51,6380.858,6016.049,5603.638,5328.038,121
48,16.5,35680.123,25551.264,21559.006,18888.164,17062.587,15703.743,14657.538,13178.355,12594.232,11669.938,10627.964,9963.11,9371.535,8789.079,8200.32,174
48,17.0,54753.117,39822.031,32804.711,28754.225,25874.596,23864.74,22281.156,20024.789,19182.393,17865.041,16526.041,15348.97,14440.5,13639.668,12567.929,229
48,17.5,86682.965,62010.486,51327.56,44841.258,40625.386,37479.885,34816.18,31148.45,29910.492,27733.546,25197.8,23410.876,22205.122,20759.916,19528.861,356
48,18.0,126877.562,91233.16,76114.992,66742.695,60622.334,56162.436,52638.084,47222.02,45163.047,41842.631,38320.07,35666.363,33584.906,31830.98,29803.541,296
48,18.5,273075.094,196120.906,162739.43,142559.07,130081.301,121239.914,112618.832,99492.109,94874.281,88021.492,82023.258,76738.305,72555.868,68291.805,64929.713,86
48,19.0,462003.188,334507.656,278922.688,254431.266,231020.953,218512.281,203099.406,180239.469,171639.312,157762.922,143378.516,138085.297,132291.641,122009.719,114909.023,105
48,19.5,663586.562,496576.406,424900.625,375527.938,342881.219,318432.906,299396.75,272329.375,263503.094,245292.875,228739.094,212513.5,200427.719,192505.047,188267.062,111
48,20.0,1149796.625,857303.312,737041.562,665152.625,620214.188,574671.438,546251.75,492584.344,469048.906,436974.0,396973.062,367006.938,350132.438,328974.594,313574.875,79
48,20.5,1186299.625,872365.0,723570.312,634833.375,583524.438,539789.438,499131.625,455685.875,441022.969,416059.719,388466.406,366696.875,348861.938,329449.812,310388.844,19
49,3.0,30.0,36.39,37.793,41.54,40.852,40.922,41.646,42.494,42.864,43.059,43.768,44.839,45.766,47.564,49.838,12
49,3.5,49.902,44.528,45.413,47.078,47.258,47.558,48.409,50.416,51.884,52.424,53.954,54.876,55.159,56.468,59.671,16
49,4.0,40.672,42.254,51.101,54.18,55.456,56.275,57.34,59.854,60.767,62.903,65.917,69.127,71.602,76.391,75.312,37
49,4.5,56.864,54.037,54.367,58.598,61.43,62.244,65.43,68.862,71.12,73.615,77.146,78.746,79.876,80.869,81.308,64
49,5.0,62.2,57.47,60.839,65.894,68.638,70.808,74.13,78.17,79.485,80.404,82.875,85.97,88.837,90.636,94.022,78
49,5.5,67.662,65.746,68.164,69.95,73.532,73.492,76.184,80.173,79.27,81.708,86.019,88.544,89.438,91.311,95.832,164
49,6.0,74.644,68.902,70.608,72.216,74.996,80.237,83.856,88.052,89.212,91.748,94.774,97.874,98.41,101.003,103.066,160
49,6.5,88.825,72.911,66.45,62.955,61.685,58.282,55.899,59.873,59.863,57.756,56.448,56.361,57.496,55.57,55.702,114
49,7.0,102.774,82.834,73.258,68.442,66.992,64.146,63.698,61.435,61.935,61.944,60.255,61.014,60.713,60.994,59.805,176
49,7.5,116.746,91.431,80.532,75.082,71.126,68.493,66.814,64.329,64.11,63.24,63.024,62.64,61.962,61.566,62.777,259
49,8.0,146.038,117.87,109.596,106.8,106.758,106.444,106.558,107.274,108.221,110.282,109.852,108.579,110.177,111.017,112.875,844
49,8.5,169.625,136.134,122.815,116.324,113.214,111.035,109.802,107.904,107.928,107.609,107.712,107.274,107.072,107.004,105.894,1144
49,9.0,201.546,152.029,131.872,119.248,110.913,105.312,101.162,95.139,92.433,89.16,85.696,82.564,81.794,80.976,79.555,1104
49,9.5,248.752,184.107,155.046,137.714,125.835,117.407,111.136,101.782,98.182,92.587,86.954,82.845,80.394,77.875,76.136,1280
49,10.0,311.674,229.095,192.922,170.597,155.621,144.485,136.32,124.368,119.763,112.36,105.024,100.051,96.314,92.573,89.666,1759
49,10.5,394.724,289.042,242.007,213.301,194.161,180.133,169.793,154.268,148.349,139.135,129.355,122.427,117.429,112.956,108.666,2387
49,11.0,512.109,373.096,311.585,274.604,249.427,231.063,216.978,196.855,188.996,177.122,163.85,154.782,147.887,141.748,135.345,2970
49,11.5,654.082,478.37,400.239,353.385,322.247,299.115,281.427,254.299,244.566,229.088,212.16,199.992,191.186,183.086,175.534,2033
49,12.0,916.734,673.921,563.81,497.561,452.689,420.039,395.057,358.418,344.471,324.019,300.543,283.528,271.65,261.413,251.413,999
49,12.5,1303.377,951.954,798.962,706.491,643.967,596.487,560.88,510.582,492.018,460.532,425.004,406.166,387.089,367.559,351.351,655
49,13.0,1830.152,1347.188,1131.892,999.214,915.428,850.016,796.181,721.948,692.724,648.867,602.131,568.891,544.666,518.757,496.864,660
49,13.5,2625.148,1931.307,1630.354,1442.149,1305.418,1204.233,1131.704,1025.701,984.314,921.857,850.875,799.857,766.898,728.136,697.001,551
49,14.0,3951.302,2942.487,2515.782,2216.318,2040.927,1902.362,1790.388,1624.303,1562.64,1455.802,1341.342,1255.468,1196.867,1128.635,1079.249,375
49,14.5,5873.754,4349.296,3665.686,3257.844,2969.322,2761.692,2587.592,2359.734,2282.848,2145.842,1990.579,1849.9,1741.564,1642.066,1550.05,238
49,15.0,8931.894,6534.21,5494.13,4848.586,4465.191,4133.812,3889.612,3546.324,3400.797,3165.835,2925.538,2749.411,2600.775,2463.693,2341.288,182
49,15.5,14175.623,10295.507,8690.347,7605.88,6966.339,6486.871,6075.726,5495.093,5297.971,5024.882,4650.522,4352.399,4137.765,3936.936,3778.221,133
49,16.0,21535.274,15689.186,13184.822,11654.402,10445.585,9583.79,8969.398,8062.006,7725.182,7238.43,6709.835,6279.52,5931.417,5570.606,5238.544,152
49,16.5,37069.832,26528.904,22566.594,19809.783,17627.385,16349.286,15364.901,13648.501,12960.412,11933.371,10832.904,10251.464,9624.304,9097.879,8569.704,155
49,17.0,53453.482,39285.799,32346.34,28497.586,25791.579,23944.344,22236.142,20279.044,19394.558,17979.553,16565.127,15599.671,15053.459,14403.577,13664.283,228
49,17.5,81238.914,59045.055,49427.086,42978.562,39073.484,36113.113,33861.395,30282.229,29197.527,26965.67,24369.42,23007.295,22131.285,20914.09,19507.391,349
49,18.0,119964.781,87572.133,73149.828,64062.219,58336.004,53573.07,50240.914,45081.688,42795.57,39961.648,36487.473,33985.043,32473.645,30357.047,28491.92,315
49,18.5,267271.5,196956.617,165802.547,145873.695,132970.836,122570.57,114740.434,104785.528,100265.387,93095.554,85650.106,81329.734,78152.09,73771.886,70135.058,90
49,19.0,454350.734,325207.906,271203.797,244934.594,227307.617,211892.196,198382.648,178906.102,171526.906,159522.5,147716.719,138530.414,132821.601,129084.894,123917.676,104
49,19.5,798812.187,581011.532,481872.953,432918.984,401578.875,379803.406,355061.954,326153.953,313577.75,301806.938,280226.828,264660.235,258260.36,243704.11,234758.484,114
49,20.0,1124470.25,817995.906,676445.094,606762.219,575051.938,532779.718,509163.906,472089.938,456561.688,429183.75,400487.531,380897.672,367202.718,361749.906,356106.062,72
49,20.5,1358352.0,963627.0,780576.438,675863.312,609699.938,575889.688,547806.312,500503.188,482002.094,453535.156,425287.062,405761.156,390784.062,374537.438,357875.75,15
50,3.0,40.942,39.374,38.838,39.457,40.435,40.935,41.661,42.837,43.596,44.991,47.088,49.308,51.783,51.894,54.149,11
50,3.5,34.579,31.057,33.576,36.465,39.032,41.42,43.966,46.524,47.959,48.992,51.131,52.676,56.578,59.122,61.066,14
50,4.0,42.772,42.704,41.86,45.51,43.781,43.229,46.413,49.644,51.412,53.588,56.542,58.536,60.47,63.338,67.151,37
50,4.5,48.98,47.326,51.268,54.958,57.402,60.594,61.828,63.872,64.411,67.1,70.966,73.286,75.086,76.866,81.006,72
50,5.0,59.284,57.22,61.457,63.565,67.311,71.454,74.63,75.871,77.268,78.613,80.314,83.702,86.32,88.228,91.878,81
50,5.5,68.702,62.126,65.906,68.725,69.762,74.356,77.573,81.9,83.456,85.184,89.375,91.016,90.616,92.006,94.137,158
50,6.0,72.612,62.886,61.399,59.835,61.866,64.001,67.103,70.372,72.34,75.03,80.391,83.083,84.556,87.659,91.935,169
50,6.5,85.24,66.79,60.664,56.838,53.662,53.067,51.951,49.795,50.497,50.055,48.433,47.696,48.304,47.776,47.202,118
50,7.0,100.768,79.983,70.999,65.28,61.598,60.256,58.29,55.41,54.756,53.162,51.612,50.308,50.428,50.34,48.665,168
50,7.5,112.291,87.288,75.989,70.201,66.985,64.239,61.206,59.318,59.022,59.067,58.346,58.274,57.934,58.48,58.726,264
50,8.0,144.961,117.799,109.353,106.436,107.648,108.218,110.032,112.648,115.08,118.44,121.404,122.163,120.57,118.996,118.511,902
50,8.5,168.074,135.207,123.319,118.082,117.186,117.314,118.041,118.477,118.986,120.888,121.827,120.919,120.603,120.14,119.105,1167
50,9.0,200.801,152.588,132.149,120.226,113.036,107.121,102.625,96.403,94.193,91.263,88.238,85.874,84.06,82.208,81.819,1085
50,9.5,248.498,185.43,157.924,141.729,131.889,124.66,118.864,110.623,107.432,102.652,97.85,93.832,91.631,89.655,87.77,1284
50,10.0,312.856,231.4,196.58,175.55,162.314,151.98,143.856,132.074,127.976,121.574,114.75,109.873,106.9,103.807,101.219,1814
50,10.5,400.236,294.351,249.169,221.728,204.257,190.896,180.282,165.392,160.327,152.1,143.26,137.238,132.969,129.141,125.89,2400
50,11.0,524.377,384.643,324.87,288.424,265.477,247.774,234.262,215.064,207.877,196.494,184.656,176.706,171.425,165.38,160.918,3004
50,11.5,669.146,491.891,416.049,371.195,342.826,320.319,303.045,277.83,269.014,255.241,240.303,230.178,223.507,217.021,210.892,2061
50,12.0,946.758,695.366,591.731,527.997,487.931,457.835,435.046,400.704,388.006,367.984,348.686,333.614,322.113,312.91,305.725,912
50,12.5,1372.925,1013.182,865.029,770.638,712.918,664.165,628.842,578.66,562.554,529.88,500.49,478.978,463.616,448.65,438.589,588
50,13.0,1963.615,1468.094,1248.559,1118.472,1029.586,966.614,912.705,839.04,809.906,771.804,732.418,705.58,687.974,670.23,653.037,606
50,13.5,2731.784,2035.231,1741.28,1559.64,1451.149,1360.316,1296.592,1192.742,1157.764,1094.673,1034.8,990.141,955.135,926.768,905.494,518
50,14.0,4174.986,3123.345,2675.298,2396.834,2236.556,2105.801,1994.906,1838.708,1773.729,1678.639,1592.253,1534.469,1481.48,1429.356,1399.444,349
50,14.5,6265.664,4687.14,3991.26,3554.462,3295.766,3075.243,2908.352,2720.146,2662.622,2516.904,2391.12,2296.035,2251.037,2165.272,2097.093,238
50,15.0,9372.648,6974.909,5933.093,5286.568,4907.162,4610.322,4406.982,4105.541,3976.928,3743.935,3449.215,3303.528,3173.386,3077.009,2983.522,164
50,15.5,15489.893,11247.422,9539.269,8499.146,7779.705,7222.992,6746.952,6151.505,5965.193,5670.062,5399.473,5185.766,5049.499,4943.992,4855.162,131
50,16.0,23895.654,17312.285,14616.364,13070.925,12202.618,11501.496,10815.482,9767.303,9399.437,8866.146,8355.899,8042.216,7821.184,7602.373,7529.737,147
50,16.5,38385.732,28074.452,23785.883,20983.504,19116.446,17935.304,16937.088,15472.544,14990.985,14101.012,13331.553,12398.945,11894.844,11641.18,11270.094,190
50,17.0,56644.37,40915.72,34271.598,30739.776,28436.342,26496.007,25040.175,22708.902,22140.386,21033.176,19565.164,18385.568,17807.86,17014.266,16371.768,216
50,17.5,83317.746,61406.388,51493.307,45865.4,41870.238,38988.622,36673.135,33482.099,32100.812,30326.857,28201.904,26448.403,25504.488,24253.44,23099.626,362
50,18.0,123727.554,89969.426,74959.043,66293.984,60627.928,56616.374,53859.916,48595.41,46604.982,43502.436,40858.938,38780.91,37317.936,35806.527,34290.692,356
50,18.5,278921.75,210382.672,180006.82,163007.82,152468.562,142940.226,134774.219,124045.054,119465.66,113449.324,108269.379,104512.098,100469.058,97107.32,95473.824,102
50,19.0,434456.281,314148.438,265948.656,238360.281,218903.812,207123.328,197692.75,182561.609,175280.859,167735.344,163578.062,158144.453,153059.031,152410.875,145217.797,105
50,19.5,648741.125,482119.812,412332.875,367859.218,345586.141,322935.0,306192.625,293075.875,289360.188,275433.156,261405.141,250708.211,243162.766,237440.758,235630.492,92
50,20.0,1084961.875,806950.688,702726.281,622911.625,566620.25,539055.594,513460.469,478238.453,467849.86,451642.938,441170.172,436606.953,424470.813,418114.75,413854.938,84
50,20.5,1347487.625,999585.0,858728.625,769093.438,733939.625,690279.5,658663.438,617414.25,602544.625,584342.5,571073.0,567214.0,568113.375,569494.812,568099.375,15
51,3.5,44.375,39.767,41.904,42.95,44.659,46.524,48.415,51.238,52.516,54.679,57.785,60.67,62.831,64.082,67.687,27
51,4.0,50.114,48.152,50.415,53.123,55.982,58.236,60.951,64.579,66.322,69.125,69.498,70.952,72.82,76.197,78.934,46
51,4.5,56.268,58.745,61.226,68.675,69.907,70.628,74.396,79.269,80.607,83.578,86.195,87.268,89.404,93.21,97.359,59
51,5.0,61.868,60.32,62.455,63.865,66.613,71.854,75.863,79.706,81.203,83.298,88.081,90.728,93.578,96.707,95.867,93
51,5.5,68.753,70.163,74.39,78.021,81.407,83.284,87.117,91.561,92.828,93.113,98.96,101.372,103.698,103.679,105.625,175
51,6.0,76.496,71.758,77.84,82.244,86.137,89.853,92.702,96.466,96.085,98.923,102.576,106.018,108.019,110.337,112.326,173
51,6.5,87.592,73.041,64.747,60.576,58.074,57.844,56.885,56.829,56.687,55.809,57.82,55.861,56.951,59.156,57.948,113
51,7.0,101.71,83.361,78.159,72.389,68.987,67.004,65.996,67.078,67.13,66.464,65.957,68.237,68.146,69.766,70.418,193
51,7.5,118.446,94.605,84.564,80.318,77.739,77.215,75.686,74.303,74.524,74.862,76.876,76.66,76.281,77.691,79.416,292
51,8.0,150.993,128.332,123.378,123.148,124.071,126.77,129.302,134.407,135.892,139.341,146.567,150.585,153.127,154.001,156.912,959
51,8.5,175.19,146.137,136.115,130.877,130.855,132.084,134.217,136.969,140.362,144.188,147.791,147.465,150.07,152.757,154.977,1321
51,9.0,211.152,165.485,146.472,135.471,129.029,123.906,120.091,115.818,114.781,112.836,113.338,113.992,115.318,116.149,116.728,1214
51,9.5,264.305,201.366,174.746,159.601,150.994,144.887,139.494,133.666,132.211,129.302,126.245,125.415,125.471,125.005,125.635,1445
51,10.0,333.504,250.92,215.65,195.073,181.678,172.278,165.981,156.041,152.413,147.042,142.287,139.176,137.415,134.974,133.918,1794
51,10.5,427.559,320.662,274.371,247.446,230.293,217.436,208.263,196.107,191.951,185.736,178.329,173.219,170.214,167.772,165.296,2313
51,11.0,562.593,419.648,358.967,322.788,300.231,283.457,271.005,253.534,247.355,237.952,228.27,222.297,218.326,214.309,210.946,2819
51,11.5,724.798,540.521,462.323,415.622,386.032,364.933,349.183,326.326,318.01,305.443,293.045,284.242,278.094,274.035,269.721,1939
51,12.0,1044.54,782.866,665.535,597.093,558.875,528.013,504.801,476.822,465.157,449.623,430.644,420.098,411.745,405.661,397.018,889
51,12.5,1552.082,1157.442,981.106,882.661,825.178,777.476,743.412,697.137,677.996,646.277,616.966,599.755,586.699,573.425,566.292,582
51,13.0,2210.988,1664.829,1428.378,1289.674,1208.892,1141.264,1093.37,1032.24,1010.08,979.648,931.45,897.996,876.738,859.626,850.733,566
51,13.5,3132.891,2339.244,2007.816,1808.199,1672.865,1587.942,1525.883,1433.682,1402.526,1347.751,1277.676,1240.772,1215.532,1194.224,1179.693,456
51,14.0,4778.254,3605.7,3081.268,2807.05,2619.589,2543.657,2435.555,2286.142,2231.386,2156.458,2067.548,2011.242,1967.207,1901.17,1853.86,308
51,14.5,7259.762,5430.066,4659.374,4212.166,3939.688,3718.53,3574.042,3353.21,3290.218,3138.604,3026.755,2881.806,2802.54,2733.946,2650.197,232
51,15.0,11343.612,8316.167,7118.638,6378.732,6024.306,5652.745,5382.694,5044.218,4907.44,4710.574,4507.324,4376.319,4269.58,4168.539,4128.431,176
51,15.5,17466.961,12935.385,10823.424,9774.667,9120.017,8532.673,8114.447,7602.462,7474.433,7171.087,6794.084,6556.622,6386.74,6222.937,6027.176,151
51,16.0,27872.744,20606.211,17390.702,15445.982,14375.678,13600.006,13043.642,12140.268,11758.874,11128.898,10661.894,10355.196,10084.894,9964.108,9781.037,168
51,16.5,45441.031,33624.445,28462.289,26295.941,24529.506,23103.328,21854.645,20313.992,19762.795,19040.951,17999.193,17264.154,16912.426,16459.529,15892.707,193
51,17.0,63585.773,48352.266,41144.301,36980.309,33445.906,31165.73,29750.912,27687.348,26776.139,25665.9,24359.098,23399.393,22885.451,22574.586,22253.949,223
51,17.5,100295.336,74006.977,62589.066,56364.391,51733.801,48215.633,45635.004,41756.34,40725.621,38686.211,36808.395,35259.324,34261.672,33241.098,32366.025,333
51,18.0,150311.172,110379.766,93877.508,83770.0,77319.195,72844.656,69206.461,63596.59,61818.762,59105.594,55544.293,53263.859,52825.688,51167.062,49044.645,347
51,18.5,340507.89,249491.031,212408.274,195716.539,178341.422,164757.656,155027.789,143919.274,140475.43,136830.461,129694.36,125926.774,124316.262,125288.351,122920.516,92
51,19.0,571290.75,448877.953,387906.562,354988.578,331448.312,314179.313,299447.718,281500.062,274119.218,266254.094,261741.89,255513.961,250146.031,248634.344,240811.656,106
51,19.5,908796.5,672212.688,571856.563,519741.266,487754.422,485262.766,463367.797,424683.281,414419.625,403379.0,372221.938,348818.906,342324.891,341821.844,345656.438,92
51,20.0,1310802.625,986500.688,882119.875,803009.875,742276.812,708625.188,698774.375,629366.812,617566.625,599216.188,597621.875,582303.062,568683.5,584876.562,592211.562,77
51,20.5,1411745.75,1041700.688,918805.625,847845.438,799054.812,775684.812,756611.062,715530.188,694014.375,662947.562,635264.812,620707.062,612917.562,607204.625,602763.812,11
52,3.0,45.986,42.256,40.446,39.713,41.105,42.313,43.72,46.32,47.602,48.676,50.375,51.114,50.982,51.274,51.988,14
52,3.5,37.998,39.855,40.481,45.598,46.014,47.693,49.469,52.512,54.437,57.778,61.41,64.383,66.756,70.033,74.127,21
52,4.0,45.4,44.373,46.509,48.079,50.428,54.361,57.19,60.689,61.703,63.694,66.851,67.675,68.418,71.914,76.06,41
52,4.5,48.738,45.882,45.516,46.39,48.665,51.425,54.362,58.117,59.5,62.13,65.502,68.068,69.994,70.347,71.942,78
52,5.0,62.562,56.067,59.814,60.859,63.175,63.151,67.697,72.618,74.062,76.103,78.611,79.43,81.641,84.037,87.654,115
52,5.5,68.094,63.643,70.764,73.056,75.598,78.781,81.193,84.458,86.021,87.697,90.447,90.889,94.347,94.176,94.105,221
52,6.0,71.616,65.311,66.047,67.77,70.737,74.731,79.447,84.132,86.281,89.032,94.9,97.75,100.353,102.363,107.136,221
52,6.5,81.804,64.041,58.282,52.996,52.434,51.019,49.906,48.638,49.069,49.934,51.094,50.884,50.95,50.433,51.173,141
52,7.0,101.941,81.959,74.393,68.946,67.595,65.532,65.823,65.296,64.755,61.604,62.489,63.819,64.592,66.704,67.794,163
52,7.5,114.731,90.754,81.268,76.033,72.11,70.998,70.196,69.551,70.048,70.011,71.322,71.959,73.006,74.106,72.606,298
52,8.0,146.19,120.361,113.359,112.599,112.966,115.402,116.616,120.175,121.804,125.428,130.045,132.253,131.948,130.896,135.975,1131
52,8.5,170.896,139.68,128.794,124.337,124.431,126.056,126.446,127.758,128.761,131.731,134.974,134.061,132.814,133.146,132.325,1332
52,9.0,206.162,158.946,138.656,126.86,119.931,115.866,112.047,108.177,106.544,104.408,101.756,100.414,99.227,98.866,98.264,1150
52,9.5,258.478,194.714,167.998,152.258,142.73,135.76,131.17,123.536,121.247,117.597,113.84,111.016,107.981,106.681,104.584,1394
52,10.0,330.52,247.276,212.512,192.3,179.876,170.507,163.659,153.967,150.852,144.706,139.307,135.322,133.156,130.728,127.644,1812
52,10.5,425.556,317.1,272.176,245.542,228.692,216.536,207.102,194.452,189.737,182.831,175.37,170.15,166.934,163.729,161.249,2136
52,11.0,558.422,414.464,353.257,318.9,297.448,280.03,267.948,251.043,245.353,234.918,224.88,217.558,211.676,206.171,200.747,2272
52,11.5,746.046,550.815,468.516,421.378,390.877,369.683,352.87,328.153,319.18,306.37,291.797,282.179,275.031,268.505,261.565,1591
52,12.0,1041.313,770.016,661.241,593.752,554.294,526.946,502.51,468.679,455.218,435.683,416.934,402.34,390.832,380.14,370.371,1056
52,12.5,1529.978,1138.792,978.832,874.198,807.719,761.094,728.004,677.114,659.228,626.702,595.003,571.432,553.203,536.469,517.541,696
52,13.0,2169.234,1616.042,1375.356,1239.104,1155.66,1087.61,1035.653,976.349,948.592,907.226,860.084,824.027,799.638,775.908,744.906,708
52,13.5,3169.185,2332.953,1992.637,1781.917,1654.677,1555.043,1475.602,1372.703,1335.314,1271.419,1213.561,1165.028,1115.668,1081.8,1047.092,543
52,14.0,4947.247,3623.265,3132.158,2833.483,2635.418,2505.788,2410.687,2232.457,2179.883,2073.51,1983.471,1877.988,1791.598,1749.296,1686.61,402
52,14.5,7554.14,5562.135,4773.159,4294.246,3970.827,3778.127,3591.303,3283.963,3171.283,3016.287,2864.277,2693.393,2593.392,2512.251,2454.689,277
52,15.0,10908.395,7940.218,6769.831,6041.514,5576.978,5184.297,4948.917,4569.477,4415.196,4176.512,3952.536,3806.91,3615.023,3506.058,3377.659,205
52,15.5,17510.014,12874.316,11036.078,10023.976,9385.433,8889.403,8396.38,7828.227,7610.903,7257.408,6909.39,6647.613,6443.428,6158.79,5973.437,166
52,16.0,30451.98,21848.66,18491.844,16691.172,15482.842,14621.385,13980.123,12814.771,12439.699,11887.334,11318.286,10751.654,10597.203,10257.074,9751.693,175
52,16.5,48000.523,35488.61,30022.326,26818.892,24858.627,23361.379,22192.662,20579.572,20099.459,18948.68,18005.69,17110.336,16458.804,15840.288,15165.692,198
52,17.0,75108.211,54786.078,46612.848,41590.934,38886.156,36356.781,34773.879,32115.26,31246.607,29412.736,27915.645,27043.348,25798.051,24763.203,24303.947,267
52,17.5,116853.039,85470.867,71709.078,63983.152,59898.883,56115.551,52864.004,48253.918,46324.711,44165.188,41393.918,39617.062,38003.672,36502.02,35648.258,357
52,18.0,178740.188,129417.469,111306.891,99018.644,91408.399,85049.215,81317.59,75551.684,72838.278,68909.68,64198.1,60953.582,59411.92,57951.047,56831.44,340
52,18.5,367831.984,268937.125,229975.961,208144.368,192045.031,181253.32,173570.289,162399.672,157602.875,151247.687,144725.086,139089.352,136289.196,132650.985,127881.868,120
52,19.0,606641.188,450216.0,383751.375,346106.0,315973.531,305444.594,289873.281,267245.406,257142.703,240447.125,228771.234,221869.625,219157.281,211967.844,205518.094,121
52,19.5,891836.25,654401.188,569874.812,512788.812,466844.0,444347.625,426851.156,398444.562,389572.312,366584.094,345465.188,329585.719,314922.312,300708.188,289478.375,125
52,20.0,1166020.125,838867.875,699303.562,627372.938,573634.5,540549.062,518964.562,502778.844,497659.531,468730.531,463588.406,441858.688,416487.125,420210.969,397137.125,85
52,20.5,1517430.25,1144500.812,980706.656,898777.656,877151.281,841462.0,806000.344,766523.406,759014.031,752285.25,746949.469,741626.313,737933.031,737693.094,737095.532,14
53,3.0,35.388,39.973,45.33,50.186,50.224,49.906,50.062,53.366,54.797,56.874,60.3,61.385,62.372,63.814,65.84,18
53,3.5,28.352,29.182,33.1,36.388,38.256,39.993,42.308,45.191,46.207,47.689,50.402,52.611,54.134,56.581,59.535,15
53,4.0,41.137,39.228,40.302,44.56,44.913,45.077,47.859,51.124,52.304,53.877,57.165,58.92,61.474,64.355,67.618,49
53,4.5,50.878,47.689,49.424,50.318,50.776,54.138,56.828,60.212,61.606,62.638,66.452,68.5,69.977,71.646,75.07,80
53,5.0,66.634,63.387,63.071,66.585,68.456,70.257,73.26,77.02,78.36,80.347,84.667,87.37,88.751,92.364,95.244,130
53,5.5,70.078,65.569,67.93,72.456,73.051,77.12,80.95,85.198,86.282,88.589,93.19,95.914,99.03,100.938,101.28,230
53,6.0,75.733,68.348,70.179,71.213,73.118,77.245,79.692,84.743,85.7,87.03,91.934,95.54,97.444,100.466,105.348,240
53,6.5,87.607,68.43,62.016,58.548,57.284,56.777,56.93,57.966,58.67,59.906,61.81,61.375,61.0,60.388,61.139,148
53,7.0,101.374,81.26,71.759,67.102,64.673,62.58,62.582,61.49,61.793,61.159,61.857,63.615,63.119,63.391,63.65,191
53,7.5,118.138,94.066,84.163,77.758,75.197,72.578,71.121,69.502,69.432,69.029,71.256,71.837,70.28,71.006,70.16,275
53,8.0,149.306,125.826,119.083,117.368,120.26,123.128,125.446,129.465,131.154,135.981,142.206,145.885,147.003,148.8,151.973,1158
53,8.5,173.155,140.948,129.375,124.419,124.667,123.889,123.935,123.354,124.357,126.567,126.76,126.883,125.939,128.545,130.948,1251
53,9.0,209.504,160.168,140.198,128.223,121.038,116.238,113.227,107.768,105.992,104.013,102.27,100.984,99.896,100.461,100.226,1178
53,9.5,260.977,197.154,170.674,155.816,146.591,139.474,134.722,127.396,124.884,121.089,117.282,114.412,112.95,110.906,107.755,1386
53,10.0,334.411,249.934,214.201,193.951,180.344,171.034,164.32,155.504,152.456,146.971,142.006,138.357,135.443,132.969,130.713,1835
53,10.5,425.288,315.658,269.588,242.65,226.439,213.498,203.901,191.459,186.649,179.68,172.842,168.581,164.325,160.424,156.772,1882
53,11.0,579.426,430.506,368.174,333.552,312.079,294.841,282.329,264.704,257.27,248.697,237.215,230.34,225.36,220.688,213.507,1435
53,11.5,781.069,580.272,493.86,444.946,414.153,390.461,372.881,348.68,340.082,327.722,315.924,305.708,297.605,289.49,281.3,1252
53,12.0,1052.908,779.313,664.103,599.918,555.429,522.927,498.857,467.029,454.426,435.331,416.903,402.501,390.948,381.453,372.45,1051
53,12.5,1521.132,1124.158,955.955,861.791,802.456,755.586,720.369,671.553,654.216,622.837,594.052,570.178,553.128,533.012,516.58,740
53,13.0,2176.486,1606.946,1373.251,1238.926,1152.514,1089.752,1043.156,974.218,948.052,911.81,866.12,831.61,799.898,769.542,743.511,805
53,13.5,3138.483,2317.904,2002.515,1805.708,1686.306,1606.046,1541.735,1446.249,1406.798,1342.098,1283.309,1220.297,1176.322,1137.8,1095.441,685
53,14.0,4995.768,3706.802,3185.122,2891.892,2689.083,2534.734,2425.559,2250.594,2192.221,2094.185,1987.719,1906.986,1837.53,1780.426,1716.16,516
53,14.5,7954.624,5862.265,5039.804,4583.921,4291.829,4093.055,3905.814,3653.24,3568.892,3443.005,3312.822,3210.311,3146.787,3060.648,2941.991,553
53,15.0,11990.585,8798.523,7504.676,6771.961,6305.981,6002.858,5759.521,5386.213,5262.009,5034.009,4841.147,4678.49,4542.544,4387.817,4273.21,509
53,15.5,19695.736,14557.154,12345.353,11182.09,10473.26,9996.391,9629.961,8930.76,8689.971,8394.741,7978.772,7634.113,7352.334,7091.465,6789.317,384
53,16.0,30581.654,22211.042,19078.589,16925.962,15931.528,15023.021,14281.466,13147.146,12842.294,12339.046,11842.975,11252.856,10823.362,10548.598,10229.63,260
53,16.5,50274.543,36442.121,30891.908,27692.588,25513.596,24009.854,22995.746,21318.57,20711.795,19597.275,18313.469,17451.166,16712.457,16146.005,15310.048,231
53,17.0,81345.898,58921.547,50579.793,45618.887,41907.371,39986.57,38256.875,35497.086,35258.555,33824.262,31645.303,30007.293,28950.016,27562.633,26130.863,287
53,17.5,126375.227,91240.891,77341.961,68773.461,63507.645,59506.766,56507.18,52282.031,50159.941,48141.227,45278.852,42927.004,40920.027,39118.141,37770.965,399
53,18.0,197465.266,142918.688,121077.609,109085.047,100990.867,96023.672,91110.891,84916.484,81822.883,77928.57,72784.0,68224.266,64968.891,63892.355,61577.246,323
53,18.5,410526.719,304138.188,258067.922,236554.953,220121.516,205276.938,195228.484,178831.938,172882.344,162839.391,157922.359,149874.266,142568.672,137808.75,132100.375,129
53,19.0,633562.25,472197.312,395916.719,352901.656,336490.625,315197.75,304209.75,284707.562,277099.094,265291.312,252421.047,241705.281,233973.656,226506.266,221942.25,113
53,19.5,957343.25,706336.344,593952.688,531159.875,492241.828,464020.282,446548.375,412908.031,399962.625,379168.922,359136.438,345597.734,335864.125,326691.156,317466.656,132
53,20.0,1354601.688,1001081.781,833395.406,748925.375,693361.344,656392.219,623634.875,575582.032,565257.468,539523.688,506710.672,474696.89,448649.172,428174.969,410594.172,96
53,20.5,2349595.25,1825332.125,1694584.0,1563001.875,1425126.0,1336372.375,1268065.625,1232377.75,1223621.625,1206738.75,1117954.875,1046274.375,987972.812,925512.438,898480.062,19
54,3.0,41.515,52.337,52.16,55.163,53.828,55.944,58.102,61.124,62.518,65.044,68.196,71.254,74.369,76.398,76.469,15
54,3.5,35.218,35.056,40.073,42.821,45.136,47.494,50.068,53.582,54.777,57.194,60.314,62.936,65.96,68.698,72.13,26
54,4.0,44.304,44.9,48.334,51.811,53.877,55.972,58.37,61.877,62.835,64.74,68.922,71.356,73.424,76.358,80.24,50
54,4.5,53.08,52.058,57.353,60.568,62.2,65.447,67.7,71.449,73.399,75.148,77.464,80.781,82.656,84.228,86.756,84
54,5.0,70.286,67.259,70.476,73.492,76.766,79.336,81.801,84.546,86.441,87.432,91.495,94.865,97.462,99.972,103.214,162
54,5.5,70.944,65.673,68.651,70.105,72.41,74.763,77.584,82.138,83.517,85.272,91.232,93.073,93.387,97.441,99.874,323
54,6.0,77.857,70.406,73.444,75.685,79.97,84.189,87.48,89.458,90.235,92.539,97.916,100.349,103.21,106.016,107.779,272
54,6.5,90.247,74.637,70.776,67.677,66.71,65.92,66.05,66.844,67.556,68.809,70.106,72.224,73.882,73.302,75.805,182
54,7.0,112.355,92.436,84.976,82.53,81.047,80.278,82.139,82.964,83.795,85.225,85.822,85.431,85.968,85.821,84.014,253
54,7.5,125.524,101.922,93.423,90.343,88.867,86.921,87.137,85.667,86.003,86.035,84.72,84.555,85.713,85.379,84.671,315
54,8.0,153.812,130.346,124.612,123.908,126.656,129.716,132.49,135.941,138.528,142.793,150.162,152.698,154.139,157.168,162.055,1294
54,8.5,180.38,148.942,137.676,133.586,134.292,135.854,136.895,140.514,141.404,144.022,149.023,149.688,149.389,152.248,154.978,1304
54,9.0,219.339,170.772,150.703,140.295,133.715,129.127,125.876,122.387,120.115,119.101,118.603,118.811,118.68,121.391,120.702,1081
54,9.5,274.874,208.932,181.243,165.53,156.316,149.532,144.223,137.14,135.105,131.854,128.318,125.726,124.065,122.331,121.029,1268
54,10.0,354.919,267.137,230.836,209.988,196.963,188.285,181.126,171.781,168.887,164.51,159.975,155.946,153.626,153.549,151.757,1471
54,10.5,467.701,352.171,302.737,273.779,256.085,242.783,232.505,218.621,213.874,206.109,198.06,194.041,190.367,188.466,185.47,1293
54,11.0,654.713,487.211,419.13,379.446,355.002,337.663,324.214,303.678,297.908,286.383,276.254,268.631,264.682,260.154,254.951,1138
54,11.5,884.172,660.246,569.038,513.823,478.99,451.827,431.437,405.689,395.7,382.134,366.914,357.555,348.389,341.164,337.613,1211
54,12.0,1147.893,862.004,744.852,676.37,631.48,597.806,572.894,536.133,526.772,508.593,491.099,478.44,468.827,456.932,445.615,963
54,12.5,1644.569,1225.156,1043.902,948.476,882.61,831.405,796.89,747.248,727.776,696.996,665.184,640.668,627.724,612.826,597.588,738
54,13.0,2388.055,1768.11,1509.727,1366.599,1276.711,1203.882,1147.571,1066.653,1039.258,995.749,942.399,909.811,880.06,854.123,833.323,815
54,13.5,3425.883,2537.69,2175.662,1966.854,1843.466,1736.036,1664.626,1552.454,1516.334,1451.336,1382.97,1315.022,1268.572,1223.672,1183.433,756
54,14.0,5777.587,4280.271,3611.137,3239.787,3024.062,2863.378,2725.849,2501.81,2439.034,2306.395,2180.465,2112.077,2035.435,1923.265,1831.452,667
54,14.5,8983.886,6594.304,5617.142,5061.852,4638.012,4341.512,4151.403,3816.798,3711.65,3527.408,3338.378,3175.768,3057.351,2907.86,2766.756,782
54,15.0,13415.082,9678.074,8116.068,7270.466,6760.385,6339.328,6015.52,5530.827,5341.712,5009.784,4676.307,4476.398,4292.504,4117.448,3946.018,704
54,15.5,20089.219,14601.377,12311.244,10964.261,10200.414,9492.296,9045.288,8439.796,8191.511,7711.978,7258.908,6883.898,6570.8,6244.372,5930.944,430
54,16.0,35985.742,26549.953,22468.57,19904.564,18315.656,17113.938,16250.193,14861.481,14310.341,13354.755,12456.096,11725.162,11235.885,10759.682,10140.382,359
54,16.5,67892.273,49614.988,42181.598,37840.039,34781.508,32332.121,30576.914,28076.357,27336.379,25943.727,24296.729,23084.615,22272.885,21268.598,20082.736,349
54,17.0,116801.695,85126.148,71609.188,64345.91,59652.078,55496.922,52660.039,48688.793,47210.023,44245.961,42353.195,41108.805,40021.449,38883.562,37667.383,461
54,17.5,171020.18,124463.004,104283.957,92989.368,86738.633,81781.875,78156.375,71993.211,69921.258,66689.684,64087.66,60577.293,58243.799,56928.738,55825.192,458
54,18.0,273148.688,201885.242,175064.492,156655.735,145183.883,137070.328,127987.48,116480.122,112005.449,104549.148,98533.718,94464.785,91263.055,87259.899,83055.32,320
54,18.5,495518.157,375743.39,329033.5,294538.422,273729.234,257790.078,244940.25,226258.328,218321.18,207374.156,196650.516,188201.906,182422.898,180428.68,177637.476,126
54,19.0,836776.562,641734.25,549822.625,493881.812,463737.906,435173.812,406854.594,389461.844,388930.219,373241.844,352886.125,338475.219,331852.625,325435.344,319333.875,113
54,19.5,1053087.875,779959.562,675020.938,625266.375,593874.938,563902.75,536086.625,500792.688,491728.594,481425.281,458697.875,443998.0,423650.656,417379.312,420253.062,117
54,20.0,1577019.0,1149913.812,996224.406,900281.563,835465.094,783839.781,744309.125,689551.187,672664.25,643443.031,622275.0,605245.468,594331.906,582228.344,571894.5,68
54,20.5,2010091.875,1461451.438,1232067.062,1119177.625,1043379.062,985281.531,942576.531,865760.782,837147.75,792817.532,747274.531,715160.875,689828.312,661021.125,653163.032,16
55,3.0,36.006,39.421,40.802,44.009,45.145,46.456,48.215,51.059,52.174,54.221,57.255,60.141,62.612,66.07,70.464,15
55,3.5,46.242,47.394,51.904,57.28,58.088,58.917,60.384,63.457,64.862,67.222,70.402,73.094,76.21,79.858,84.388,30
55,4.0,41.299,40.253,43.436,44.632,47.39,49.682,51.72,55.06,55.29,56.982,59.846,62.359,64.685,67.391,70.601,54
55,4.5,52.317,47.387,52.588,54.851,56.451,56.665,57.945,59.026,60.349,62.015,65.12,67.727,69.822,72.654,76.129,85
55,5.0,62.891,60.527,63.574,69.734,71.521,75.444,79.069,80.472,80.603,83.445,87.906,89.65,91.033,93.994,95.26,125
55,5.5,69.286,64.133,66.201,68.328,70.652,72.36,74.456,78.978,80.205,82.957,88.048,90.409,91.962,95.126,96.675,314
55,6.0,73.406,65.962,65.473,68.448,71.516,75.528,79.105,81.806,82.78,85.52,89.187,91.853,92.964,96.238,99.758,270
55,6.5,90.572,76.568,69.964,66.862,66.836,69.129,68.024,66.401,68.142,68.633,69.519,70.176,71.168,72.611,75.148,174
55,7.0,104.263,86.532,80.285,77.617,75.535,74.863,73.67,73.911,74.845,77.085,79.123,78.624,79.762,81.099,82.142,241
55,7.5,117.424,94.267,85.372,77.71,75.209,74.166,73.494,73.029,73.569,73.27,74.925,74.113,73.908,74.004,74.724,364
55,8.0,147.5,123.765,117.95,116.68,118.841,122.124,125.048,128.794,129.83,133.995,137.935,140.782,144.057,147.549,151.662,1361
55,8.5,171.06,138.776,127.886,124.315,123.65,125.395,126.521,128.289,128.939,132.495,134.345,136.797,138.904,141.227,139.907,1359
55,9.0,207.542,159.815,139.79,129.471,123.015,118.128,114.998,111.101,110.71,108.504,107.799,107.029,107.291,107.153,106.324,1189
55,9.5,259.724,196.575,170.42,155.028,144.633,137.553,132.671,125.386,122.66,119.042,115.352,113.144,111.518,109.61,107.966,1354
55,10.0,333.05,250.686,215.724,195.076,182.474,172.528,165.47,154.974,150.986,145.171,139.314,135.442,133.175,130.786,128.653,1606
55,10.5,434.586,323.862,276.654,249.634,232.874,219.946,210.932,196.959,191.837,183.761,175.974,170.85,166.763,163.769,160.734,1532
55,11.0,594.184,439.863,377.437,339.557,315.651,298.679,286.112,266.725,261.322,250.334,239.147,231.551,226.966,221.301,215.912,1426
55,11.5,792.043,588.133,500.648,449.336,417.424,394.049,374.581,347.494,338.868,325.72,309.645,299.148,290.171,283.036,275.853,1353
55,12.0,1030.155,766.989,656.612,590.652,547.992,514.147,489.096,453.174,439.857,421.145,401.102,385.866,377.71,365.22,355.46,964
55,12.5,1458.402,1084.258,925.855,830.846,771.56,724.047,691.045,637.8,620.107,589.273,561.911,543.246,527.651,511.583,498.382,683
55,13.0,2164.186,1614.489,1367.622,1237.467,1155.75,1086.228,1027.842,946.936,918.496,874.468,829.904,795.773,768.12,746.375,730.483,767
55,13.5,3078.425,2291.77,1956.242,1756.72,1635.974,1544.765,1475.228,1361.585,1322.715,1265.741,1180.358,1136.894,1105.97,1066.854,1036.722,685
55,14.0,5096.202,3786.755,3240.021,2905.233,2698.176,2543.686,2418.988,2231.369,2157.791,2048.435,1917.214,1812.357,1741.007,1675.084,1596.611,565
55,14.5,8291.286,6119.706,5196.667,4640.178,4259.837,4004.605,3808.167,3481.348,3344.097,3144.31,2954.982,2799.318,2700.382,2570.259,2443.38,608
55,15.0,12477.114,9193.588,7786.383,6858.95,6286.521,5863.588,5536.625,5048.95,4908.455,4638.954,4308.031,4084.423,3921.37,3725.905,3556.418,525
55,15.5,19188.094,14200.685,11933.702,10633.632,9791.22,9151.289,8682.841,7905.827,7651.696,7223.937,6710.993,6406.393,6070.802,5815.839,5542.059,337
55,16.0,30810.984,22629.58,19312.086,17071.806,15754.816,14742.101,13995.16,12741.736,12389.276,11697.08,10962.273,10382.506,9935.88,9542.798,9151.012,294
55,16.5,53837.768,40100.084,33823.174,30469.704,27900.14,25967.686,24407.474,22253.43,21417.091,20332.154,19095.678,18326.248,17774.478,17117.446,16618.452,286
55,17.0,87098.832,64922.578,54435.234,49731.701,45856.301,42941.996,40568.961,37484.786,36338.97,34843.678,32876.099,31961.758,31318.682,30534.514,29795.331,330
55,17.5,133632.188,98202.812,82636.145,74240.656,68456.184,63675.918,59934.977,55445.801,53638.803,51041.805,47743.229,45231.545,43694.953,42623.18,40918.641,380
55,18.0,202178.766,146789.016,123993.125,112251.938,103396.539,96508.266,91279.789,83751.297,80811.125,77029.805,73602.227,71311.734,67878.883,66225.469,63650.582,287
55,18.5,353619.844,261700.391,221251.078,195195.156,180125.984,167407.141,166392.281,153886.297,146989.0,136742.172,129718.484,125154.547,122701.109,119161.555,114933.828,117
55,19.0,659377.094,488417.938,419841.39,372246.0,359196.188,343900.266,327735.312,314551.61,308529.359,295556.656,274790.062,264108.469,260048.992,260816.062,256635.156,104
55,19.5,1007087.688,731916.875,634234.75,568505.062,521262.219,477867.125,450521.031,414806.125,397060.875,374267.469,360236.781,344859.469,332831.188,329802.969,326395.156,101
55,20.0,1283768.375,936811.125,795435.312,693722.906,636969.156,587647.594,559398.468,521820.203,507236.844,487040.0,465330.172,449704.953,444777.766,432338.0,427575.594,86
56,2.5,46.928,46.991,51.329,55.598,57.47,59.092,60.756,62.84,62.219,61.308,59.782,58.868,60.42,63.274,66.519,10
56,3.0,46.936,41.338,39.673,38.119,38.45,38.432,39.474,40.687,40.451,41.62,44.98,47.016,48.391,50.36,53.01,18
56,3.5,38.983,37.172,38.417,37.192,38.071,39.042,39.888,41.438,42.507,44.105,46.551,48.633,49.84,52.23,55.673,31
56,4.0,40.86,36.558,39.682,39.216,39.648,40.534,41.804,44.527,46.264,48.102,51.471,53.732,55.056,57.45,60.603,50
56,4.5,43.88,41.949,46.391,48.861,49.547,51.722,53.666,56.263,57.345,59.676,63.038,64.266,64.363,66.775,70.008,79
56,5.0,62.664,59.014,57.398,58.259,60.392,62.19,64.687,66.054,67.018,68.33,73.04,75.58,77.022,79.839,82.897,124
56,5.5,64.63,61.818,64.596,70.23,72.618,74.577,77.672,81.724,82.8,84.27,88.032,91.412,91.511,93.031,95.647,261
56,6.0,68.119,63.383,65.364,67.878,70.748,72.334,74.549,77.467,78.344,81.267,85.5,89.245,91.227,94.495,97.504,265
56,6.5,84.128,71.682,65.847,63.578,62.364,61.745,61.561,62.651,62.601,64.056,66.801,69.18,71.424,71.308,73.059,141
56,7.0,90.809,72.476,65.728,62.678,59.465,59.099,58.608,56.945,54.594,55.232,56.417,54.56,56.499,57.972,58.418,175
56,7.5,110.713,87.472,75.972,69.871,67.364,66.013,64.009,60.475,60.285,60.713,60.035,61.095,61.703,62.095,63.981,259
56,8.0,140.859,118.025,110.619,110.086,111.944,114.166,116.794,120.611,122.372,126.871,130.82,132.202,132.945,136.052,137.548,1193
56,8.5,163.481,134.893,124.91,120.62,120.364,121.035,122.442,123.529,124.172,125.043,126.586,126.389,128.017,129.457,130.52,1140
56,9.0,198.475,151.382,132.066,121.661,115.297,110.778,107.614,102.471,100.326,99.415,97.803,96.757,95.583,96.547,93.55,901
56,9.5,244.103,182.824,156.295,141.162,130.831,123.854,118.148,110.143,107.36,103.202,97.905,94.82,92.038,89.276,86.864,1102
56,10.0,304.308,226.908,192.326,171.608,158.356,148.698,141.12,130.858,126.804,120.156,113.434,109.62,106.302,102.351,99.026,1104
56,10.5,401.292,296.761,251.94,224.565,207.286,193.724,183.946,169.467,164.025,156.038,146.676,140.71,135.816,131.56,127.917,953
56,11.0,523.932,387.431,328.926,293.966,270.78,252.879,240.08,220.817,213.76,203.232,192.542,184.852,178.524,173.668,168.639,810
56,11.5,716.431,532.11,450.588,400.21,369.352,345.879,326.94,298.45,288.732,273.032,258.588,246.318,239.58,232.62,227.23,662
56,12.0,945.481,706.247,600.116,536.814,492.027,458.889,432.628,396.281,382.224,363.307,341.628,329.466,318.484,307.298,296.427,538
56,12.5,1431.446,1072.968,925.784,827.855,773.268,727.727,695.88,637.116,613.376,576.092,541.098,519.935,503.169,486.357,461.618,297
56,13.0,2051.664,1534.305,1318.901,1167.96,1092.325,1031.186,986.181,909.634,880.333,832.094,777.542,738.086,712.902,686.007,659.925,342
56,13.5,2971.721,2251.04,1902.656,1716.34,1596.366,1500.654,1436.521,1343.454,1300.1,1236.882,1191.097,1134.088,1099.658,1060.352,1013.378,232
56,14.0,4732.979,3523.263,3039.352,2725.823,2582.678,2445.701,2341.937,2127.385,2038.811,1930.316,1805.496,1705.846,1633.378,1564.829,1493.87,177
56,14.5,6720.864,4940.229,4200.497,3784.275,3496.499,3253.72,3137.648,2896.704,2776.563,2693.052,2416.125,2329.077,2237.238,2164.0,2096.212,129
56,15.0,10070.84,7481.365,6316.047,5567.076,5156.618,4785.206,4533.057,4180.007,4047.142,3818.254,3563.204,3377.184,3264.278,3118.025,3029.294,126
56,15.5,16121.35,11731.65,9709.792,8672.395,8001.688,7482.776,7145.648,6533.289,6269.5,5907.252,5611.697,5372.25,5228.23,5125.853,4844.714,140
56,16.0,25095.795,18481.979,15698.232,13929.467,13111.362,12237.153,11627.962,10637.579,10246.667,9527.299,8860.263,8237.237,7764.786,7412.132,7158.508,129
56,16.5,42727.102,31741.487,26907.054,23737.968,21785.389,20213.536,18955.446,17264.77,16634.992,15543.276,14369.558,13520.217,12938.732,12359.048,11838.528,132
56,17.0,70028.476,51315.383,43630.972,38608.986,36105.516,33655.164,31781.014,28664.232,27458.606,25372.79,23474.789,22268.37,21357.872,20464.916,19225.552,216
56,17.5,107849.258,79064.203,66571.062,58950.758,54176.086,50506.488,47637.344,43147.953,41381.953,38903.215,35913.484,33898.176,32434.646,31151.139,29924.525,299
56,18.0,161552.086,118214.938,99867.253,88728.036,81197.914,75782.308,71347.524,64694.94,62277.222,58614.402,54153.299,51516.125,48966.996,46331.776,44218.83,502
56,18.5,234039.305,170282.398,145385.0,129027.215,117832.516,109950.734,103140.098,94683.762,91479.488,84944.863,78389.152,74719.207,70766.68,67508.062,64501.957,412
56,19.0,438422.766,322465.766,270610.828,240560.852,223472.594,209112.461,198146.141,180359.961,173503.109,161316.297,146793.688,138011.344,131480.297,123076.868,117717.946,40
57,3.0,34.298,33.506,33.346,37.201,38.86,40.242,42.188,43.326,43.434,43.474,44.313,45.987,46.596,47.511,48.463,16
57,3.5,28.934,25.855,29.94,33.868,34.918,36.17,37.977,40.385,41.514,43.124,45.618,47.644,49.406,51.691,54.454,20
57,4.0,33.011,31.35,37.058,41.078,42.426,43.386,44.896,47.114,47.263,48.746,51.418,53.77,56.269,58.882,61.89,50
57,4.5,42.293,41.729,45.234,47.527,49.596,50.899,53.194,55.816,57.339,59.436,63.246,64.885,66.599,68.38,70.802,105
57,5.0,56.331,55.127,58.652,63.196,63.559,66.695,69.174,73.474,73.637,75.551,78.337,80.628,83.316,84.936,85.123,139
57,5.5,64.144,60.792,62.486,65.134,66.504,69.318,71.699,73.566,75.374,77.407,80.955,84.026,85.486,88.424,92.442,256
57,6.0,70.516,63.587,64.625,66.502,69.46,71.867,75.301,79.995,80.028,81.23,83.828,87.373,89.224,92.451,96.228,273
57,6.5,84.528,70.505,64.832,62.406,61.393,61.796,61.015,58.727,57.704,57.393,61.432,63.28,65.677,67.996,68.44,151
57,7.0,96.328,75.557,67.164,61.681,59.674,58.195,57.484,55.322,53.97,54.204,53.97,52.887,53.458,53.699,53.41,181
57,7.5,109.918,86.808,77.213,71.713,66.609,62.607,61.047,58.325,56.824,56.199,55.592,54.971,54.693,53.749,53.906,225
57,8.0,142.999,118.532,111.268,110.096,111.786,113.591,115.916,119.296,120.215,123.084,127.661,128.354,130.804,134.352,137.74,1124
57,8.5,165.554,136.553,126.0,122.153,121.544,122.891,125.101,126.618,126.035,126.896,126.4,128.459,130.23,127.416,129.548,1020
57,9.0,198.786,154.027,135.953,125.835,119.626,115.324,111.632,106.31,103.886,101.592,101.15,99.814,100.214,99.162,97.302,722
57,9.5,249.476,188.524,162.567,147.199,136.474,128.442,122.462,114.298,110.954,106.142,101.702,99.366,96.941,95.652,93.665,824
57,10.0,310.64,230.044,195.934,174.676,161.716,150.838,142.754,132.139,128.321,121.718,115.23,110.526,107.785,102.08,98.056,958
57,10.5,401.92,295.928,248.51,220.512,201.716,187.869,176.156,160.606,154.873,146.123,136.289,128.401,122.067,116.507,111.784,903
57,11.0,520.301,379.762,316.724,279.007,253.792,234.562,220.454,199.019,190.866,178.098,164.102,154.014,146.513,140.394,133.824,928
57,11.5,697.334,506.239,422.92,373.272,340.336,314.479,295.485,266.424,256.153,238.612,220.412,208.01,197.758,187.21,177.298,908
57,12.0,913.429,666.342,555.745,490.582,449.561,415.535,387.618,349.442,334.291,311.739,289.734,272.831,259.542,246.339,233.467,649
57,12.5,1377.33,1013.232,855.296,755.372,682.813,634.186,591.952,533.901,511.058,477.483,442.905,412.387,391.071,367.68,345.26,380
57,13.0,1935.192,1441.358,1216.462,1086.082,992.445,930.233,873.698,785.217,759.214,704.661,646.822,603.346,568.916,532.369,501.13,372
57,13.5,2889.936,2127.024,1780.034,1586.865,1453.316,1355.086,1271.692,1146.213,1093.476,1023.689,948.413,880.222,828.034,776.207,733.48,296
57,14.0,4651.858,3386.804,2861.0,2540.648,2321.699,2145.22,2038.007,1835.079,1748.321,1613.47,1476.833,1365.287,1284.098,1204.016,1126.092,231
57,14.5,6506.021,4718.382,4040.93,3635.15,3359.591,3105.822,2939.62,2611.159,2506.603,2349.951,2153.235,2000.543,1894.408,1779.838,1671.046,173
57,15.0,9989.96,7209.272,5992.749,5349.052,4841.773,4471.182,4182.632,3749.857,3619.892,3347.448,3044.311,2819.977,2662.406,2490.198,2326.738,151
57,15.5,15961.108,11483.522,9570.191,8400.846,7631.646,7102.308,6692.383,6041.301,5759.434,5305.57,4802.109,4428.808,4140.155,3826.046,3511.931,134
57,16.0,22832.695,16364.366,13602.666,11899.282,10681.416,9877.152,9289.072,8238.323,7801.539,7152.398,6556.602,6121.29,5810.893,5462.952,5095.783,128
57,16.5,42030.051,29834.633,24425.904,21484.027,19435.332,17815.115,16578.307,14980.19,14366.347,13322.032,12139.099,11192.649,10450.113,9748.027,9025.465,145
57,17.0,64299.613,47798.602,39223.871,34300.156,31108.434,28698.73,26528.125,23710.908,22641.885,20920.596,18906.832,17381.537,16244.095,15269.424,14173.222,203
57,17.5,101483.492,74885.445,62302.246,54164.145,48179.078,44339.93,41172.754,36932.172,35207.816,32692.246,29676.445,27389.137,25813.855,23987.289,22387.678,303
57,18.0,159493.047,114195.016,94974.695,82470.281,74242.164,68331.805,64064.238,57464.566,54620.816,50123.137,45496.363,42213.309,39674.988,37082.34,34634.789,531
57,18.5,226072.562,161768.281,133177.062,116292.039,105281.82,96566.391,89655.305,79877.414,76154.984,70056.938,63474.465,58836.473,55756.527,52001.781,48742.211,439
57,19.0,352073.031,248689.203,204346.094,176975.5,157395.516,143682.766,133313.438,118386.109,112833.633,103840.664,94017.234,86837.586,81249.133,76425.82,73976.742,39
58,3.0,22.648,24.156,29.565,33.321,34.118,34.794,35.878,37.805,38.461,40.112,42.487,43.416,44.072,45.251,47.287,16
58,3.5,33.184,34.012,36.519,37.298,37.966,40.483,43.106,46.514,47.054,49.39,52.921,55.241,56.695,58.796,61.576,26
58,4.0,38.972,40.572,44.577,49.021,50.958,52.454,54.388,56.913,58.205,60.196,63.065,65.514,68.059,69.495,72.96,53
58,4.5,43.04,44.204,47.436,49.164,51.062,53.63,55.081,57.957,59.302,62.438,66.006,68.209,69.696,72.552,73.777,90
58,5.0,56.564,53.148,53.004,54.116,56.724,58.686,61.502,63.522,64.947,67.208,69.308,72.278,74.69,77.632,80.322,170
58,5.5,61.375,57.074,60.123,62.741,64.53,67.247,69.879,72.12,73.333,74.665,77.827,80.716,82.514,86.006,89.316,277
58,6.0,67.417,62.221,62.634,63.5,65.301,68.306,71.386,74.269,73.832,75.174,80.261,83.455,85.452,87.149,90.549,287
58,6.5,85.43,70.829,63.845,60.668,60.281,61.208,59.908,59.968,60.71,62.169,64.662,66.215,66.611,67.343,71.615,151
58,7.0,97.609,77.132,69.945,64.436,62.273,59.697,59.203,59.414,60.095,60.07,60.217,60.229,58.265,59.798,62.128,191
58,7.5,109.989,87.865,79.444,74.608,73.506,71.942,70.227,66.895,66.492,66.092,66.006,67.682,69.782,71.714,72.237,224
58,8.0,141.697,118.741,112.602,111.233,113.053,116.497,119.78,123.375,124.583,127.285,131.016,131.192,133.084,133.436,135.047,1157
58,8.5,166.087,136.575,125.978,122.556,122.859,124.594,126.18,129.121,129.456,131.104,131.317,128.081,126.961,128.518,126.121,1029
58,9.0,204.521,162.618,144.174,134.748,131.343,128.201,125.243,122.053,121.216,121.549,118.906,116.324,113.341,113.824,112.35,703
58,9.5,255.952,196.714,171.53,157.526,150.174,144.756,140.812,135.421,132.699,129.565,125.297,122.524,121.857,121.843,118.678,786
58,10.0,318.566,238.797,203.315,184.676,171.417,161.997,155.661,145.622,142.174,136.999,131.88,127.484,125.24,123.69,120.274,803
58,10.5,423.548,315.864,268.859,241.323,224.06,210.021,200.692,186.521,181.493,172.754,164.776,157.913,155.112,151.3,147.645,769
58,11.0,543.62,400.49,340.576,303.553,279.237,261.443,248.365,229.406,222.257,209.68,197.52,187.97,181.612,175.876,171.804,896
58,11.5,730.526,538.681,454.11,405.533,372.084,347.48,329.121,303.118,292.184,277.501,259.134,247.228,237.965,230.243,223.692,877
58,12.0,964.509,711.697,606.55,538.536,493.004,460.348,432.952,398.179,385.372,362.052,340.318,320.914,308.041,298.532,289.112,682
58,12.5,1416.438,1045.81,887.525,783.559,718.225,667.472,626.87,569.458,549.166,513.76,479.889,451.601,431.78,410.552,392.815,453
58,13.0,2035.124,1522.468,1292.14,1153.33,1064.366,998.93,941.916,864.398,837.026,786.773,737.319,703.936,667.051,639.202,613.712,446
58,13.5,2986.039,2223.564,1890.204,1695.133,1546.764,1438.968,1361.615,1260.867,1227.104,1148.578,1073.048,1018.34,976.132,927.67,883.536,296
58,14.0,4903.969,3647.088,3130.579,2827.854,2602.873,2442.212,2294.176,2087.194,2031.17,1918.248,1797.378,1685.866,1590.554,1532.907,1469.699,294
58,14.5,7192.945,5393.641,4639.69,4182.613,3808.321,3565.797,3348.477,3037.866,2914.806,2688.487,2448.973,2296.576,2171.765,2028.482,1908.306,227
58,15.0,11280.727,8100.048,6858.406,6074.021,5510.839,5114.893,4803.606,4399.75,4267.562,3973.212,3698.111,3456.304,3306.45,3163.046,2964.92,170
58,15.5,17703.528,13140.79,10971.22,9647.542,8806.419,8080.198,7621.082,6813.242,6565.986,6078.568,5558.835,5173.844,4879.41,4627.969,4340.291,158
58,16.0,26926.729,19494.969,16783.258,14753.45,13500.127,12560.951,11909.689,10773.731,10367.833,9546.146,8955.37,8314.149,7878.8,7365.578,6848.494,115
58,16.5,44908.936,34510.82,28804.008,25155.592,22489.676,20716.109,19270.086,17181.708,16493.587,15347.06,14151.44,13280.986,12784.966,12159.333,11523.473,150
58,17.0,69024.782,50360.482,41999.766,36773.305,33326.174,30937.364,29178.73,26565.814,25489.12,23915.924,22194.434,20932.472,20101.282,18973.615,17909.898,196
58,17.5,113435.219,84641.062,71233.242,62227.934,56697.641,52192.336,48713.32,43699.566,42283.551,39999.418,36488.984,33817.004,31783.545,29943.529,28089.719,301
58,18.0,168532.328,123723.445,104213.336,91991.133,83961.773,77903.164,73210.391,66364.594,63750.594,59041.527,54356.305,50661.281,48227.914,45234.254,42707.68,501
58,18.5,267677.812,195471.625,164737.391,144304.344,129804.719,119932.867,112481.008,101510.406,97871.797,91919.547,84318.367,78876.805,75664.664,71425.336,67360.188,419
58,19.0,420660.11,304814.281,253274.648,224526.102,204673.304,190730.352,180022.289,164662.32,159035.196,150263.485,141255.946,134841.008,129120.312,121883.106,114022.84,46
58,19.5,731550.5,528209.422,436871.11,381418.078,343828.64,316380.844,295323.766,264767.758,254315.805,238105.446,220026.485,206661.93,196296.43,185691.274,175781.641,12
59,3.0,29.38,32.625,36.209,39.793,40.381,41.68,43.11,46.144,47.016,48.624,51.325,53.399,55.955,58.298,61.308,13
59,3.5,36.725,37.574,39.296,41.65,42.06,43.318,44.976,47.783,49.204,51.554,55.072,57.701,59.603,62.613,66.288,20
59,4.0,35.072,34.322,36.079,37.445,39.295,41.27,43.139,45.132,45.384,45.839,47.626,49.206,50.894,52.972,55.816,44
59,4.5,46.113,45.678,47.308,49.378,50.921,53.134,55.55,58.78,58.893,59.931,64.596,67.178,68.726,70.914,70.616,86
59,5.0,57.927,55.682,58.03,58.846,61.871,64.269,65.881,67.607,68.366,70.39,74.119,75.246,74.618,77.937,80.672,137
59,5.5,64.758,62.264,67.608,70.968,72.219,74.896,77.723,80.381,81.203,83.473,85.949,86.425,87.787,89.464,92.687,249
59,6.0,68.836,65.378,68.452,69.822,71.092,73.826,76.544,79.156,80.736,82.419,85.739,88.586,90.44,92.443,93.466,246
59,6.5,80.015,65.602,58.164,56.66,54.502,53.894,52.282,50.311,51.362,51.277,51.945,50.915,50.74,53.554,53.85,144
59,7.0,94.44,73.84,67.044,62.546,61.707,60.974,60.565,59.294,59.766,59.778,59.45,59.221,60.044,61.75,63.271,156
59,7.5,111.054,87.135,76.238,71.136,66.102,62.777,61.305,59.003,58.198,56.988,54.902,53.825,52.663,51.814,51.159,237
59,8.0,143.864,120.288,113.204,111.767,112.688,114.438,116.459,120.004,121.053,123.937,127.755,128.86,130.312,131.989,133.967,1095
59,8.5,166.024,136.268,128.647,124.29,124.675,125.234,127.106,127.435,127.332,129.517,132.696,132.75,132.197,131.622,135.503,964
59,9.0,203.438,160.048,144.064,136.7,131.544,129.134,127.253,124.814,124.911,124.752,123.688,123.041,120.948,121.1,118.806,702
59,9.5,255.452,194.704,168.726,154.562,145.512,138.462,133.49,124.954,122.018,115.284,110.527,107.116,103.303,101.357,101.226,698
59,10.0,319.25,239.316,206.408,184.302,171.832,162.839,155.179,143.587,140.007,134.76,127.899,123.765,121.756,118.933,114.936,798
59,10.5,423.905,315.944,270.029,240.857,221.433,208.04,197.146,180.638,175.464,167.158,157.168,152.14,148.597,145.263,140.446,734
59,11.0,546.082,404.025,341.826,304.645,280.062,260.584,245.333,224.106,216.334,204.748,192.094,181.492,173.938,165.756,158.161,934
59,11.5,729.204,535.179,451.977,401.398,368.742,343.182,324.155,295.573,284.502,267.021,248.234,235.127,226.148,217.22,209.097,1063
59,12.0,967.799,710.172,601.622,534.457,487.173,453.203,427.391,388.638,376.414,352.669,331.236,314.561,301.513,291.259,279.409,784
59,12.5,1427.056,1050.117,885.008,790.053,715.685,664.543,626.615,572.45,554.748,520.485,487.01,462.616,446.724,424.232,405.82,460
59,13.0,1998.779,1472.821,1249.75,1112.604,1014.653,942.332,887.545,809.654,780.82,738.662,688.946,656.003,634.696,607.073,579.214,453
59,13.5,3009.415,2237.584,1890.233,1690.813,1555.477,1439.757,1361.726,1239.733,1199.369,1125.023,1040.705,972.823,924.996,888.019,851.733,359
59,14.0,4678.57,3501.739,2958.589,2632.662,2400.937,2250.577,2101.504,1909.05,1833.664,1722.143,1579.144,1485.276,1399.696,1328.445,1260.927,294
59,14.5,7091.613,5197.33,4414.005,3914.018,3628.071,3369.098,3164.63,2931.983,2855.711,2714.391,2466.007,2317.494,2188.561,2091.106,1992.953,246
59,15.0,11068.442,8189.062,6789.215,5998.569,5477.157,5093.009,4753.5,4280.776,4120.342,3832.013,3564.318,3382.637,3221.784,3046.489,2847.632,211
59,15.5,18508.525,13797.771,11484.108,10401.134,9381.274,8726.432,8150.132,7307.438,6975.001,6533.459,5970.078,5667.989,5259.417,4891.044,4616.941,177
59,16.0,26200.724,19021.615,16024.752,14000.922,12608.504,11583.003,10822.937,9756.983,9427.908,8791.854,8068.619,7609.986,7229.04,6847.275,6371.504,130
59,16.5,46260.627,33845.844,27873.84,24368.616,21892.13,19869.752,18656.085,16981.09,16413.145,15410.684,14193.938,13446.86,12753.902,12124.25,11463.426,140
59,17.0,75567.992,54619.258,45896.129,40272.211,37074.523,34787.84,32493.873,29406.586,28148.344,26264.512,24041.016,22983.592,22141.836,20811.078,19623.721,203
59,17.5,109036.891,79224.226,66527.222,58343.008,53109.328,49534.502,46874.694,42764.963,41426.142,38872.871,35451.692,33154.03,31247.828,29103.496,27756.596,278
59,18.0,164848.172,119835.781,100724.828,89237.297,80937.914,74658.438,69757.789,62495.887,59653.133,55244.715,50483.723,47099.664,44523.43,42079.688,39583.238,459
59,18.5,249498.21,181394.781,151868.102,134555.172,121548.468,112993.137,105644.722,94431.016,90169.629,83891.078,76597.762,71149.867,67785.047,64429.369,60585.303,414
59,19.0,351120.14,255694.546,216014.094,191577.203,172614.461,159296.539,148972.273,133806.524,128116.199,119195.57,109748.883,102947.332,97620.258,91840.926,85267.391,46
60,3.0,50.454,43.618,42.156,43.99,44.894,46.266,47.817,47.915,48.412,48.999,52.171,54.591,56.809,59.81,63.696,10
60,3.5,36.918,37.222,40.154,41.351,44.551,45.656,47.771,50.34,52.047,54.416,57.925,60.567,62.978,66.084,69.862,22
60,4.0,36.974,40.896,44.386,48.936,51.167,52.712,54.817,57.468,58.803,60.645,63.372,65.318,67.047,69.17,70.289,34
60,4.5,43.926,45.442,47.999,49.615,51.455,54.44,56.324,58.963,60.964,63.069,66.669,69.619,70.367,70.93,74.211,75
60,5.0,62.816,63.344,65.264,71.039,74.309,76.341,77.633,79.795,80.803,82.005,84.312,87.225,89.072,90.963,90.551,119
60,5.5,64.155,61.955,67.779,72.176,75.98,78.594,81.534,84.034,84.841,86.005,89.381,91.508,92.936,93.929,93.846,204
60,6.0,70.738,69.307,71.582,71.824,74.875,78.623,81.623,85.227,85.652,86.864,89.523,93.38,94.908,96.768,101.312,211
60,6.5,82.872,67.428,61.963,57.378,55.615,53.526,52.212,52.106,51.185,51.513,52.342,52.076,49.828,49.403,47.328,106
60,7.0,95.088,75.27,67.015,60.811,57.718,55.894,54.355,52.82,52.813,52.288,51.628,51.924,51.383,51.02,50.926,137
60,7.5,111.246,85.898,74.762,68.195,65.166,61.2,58.821,56.07,54.37,53.13,52.071,50.399,49.882,49.408,48.79,200
60,8.0,144.112,123.466,118.234,116.56,119.203,122.125,125.061,128.454,128.815,131.807,134.672,136.29,135.923,136.955,136.933,963
60,8.5,165.341,138.38,130.002,126.965,126.996,127.992,131.172,132.555,131.982,132.827,133.936,133.86,134.79,132.96,131.298,975
60,9.0,200.342,157.788,140.002,130.624,124.328,121.82,118.083,114.137,113.568,112.641,106.648,106.03,104.986,101.642,98.756,664
60,9.5,250.106,190.33,164.291,147.61,135.622,127.28,121.232,111.78,108.586,103.524,98.455,94.951,92.515,91.038,88.971,728
60,10.0,306.558,229.858,195.743,174.584,160.978,150.403,143.198,131.938,127.506,121.245,114.555,108.69,104.644,101.712,99.042,760
60,10.5,412.773,305.459,259.013,231.254,211.908,199.312,187.179,171.971,166.332,157.367,146.823,140.131,134.723,130.349,126.993,649
60,11.0,541.676,399.692,338.235,300.11,273.312,254.25,238.966,216.657,208.336,195.928,183.089,173.508,165.699,159.884,154.682,907
60,11.5,731.895,536.9,451.082,398.408,363.407,337.575,316.59,287.618,276.352,259.262,241.777,229.04,219.35,209.68,202.034,1279
60,12.0,923.012,676.544,568.203,501.834,456.479,423.97,398.374,362.425,348.007,326.196,304.145,286.927,274.385,262.316,251.5,1057
60,12.5,1373.26,1015.154,859.028,755.435,690.249,639.775,601.058,544.536,523.009,492.184,453.3,427.728,408.028,386.369,366.858,388
60,13.0,1861.108,1383.266,1167.763,1036.032,949.038,882.883,826.524,758.186,729.232,680.126,629.77,593.152,563.574,532.435,511.716,415
60,13.5,2818.179,2089.977,1749.732,1556.958,1436.611,1343.66,1257.828,1143.414,1096.431,1029.847,954.201,891.671,851.39,801.464,766.804,234
60,14.0,4419.11,3242.418,2701.967,2397.484,2163.992,2007.528,1907.707,1724.716,1646.699,1529.765,1403.666,1321.653,1258.976,1197.595,1123.113,230
60,14.5,6480.054,4728.108,3933.786,3514.196,3173.482,2908.437,2718.749,2440.667,2351.108,2203.689,2021.634,1911.604,1812.348,1698.094,1605.524,239
60,15.0,10342.112,7465.219,6233.4,5453.706,4977.185,4583.7,4285.943,3875.026,3703.842,3440.142,3179.632,2959.076,2804.02,2614.916,2447.573,240
60,15.5,15897.071,11586.52,9572.0,8373.625,7556.468,7006.104,6585.802,5903.675,5658.452,5217.988,4793.603,4469.721,4244.55,4018.066,3831.103,198
60,16.0,23575.48,17011.132,14214.417,12535.706,11427.807,10553.902,9768.366,8776.662,8377.522,7829.506,7193.307,6706.554,6306.656,5971.168,5601.894,152
60,16.5,38620.754,28250.23,23688.887,20820.525,18665.289,17315.346,16114.822,14347.271,13618.803,12565.034,11474.112,10717.993,10181.987,9727.22,9360.242,149
60,17.0,57978.019,41877.312,34395.82,30072.167,27543.982,25509.116,23855.402,21181.323,20192.587,18972.852,17335.654,16132.542,15261.39,14265.728,13517.27,204
60,17.5,92719.695,67392.516,56036.562,48946.637,43558.832,40359.293,37420.43,33527.156,32089.719,29586.162,27127.361,25463.646,23983.441,22571.402,21061.555,327
60,18.0,145595.922,105553.047,87067.762,76297.82,68596.359,63479.498,59538.031,53505.803,51370.629,47301.856,42994.248,40249.65,38161.449,35874.768,33683.115,562
60,18.5,216492.14,155344.578,129312.258,113319.207,102074.012,93900.758,87855.434,78412.79,74804.063,68963.632,63559.73,59380.606,56042.455,52236.076,49503.692,504
60,19.0,320791.656,231448.922,187355.469,167673.875,151576.188,138694.328,128913.422,114335.164,108769.781,100550.125,91345.75,84615.219,79982.648,76162.078,72620.578,45
61,3.0,28.909,34.337,37.787,37.742,39.631,41.217,41.994,43.315,44.422,46.162,48.842,51.449,55.401,58.303,61.906,19
61,3.5,32.24,35.752,37.296,38.552,39.815,41.77,43.596,46.376,47.582,49.973,53.566,55.974,58.207,60.736,64.1,24
61,4.0,34.145,35.466,39.467,43.652,44.285,46.189,47.488,51.134,52.438,54.345,57.235,59.674,61.28,64.771,67.088,61
61,4.5,43.829,43.03,48.952,52.754,55.181,56.898,59.476,63.479,64.382,66.375,69.873,73.042,75.45,77.747,80.532,76
61,5.0,60.527,58.975,60.811,64.419,65.475,68.615,72.529,75.285,78.918,78.131,81.917,84.369,85.653,88.308,91.104,151
61,5.5,64.708,61.896,65.555,68.637,71.315,74.3,76.687,80.932,83.186,85.276,89.278,91.648,93.874,95.114,97.81,308
61,6.0,71.038,65.908,67.656,70.767,74.166,78.359,81.227,84.463,83.834,85.836,89.032,91.734,93.867,96.077,99.256,293
61,6.5,85.571,71.593,70.786,68.311,67.675,69.804,69.827,71.863,71.997,72.626,72.86,74.017,74.294,75.614,71.27,167
61,7.0,94.246,77.592,68.618,64.47,62.622,60.608,58.636,55.722,55.224,53.68,53.334,52.945,53.86,52.986,52.336,146
61,7.5,110.722,86.404,77.345,71.108,68.562,66.534,64.842,61.745,60.764,59.006,58.231,57.63,57.856,56.734,55.722,220
61,8.0,144.54,124.626,120.383,119.895,123.349,126.237,129.379,132.99,133.539,136.36,141.355,143.737,143.579,144.406,147.907,1123
61,8.5,165.395,138.884,131.396,130.103,131.492,133.732,134.989,137.112,139.093,142.282,148.157,149.221,149.72,154.3,155.478,1011
61,9.0,203.99,163.868,149.908,144.507,143.612,141.595,141.606,141.304,140.726,141.364,139.318,137.3,137.165,130.515,128.502,556
61,9.5,255.525,195.037,169.504,156.079,147.142,141.417,134.916,127.791,124.494,120.239,114.782,111.798,111.177,107.808,106.459,537
61,10.0,323.344,243.834,212.47,194.939,183.367,174.122,166.031,155.765,151.181,144.068,136.931,134.118,128.188,122.646,119.964,580
61,10.5,424.34,318.525,271.776,246.955,230.86,218.038,208.314,194.233,189.375,181.743,169.958,160.939,156.944,149.942,146.034,607
61,11.0,567.118,425.097,363.694,327.713,301.321,282.064,267.604,247.947,240.182,228.162,215.104,206.446,198.302,189.214,182.98,728
61,11.5,757.76,565.053,483.35,430.236,397.136,372.513,352.379,323.186,312.581,295.423,275.299,262.216,252.654,241.495,233.533,1040
61,12.0,966.61,720.37,609.37,542.829,501.512,467.773,442.225,402.139,387.913,364.96,335.799,316.946,302.969,287.761,274.671,993
61,12.5,1456.92,1104.22,955.86,872.02,819.61,777.642,748.31,701.172,683.76,649.32,619.537,594.676,576.712,562.126,554.6,446
61,13.0,2059.309,1565.102,1364.564,1255.954,1166.44,1104.6,1052.284,978.922,942.652,884.636,838.216,804.336,763.749,728.752,698.694,390
61,13.5,2937.913,2192.88,1866.739,1669.724,1570.367,1502.652,1440.736,1352.141,1298.162,1213.122,1105.731,1038.299,994.414,944.376,894.9,293
61,14.0,4621.932,3478.126,3024.155,2721.613,2531.488,2377.445,2254.416,2141.312,2054.975,1951.301,1851.487,1741.677,1636.039,1551.776,1476.901,241
61,14.5,6662.245,4969.753,4319.947,3903.956,3621.162,3425.387,3236.754,2929.635,2812.662,2638.269,2451.949,2268.479,2113.162,1947.511,1809.936,209
61,15.0,10669.401,7945.533,6620.449,5991.468,5508.244,5103.979,4801.629,4395.722,4235.729,3910.637,3595.536,3358.021,3127.844,2883.247,2707.676,197
61,15.5,17040.766,12465.096,10350.91,9157.546,8328.39,7665.807,7191.088,6457.137,6153.635,5740.956,5291.852,4981.425,4720.204,4425.864,4116.298,184
61,16.0,27039.005,19283.11,16155.104,14227.328,13103.594,12166.606,11418.636,10334.598,9894.452,9283.663,8487.766,7916.874,7541.83,7103.43,6556.022,144
61,16.5,47710.31,35223.606,29532.302,25981.48,23359.022,21570.045,20199.512,18251.86,17673.94,16591.177,14869.631,13919.626,13236.008,12500.185,11411.604,138
61,17.0,69545.762,50034.738,41682.299,36963.961,33490.199,31087.102,29217.243,26288.648,25048.533,23371.482,21243.083,19764.832,18513.148,17316.692,16103.988,196
61,17.5,123876.297,89432.539,74621.727,65952.367,59459.777,55411.684,52101.496,46486.211,44535.367,41400.867,37949.289,35429.969,33042.852,30850.428,28731.307,267
61,18.0,182929.891,132871.766,111705.453,99608.398,89518.703,82242.258,76885.641,69126.422,66325.914,61386.895,55366.285,51861.766,48872.547,45790.105,43231.156,443
61,18.5,263480.265,192152.992,159165.125,138919.961,126198.062,116016.531,109058.156,99060.214,94209.64,86768.262,79218.625,73607.036,69546.082,64853.91,59604.932,368
61,19.0,386621.406,271804.875,225250.109,196187.391,176684.969,162032.25,150912.125,134722.531,129921.266,123415.438,111369.305,102487.328,95569.664,90638.594,84990.023,33
62,3.0,25.016,26.699,32.407,36.81,38.073,38.99,40.345,42.902,44.031,45.408,47.491,49.363,52.013,54.315,57.065,17
62,3.5,32.037,36.259,37.293,38.56,39.736,41.381,43.107,44.633,45.454,46.917,49.182,50.156,50.569,53.096,55.8,27
62,4.0,41.544,40.821,44.118,47.069,49.159,50.522,52.976,55.756,56.429,58.254,61.142,63.535,65.418,67.916,69.25,56
62,4.5,46.084,45.23,47.585,48.159,48.751,49.808,52.256,55.539,56.32,58.346,62.503,65.541,66.998,70.209,73.971,65
62,5.0,54.277,54.482,60.214,62.351,64.699,68.172,71.8,74.957,75.765,78.168,81.298,83.568,84.979,86.197,89.004,144
62,5.5,63.287,62.484,65.525,68.471,70.432,72.601,76.147,79.159,80.44,82.284,85.998,87.949,88.764,91.708,93.62,268
62,6.0,72.444,70.103,73.179,76.28,78.121,81.868,84.595,87.375,88.287,89.836,93.647,96.034,97.223,100.038,102.227,297
62,6.5,79.128,65.567,63.482,60.196,63.25,64.696,64.369,65.555,65.247,66.829,64.918,65.67,66.004,65.886,65.477,162
62,7.0,91.412,73.621,66.486,62.926,59.71,58.93,58.785,58.641,58.881,57.078,54.616,52.747,53.196,53.085,54.177,143
62,7.5,107.078,83.161,73.553,67.184,63.226,61.267,59.212,56.241,54.75,52.812,51.805,51.349,52.42,49.232,48.486,231
62,8.0,142.108,121.438,116.185,116.664,119.985,123.666,126.941,129.193,130.421,134.493,138.036,139.934,141.07,141.824,141.547,1058
62,8.5,164.18,136.616,129.668,127.936,130.542,132.856,134.789,138.468,139.037,142.224,146.517,147.124,147.464,149.168,152.402,986
62,9.0,203.365,163.559,150.648,143.173,141.233,140.091,139.392,137.738,136.924,137.673,139.684,136.772,132.47,132.577,129.952,597
62,9.5,254.55,196.644,172.066,158.0,149.454,144.299,140.854,136.158,135.511,135.027,133.995,134.895,134.714,130.375,125.884,524
62,10.0,320.648,241.557,208.421,188.718,175.273,164.461,157.279,148.267,145.28,140.023,133.319,130.843,127.763,126.827,122.294,545
62,10.5,420.189,323.888,279.507,254.664,237.243,223.181,218.097,207.793,204.466,197.56,187.503,181.924,178.119,173.516,168.645,517
62,11.0,549.667,407.273,347.729,313.235,289.767,272.042,258.064,239.518,230.574,218.579,204.703,195.519,188.941,179.143,170.758,599
62,11.5,726.596,540.509,456.145,406.616,372.306,349.508,329.504,302.93,292.401,272.796,253.242,240.54,233.15,223.296,215.315,730
62,12.0,950.001,701.701,593.657,528.152,484.074,452.786,430.273,389.995,379.964,357.316,332.011,311.543,297.154,284.468,272.954,711
62,12.5,1417.537,1060.786,919.934,835.312,770.316,723.349,696.931,650.548,630.56,602.29,580.518,566.202,534.972,505.343,474.716,446
62,13.0,1999.91,1519.264,1331.816,1233.625,1172.085,1099.769,1063.492,990.56,967.198,932.979,920.587,909.832,867.951,822.313,774.709,399
62,13.5,2977.956,2259.564,1938.511,1761.776,1672.863,1585.782,1516.238,1423.663,1396.696,1343.676,1276.605,1240.688,1212.845,1157.83,1105.078,271
62,14.0,4387.498,3304.778,2844.175,2586.132,2398.284,2268.67,2135.472,1954.951,1910.234,1805.08,1746.152,1654.829,1601.42,1494.56,1395.502,212
62,14.5,6445.472,4826.621,4178.404,3708.015,3364.014,3104.167,2927.497,2655.935,2545.133,2412.785,2232.013,2070.632,1935.903,1761.952,1624.345,169
62,15.0,10186.562,7655.51,6486.228,5731.444,5259.568,4898.371,4595.2,4180.042,4029.61,3695.203,3355.57,3060.953,2858.384,2630.027,2406.955,166
62,15.5,15946.395,11532.9,9533.209,8367.009,7637.905,7019.014,6577.204,5893.773,5618.157,5157.828,4663.311,4348.894,4112.912,3837.134,3574.393,181
62,16.0,24232.572,17945.547,15142.919,13318.899,12154.821,11210.491,10453.823,9498.941,9071.58,8408.88,7705.143,7199.586,6702.25,6261.379,5757.357,155
62,16.5,42578.219,31127.402,26105.15,22990.966,20927.794,19453.168,18841.9,17275.024,16622.342,15438.785,14283.822,13172.347,12285.208,11421.36,10769.066,152
62,17.0,70023.469,50562.871,42568.363,37328.656,33629.246,31119.339,29044.326,26065.562,24870.175,23102.195,21101.954,19666.562,18407.887,17065.074,15811.631,214
62,17.5,116470.875,83870.102,69745.391,61616.383,55643.027,51759.504,48495.656,43561.172,41735.277,38884.863,35528.18,33449.223,31363.598,29445.355,27600.906,279
62,18.0,170974.781,122735.352,103945.359,90789.055,81952.516,75588.391,70357.383,62847.242,60191.609,55490.93,50253.582,46813.453,44109.773,41028.242,38231.812,463
62,18.5,232390.641,168998.875,141602.328,124417.344,113233.344,105015.508,98857.641,88757.289,85236.227,78732.25,72108.148,66526.375,62199.879,58417.445,53786.863,391
62,19.0,436566.812,318341.562,274200.0,248472.328,232556.109,217772.969,202466.938,179456.375,170645.094,157855.062,142183.328,131170.578,125814.234,118017.766,112933.172,39
63,2.5,27.78,27.782,29.281,30.318,31.616,32.484,33.93,35.989,37.658,39.364,41.768,43.784,45.568,47.957,50.87,12
63,3.0,34.452,37.899,38.58,40.024,41.074,42.442,44.261,46.856,47.925,49.686,52.659,55.58,58.504,62.11,66.601,18
63,3.5,31.782,37.452,38.744,43.414,44.903,45.825,47.834,51.347,52.604,54.908,55.052,55.178,57.939,60.57,64.064,30
63,4.0,37.135,36.988,42.687,45.829,48.103,48.828,51.198,54.159,55.854,57.802,61.0,63.671,65.966,68.791,71.84,54
63,4.5,43.875,46.13,48.482,51.304,53.412,56.131,57.832,61.45,63.1,65.492,69.084,72.253,75.221,78.868,82.011,75
63,5.0,57.606,58.203,64.69,66.996,68.536,71.301,73.49,75.256,77.351,79.413,82.865,84.703,87.311,87.967,91.668,153
63,5.5,65.572,62.658,70.348,78.264,80.099,81.632,85.304,90.194,91.155,93.766,96.496,98.31,101.6,103.813,107.306,273
63,6.0,69.87,64.771,65.183,66.127,69.265,71.079,74.525,79.071,80.401,81.935,86.094,88.099,91.464,94.876,98.495,281
63,6.5,84.351,69.991,65.104,63.52,62.223,61.252,61.377,62.435,62.364,61.908,64.642,65.321,64.994,63.619,66.087,139
63,7.0,91.825,73.022,64.774,60.591,58.638,56.952,55.162,54.334,53.7,52.83,52.721,53.173,53.747,54.141,54.64,168
63,7.5,105.924,83.699,74.65,69.08,64.592,62.468,60.192,57.38,56.49,55.417,55.528,54.729,55.106,55.836,56.905,255
63,8.0,143.034,123.981,119.856,121.052,124.16,127.853,131.553,134.08,135.368,138.243,144.11,145.263,148.639,152.803,156.858,1015
63,8.5,163.004,135.996,129.102,128.931,131.652,134.542,137.004,139.7,141.692,146.037,151.158,155.822,156.55,161.019,165.618,1045
63,9.0,205.647,167.955,157.526,154.052,154.256,154.764,154.864,156.374,158.216,157.979,159.137,158.058,159.738,160.99,156.33,596
63,9.5,258.734,199.011,177.271,162.981,157.169,151.465,147.951,142.402,140.648,138.987,139.01,138.197,138.932,137.737,141.037,519
63,10.0,324.9,248.72,216.474,200.486,189.402,182.161,177.68,168.703,164.914,158.457,154.763,152.312,149.508,150.591,154.92,507
63,10.5,435.87,335.107,293.931,270.522,256.05,246.418,237.025,224.313,223.794,220.087,219.164,216.916,215.654,215.529,213.997,502
63,11.0,547.204,408.854,351.62,318.046,295.224,278.986,263.116,246.348,240.184,229.324,215.652,208.428,204.712,200.315,198.73,554
63,11.5,727.432,542.926,464.757,415.658,387.608,363.851,346.219,322.348,315.498,300.509,287.782,276.541,268.522,258.317,256.825,662
63,12.0,967.518,724.604,620.136,553.988,511.797,481.244,453.566,416.215,402.933,380.734,362.436,345.31,336.143,327.772,323.558,650
63,12.5,1440.315,1073.377,932.601,848.114,783.248,734.602,698.34,655.3,632.872,609.465,571.754,553.555,536.787,527.985,519.97,483
63,13.0,2038.711,1546.542,1336.204,1234.557,1167.562,1103.534,1056.686,988.703,953.529,913.281,868.872,826.924,810.019,781.423,750.448,426
63,13.5,3066.592,2342.036,2041.111,1861.09,1765.856,1681.884,1614.706,1523.836,1479.886,1421.906,1387.136,1329.778,1268.93,1229.088,1168.71,274
63,14.0,4396.54,3333.821,2972.945,2708.359,2552.304,2489.562,2337.519,2134.439,2092.336,2023.003,1878.684,1816.102,1755.758,1679.687,1629.784,198
63,14.5,6577.378,4870.235,4194.816,3773.479,3454.373,3195.801,3002.825,2741.906,2641.168,2499.169,2379.386,2240.377,2150.164,2077.044,2003.456,190
63,15.0,10478.262,7870.601,6748.269,6052.94,5632.545,5286.899,5128.223,4611.509,4489.237,4197.059,3882.077,3655.312,3450.799,3296.889,3129.276,159
63,15.5,15348.99,11228.406,9420.276,8335.657,7704.593,7158.644,6706.034,6063.704,5843.008,5432.466,5046.129,4707.256,4475.936,4251.58,4035.886,160
63,16.0,25483.958,18703.275,15732.887,13768.791,12539.355,11735.298,11179.441,10181.996,9862.462,9253.984,8489.508,7979.374,7529.095,6932.408,6472.334,170
63,16.5,42738.05,31657.029,26634.112,24002.181,21988.898,20380.438,19084.738,17152.7,16481.09,15139.214,13794.614,13088.684,12462.583,11805.541,11256.537,152
63,17.0,72206.488,53647.773,44535.283,39990.318,36311.217,33661.789,31770.128,28849.745,27566.593,25457.006,23577.098,22064.387,20929.75,19984.332,18909.606,218
63,17.5,107264.129,78995.754,65863.129,58540.791,53302.314,49871.748,46896.596,42737.682,40803.76,37902.318,34906.227,32716.542,31386.67,29856.001,28361.816,274
63,18.0,164955.438,120982.383,102200.93,91303.672,84169.625,77941.078,73077.711,65977.406,63744.273,59225.801,54436.211,51356.98,48478.723,46348.438,43779.035,437
63,18.5,240144.953,173390.047,146381.844,131014.266,119854.711,111440.32,104626.156,94100.195,90766.812,84889.898,78128.766,73538.336,69578.203,65666.719,62435.492,357
63,19.0,431151.078,313944.828,268711.594,239447.469,222046.68,208420.945,195694.664,178601.094,173120.812,164544.672,156194.898,150945.703,147444.36,137792.699,128467.946,34
64,2.5,35.806,34.175,34.383,37.387,39.158,40.493,41.8,44.04,45.108,46.692,49.722,52.225,54.565,57.647,61.366,13
64,3.0,28.6,34.972,38.866,42.212,43.53,44.93,46.828,50.022,51.182,53.071,55.904,58.874,60.427,62.082,65.252,20
64,3.5,33.299,33.185,37.148,38.815,41.258,44.337,46.206,48.879,50.468,52.439,55.176,55.434,52.93,50.202,51.702,31
64,4.0,42.507,45.958,49.651,53.236,55.842,57.841,57.677,58.837,60.143,62.608,66.038,68.917,71.316,74.795,76.242,65
64,4.5,46.552,49.03,50.382,54.433,56.601,58.922,60.778,64.246,66.78,69.326,72.734,72.486,72.18,75.309,76.08,84
64,5.0,54.626,55.874,60.156,63.94,65.866,68.042,70.232,73.094,74.233,75.585,79.644,82.32,85.366,88.17,91.915,174
64,5.5,65.37,62.312,64.198,66.653,69.085,70.868,73.956,76.792,78.472,79.572,83.809,85.997,89.631,92.606,95.251,302
64,6.0,68.084,62.625,64.102,66.65,69.172,73.498,76.436,78.643,79.359,81.859,85.78,87.459,89.258,92.527,95.446,314
64,6.5,81.986,71.224,65.756,65.399,62.181,62.4,62.392,60.181,60.314,61.12,59.051,58.372,58.195,58.398,58.55,136
64,7.0,97.546,79.728,71.878,67.945,64.443,62.456,62.076,60.084,59.75,57.258,55.858,54.502,55.245,55.151,54.516,177
64,7.5,111.496,87.106,77.406,72.318,69.75,66.835,65.18,63.658,62.551,60.421,58.668,58.748,58.492,56.976,57.229,278
64,8.0,144.576,124.028,119.25,119.563,124.224,128.485,132.187,135.078,136.922,140.268,146.323,149.967,152.14,155.414,161.196,1107
64,8.5,168.678,142.482,136.192,134.754,138.461,141.094,143.371,145.811,147.701,150.958,154.831,156.503,158.149,162.564,167.525,1079
64,9.0,211.227,171.889,161.242,158.157,157.091,158.757,161.336,162.624,164.002,166.009,172.795,171.517,174.281,175.582,177.782,709
64,9.5,267.906,211.202,190.911,177.701,172.332,170.541,168.441,166.537,162.63,160.291,159.862,158.715,157.813,158.406,159.954,629
64,10.0,330.128,249.429,220.438,202.374,188.227,181.019,173.258,162.472,158.909,154.27,152.436,151.724,150.893,149.132,148.643,607
64,10.5,443.276,342.729,302.796,273.927,259.149,245.179,235.072,221.429,215.711,207.794,201.951,198.804,199.394,194.363,193.117,555
64,11.0,569.528,429.879,369.478,331.921,307.157,290.399,276.517,256.309,248.19,237.382,226.24,219.9,215.132,210.527,206.396,631
64,11.5,749.055,552.471,470.595,421.864,393.27,370.021,348.884,321.926,311.444,293.461,276.778,262.497,256.006,250.239,242.454,787
64,12.0,1010.416,756.592,645.65,584.528,536.759,502.774,474.241,435.838,424.431,402.244,379.568,363.748,349.672,340.314,335.285,776
64,12.5,1509.483,1131.423,986.308,890.681,830.119,783.801,751.334,696.327,679.436,648.685,615.53,593.646,577.36,565.912,556.744,550
64,13.0,2120.35,1658.182,1440.797,1334.39,1258.095,1217.591,1179.38,1122.057,1093.309,1034.765,989.984,952.685,936.397,889.392,863.677,463
64,13.5,3237.911,2502.884,2226.27,2024.01,1924.778,1862.288,1824.118,1743.664,1724.635,1683.976,1640.624,1588.772,1556.198,1535.006,1489.54,340
64,14.0,4746.055,3567.754,3122.843,2796.52,2648.387,2537.833,2456.372,2260.02,2180.954,2129.988,2042.838,1962.537,1856.92,1745.7,1620.374,222
64,14.5,7186.402,5315.068,4565.156,4071.083,3762.374,3558.497,3368.376,3052.974,2945.702,2733.111,2613.427,2449.429,2319.576,2234.896,2122.185,198
64,15.0,10563.787,7790.717,6616.357,5941.389,5411.829,5048.782,4742.182,4310.126,4121.076,3883.282,3577.37,3397.943,3272.84,3147.628,2913.262,179
64,15.5,16209.004,12001.662,10146.624,9119.912,8294.063,7703.862,7243.334,6569.381,6301.113,5882.29,5410.532,5086.284,4843.604,4621.939,4374.866,164
64,16.0,27147.039,19703.208,16650.136,14743.267,13230.819,12172.317,11373.938,10515.386,10068.532,9378.861,8509.499,8157.648,7857.45,7463.558,7009.196,172
64,16.5,46092.699,34454.648,28991.811,25665.283,23597.152,21825.135,20463.752,18416.268,17688.184,16668.291,15790.231,14675.306,14137.336,13498.719,13169.82,121
64,17.0,74415.879,54507.446,45815.124,40749.004,37261.662,34000.209,31654.526,28579.674,27321.388,25191.692,23200.129,21869.082,20737.18,19804.534,18836.984,196
64,17.5,116341.762,83633.715,70280.586,61831.705,56092.539,51999.54,48774.719,44187.584,42493.881,39587.466,36763.695,34464.816,33015.768,31063.94,29682.17,236
64,18.0,178595.898,130243.094,109288.692,96085.632,87868.101,82172.199,77005.684,69304.184,66422.879,61112.443,55885.389,52364.891,50163.658,48138.481,45113.957,398
64,18.5,264772.718,192511.102,160313.015,140930.68,128173.332,118814.742,111358.414,100313.05,96057.098,90346.734,84058.383,79394.644,75016.98,71209.129,67231.43,336
64,19.0,503921.25,362369.062,304246.094,269639.5,246088.406,228485.625,214201.672,191671.719,183688.922,176088.844,174141.609,169401.969,161461.5,154497.156,147625.469,31
65,2.5,35.027,45.154,51.033,56.354,56.405,58.133,59.734,62.161,62.829,64.22,66.406,68.336,69.878,72.22,74.802,10
65,3.0,29.902,35.907,39.424,43.284,44.771,45.437,47.345,50.298,51.349,53.145,55.906,58.343,61.138,65.228,70.148,17
65,3.5,42.966,37.726,40.852,46.62,48.302,48.957,50.646,53.892,55.155,57.492,59.611,59.807,60.163,62.808,66.568,22
65,4.0,45.36,51.332,50.566,57.068,59.98,62.165,64.946,68.706,69.779,72.301,75.748,79.094,81.332,84.127,88.094,67
65,4.5,49.189,50.882,56.447,61.373,62.119,64.173,66.834,70.628,71.544,73.862,76.647,80.079,83.165,87.052,90.985,81
65,5.0,57.03,59.682,65.315,71.698,74.641,78.166,80.974,85.016,87.013,89.472,93.586,94.823,97.356,100.712,104.337,199
65,5.5,60.484,59.617,63.154,65.908,68.83,72.095,74.459,77.483,78.611,81.038,84.117,86.729,88.518,91.586,96.392,308
65,6.0,71.599,68.143,69.544,73.89,78.535,80.433,83.67,86.451,88.209,88.754,93.543,95.921,97.974,99.472,103.203,335
65,6.5,82.47,70.261,65.921,66.284,67.096,68.316,69.017,71.03,70.14,68.293,68.0,66.906,68.239,66.738,67.089,130
65,7.0,95.363,77.116,68.748,64.74,62.741,61.5,60.02,58.498,58.088,57.392,57.155,56.809,55.856,55.727,56.886,180
65,7.5,109.282,87.102,77.948,72.828,69.534,67.329,66.232,64.103,63.422,61.939,61.948,61.596,61.14,62.05,61.98,260
65,8.0,144.96,124.568,120.275,120.652,123.176,126.688,129.358,134.642,135.929,139.246,144.262,148.252,151.202,154.878,158.15,1160
65,8.5,170.3,145.256,139.317,138.917,140.305,143.709,146.582,150.209,152.632,157.791,163.721,167.862,169.571,173.593,176.222,1091
65,9.0,216.207,177.541,166.61,162.859,161.726,163.005,164.323,166.807,167.318,172.832,174.809,178.6,182.534,183.043,187.119,677
65,9.5,268.972,211.284,190.465,178.437,170.879,168.982,166.095,160.596,159.779,158.325,158.424,155.16,158.422,159.984,164.777,643
65,10.0,339.865,264.479,232.666,213.829,202.22,194.43,189.175,180.939,178.301,174.741,170.285,170.031,170.147,167.723,166.771,655
65,10.5,472.772,373.164,329.513,304.231,290.815,276.915,268.478,254.942,250.723,246.225,237.987,235.149,237.523,235.604,235.401,585
65,11.0,618.381,473.921,416.486,380.589,360.76,346.17,333.557,316.059,309.014,303.487,293.138,286.995,284.671,281.153,272.887,719
65,11.5,849.74,649.885,569.219,518.581,482.556,455.129,437.528,412.648,403.107,385.846,368.61,359.95,353.427,341.573,338.152,976
65,12.0,1164.121,892.27,784.643,713.863,669.96,633.836,604.544,568.992,552.088,529.122,514.014,497.038,485.076,469.818,459.004,1020
65,12.5,1700.298,1314.657,1157.441,1079.01,1032.2,999.216,955.853,913.319,897.375,885.897,858.448,838.458,832.633,839.456,838.845,483
65,13.0,2276.152,1788.692,1592.648,1485.119,1431.216,1358.724,1332.886,1296.646,1279.797,1256.032,1237.134,1188.77,1174.86,1180.579,1165.233,404
65,13.5,3435.302,2748.86,2452.768,2282.895,2178.556,2106.205,2059.818,1972.47,1986.048,1906.702,1896.614,1863.158,1849.002,1802.342,1807.703,290
65,14.0,5253.83,3946.364,3434.274,3235.578,3107.983,2955.466,2842.96,2768.227,2693.667,2588.987,2521.338,2338.851,2306.499,2227.427,2193.229,209
65,14.5,7297.15,5564.208,4839.52,4425.732,4227.014,4124.942,3947.991,3750.838,3727.262,3536.88,3384.586,3249.254,3258.98,3153.188,2959.586,134
65,15.0,11869.688,9195.153,7971.125,7426.066,7072.503,6636.769,6380.47,5988.65,5931.987,5760.466,5524.239,5367.332,5265.356,5186.575,5133.587,107
65,15.5,23324.532,17460.768,15395.127,14066.373,13081.429,12309.406,11774.276,10939.271,10600.83,10083.002,9532.32,9071.814,8680.672,8297.607,8014.606,114
65,16.0,34232.594,26842.47,23652.514,21425.348,19958.047,19109.032,18250.053,17016.041,16571.248,15918.6,15010.001,14351.282,13865.827,13379.353,13095.414,110
65,16.5,53103.488,39790.168,34149.414,30840.48,28440.9,25906.447,24540.568,23007.467,22337.455,21902.223,20825.576,20047.654,19534.697,18797.656,17955.615,139
65,17.0,86142.726,63051.106,53460.445,47942.78,44283.032,41390.808,38583.043,35661.246,34851.524,32919.61,30374.783,29275.772,28132.976,27093.248,25721.505,178
65,17.5,136157.141,102866.734,86542.852,77386.656,71848.312,66798.438,64054.734,59628.543,58294.582,54488.84,50674.094,48707.934,47546.625,45646.105,42831.367,225
65,18.0,208316.836,154027.844,129222.543,114918.598,105417.801,99424.656,92822.058,86857.804,83709.125,79749.051,74970.149,71621.793,69533.316,66846.484,65470.449,344
65,18.5,309039.344,225612.359,188882.844,167523.844,152931.984,143140.703,134618.609,125195.688,121922.234,114160.555,107428.062,100242.344,97390.641,92963.062,92257.906,267
65,19.0,668075.688,473948.188,400597.188,356720.625,336552.406,313769.438,296132.75,269981.312,260434.734,244992.641,228821.781,217618.078,213386.672,210702.828,208457.281,25
66,3.0,32.055,39.713,44.177,44.659,46.714,48.364,50.265,53.275,54.408,56.792,60.248,62.292,63.79,66.102,68.142,20
66,3.5,32.353,32.81,33.292,38.186,40.0,41.007,42.7,45.671,45.972,47.832,50.657,52.794,54.216,56.51,59.246,20
66,4.0,47.932,45.983,48.54,51.308,53.493,56.06,59.427,63.526,63.865,65.931,69.483,71.822,73.744,76.808,77.505,40
66,4.5,45.254,50.489,56.338,60.686,63.254,66.84,68.56,69.724,71.07,72.57,76.154,79.238,81.244,82.254,81.428,70
66,5.0,60.27,61.44,65.887,71.107,70.26,72.524,76.396,80.766,81.361,83.701,88.013,90.918,91.466,94.118,98.228,181
66,5.5,72.265,69.612,73.42,76.584,79.086,81.24,84.037,85.862,86.721,87.779,91.679,94.578,96.64,99.66,104.114,278
66,6.0,72.628,71.008,74.727,77.33,80.827,84.334,87.78,91.444,93.062,94.518,98.096,100.063,102.072,104.646,107.048,296
66,6.5,80.09,66.548,60.965,58.158,56.978,57.712,56.27,56.446,56.299,56.493,59.412,61.013,60.381,59.47,58.288,132
66,7.0,98.892,79.741,71.816,67.529,65.725,64.051,63.488,63.561,63.084,63.541,64.423,65.126,65.891,67.542,69.998,153
66,7.5,108.234,85.791,77.359,71.382,67.796,65.444,64.42,62.625,62.423,60.129,58.85,59.873,59.595,58.44,56.578,229
66,8.0,144.756,123.256,119.618,119.95,121.924,125.28,129.494,133.335,134.848,138.117,144.136,147.134,149.24,153.258,157.256,1146
66,8.5,167.762,142.705,135.814,135.288,137.602,138.743,140.716,144.609,146.344,151.219,158.254,161.892,164.718,168.04,170.88,1070
66,9.0,209.988,173.554,160.214,156.297,156.924,158.086,157.676,160.327,158.589,159.991,161.99,164.04,164.592,169.374,169.458,632
66,9.5,266.942,210.18,188.018,175.127,171.451,167.553,162.187,155.61,154.657,151.245,149.631,145.852,145.439,144.503,142.654,687
66,10.0,341.631,264.232,232.158,214.463,202.165,194.173,188.993,179.616,176.547,171.302,167.77,164.292,162.26,161.696,162.232,647
66,10.5,476.318,371.895,330.604,304.718,288.365,276.331,267.374,258.023,251.946,243.6,237.881,234.373,235.147,231.054,227.949,665
66,11.0,647.83,498.036,438.54,402.364,378.901,360.97,350.843,330.14,321.422,312.63,300.558,291.894,288.548,282.055,278.958,860
66,11.5,894.914,685.049,602.191,544.734,509.101,486.018,466.092,439.304,429.475,411.562,393.103,382.063,374.65,365.738,362.615,1202
66,12.0,1224.504,929.608,806.821,739.115,685.278,649.379,623.608,580.506,568.597,546.56,526.871,510.902,498.424,486.577,478.932,1361
66,12.5,1623.088,1244.51,1097.41,996.219,950.098,911.161,881.369,835.688,822.722,798.949,772.452,740.633,718.047,708.696,681.529,505
66,13.0,2189.209,1684.272,1483.879,1356.848,1288.231,1237.858,1193.943,1128.036,1102.244,1062.443,1018.679,996.063,989.834,963.596,942.618,398
66,13.5,3130.257,2428.47,2120.911,1966.472,1847.49,1764.076,1688.955,1635.721,1610.961,1548.755,1466.74,1379.365,1356.51,1309.338,1269.294,233
66,14.0,4982.461,3846.345,3430.211,3130.172,2907.996,2788.376,2654.718,2494.011,2426.528,2280.878,2140.718,2050.046,2019.44,1971.496,1849.069,183
66,14.5,7783.946,5795.375,5113.837,4623.147,4328.444,4186.485,4038.548,3688.346,3563.593,3363.266,3095.268,2923.515,2878.926,2673.725,2658.82,143
66,15.0,12066.78,8868.721,7517.555,6814.137,6482.062,6008.296,5637.638,5306.81,5264.444,5076.585,4916.671,4743.292,4416.642,4247.428,3826.206,117
66,15.5,19999.684,15278.605,13059.663,11585.988,10751.295,10134.02,9647.346,8947.346,8711.646,8203.372,7869.549,7574.63,7321.201,7057.822,6810.07,133
66,16.0,31898.47,23942.874,20142.337,17642.354,16218.841,15110.664,14227.94,13021.394,12512.082,11719.212,10892.171,10226.534,9808.837,9311.6,8893.319,126
66,16.5,44985.186,32660.907,27400.001,24169.348,22284.412,20817.696,19818.664,18262.096,17586.014,16708.453,15242.122,14499.866,13747.292,13223.095,12589.416,136
66,17.0,75045.98,54681.456,45621.481,40027.478,36503.371,34038.282,32265.564,29634.669,28574.95,26997.42,25424.043,23674.906,22950.391,21858.711,20413.902,198
66,17.5,120244.582,90176.032,76313.172,68480.324,62800.664,58565.65,55299.214,50827.0,49027.83,45917.6,42909.1,40817.426,39339.852,37170.77,35453.131,224
66,18.0,183947.609,138577.062,116292.031,103404.082,92809.356,86292.406,81541.454,73442.484,70853.891,66718.204,62901.978,59756.5,57710.554,55336.432,52466.81,366
66,18.5,284522.156,208060.109,173692.891,154351.469,141620.562,131952.797,124574.406,114740.812,111308.18,105101.531,97654.016,92010.547,88093.547,85070.828,81136.867,307
66,19.0,756512.75,546228.062,475301.375,446444.719,429687.375,401282.219,378421.469,343609.5,330105.156,308598.344,285527.031,269455.0,258323.656,248757.5,242419.984,31
67,3.0,34.605,35.864,38.934,43.396,44.99,46.048,47.208,49.112,49.83,51.77,54.791,57.356,60.078,63.576,66.55,10
67,3.5,40.242,41.844,46.759,48.376,48.684,50.416,52.772,56.512,57.734,59.837,63.063,65.698,66.017,68.129,70.18,16
67,4.0,33.374,33.56,37.443,40.92,42.352,43.344,44.804,47.46,48.32,50.21,52.97,55.277,57.046,59.626,62.671,40
67,4.5,48.556,49.376,53.109,58.026,59.524,61.956,63.72,67.764,68.887,70.298,72.94,76.41,79.998,83.372,87.321,64
67,5.0,58.369,58.864,63.084,63.832,65.704,67.834,71.309,75.3,76.217,79.446,83.88,86.841,88.648,91.874,96.152,111
67,5.5,66.583,62.996,62.684,66.582,68.814,72.614,75.106,77.726,78.667,81.218,86.56,89.394,90.878,93.15,95.624,210
67,6.0,71.693,63.794,63.635,65.689,68.882,70.724,74.038,75.782,77.116,79.024,83.136,86.736,88.252,90.648,93.295,234
67,6.5,84.481,67.133,60.868,59.041,58.452,57.145,56.604,57.155,55.421,55.051,53.571,53.941,53.275,53.867,54.741,111
67,7.0,95.176,79.217,70.254,65.867,62.47,60.855,58.929,57.19,56.324,55.788,54.663,53.359,55.227,57.915,56.44,139
67,7.5,108.112,82.89,72.493,65.422,62.196,59.486,57.706,54.443,53.444,52.378,51.295,50.532,48.295,48.953,47.818,255
67,8.0,143.821,122.148,116.41,114.596,116.936,120.449,123.263,126.758,128.145,131.491,136.767,138.248,139.268,142.081,145.728,981
67,8.5,164.76,135.276,126.648,124.112,125.631,128.152,130.513,134.946,136.839,140.702,143.86,147.334,149.529,152.216,152.928,1054
67,9.0,201.453,156.602,140.67,133.368,128.366,124.897,123.683,120.942,120.149,119.607,121.346,120.663,115.675,113.361,107.961,605
67,9.5,252.785,191.744,165.555,149.863,139.418,131.627,127.031,118.589,115.906,111.373,108.335,105.876,103.718,102.198,101.741,649
67,10.0,317.422,236.333,200.214,179.469,164.455,154.924,148.057,137.796,132.122,125.171,118.839,114.285,111.278,108.168,105.309,681
67,10.5,416.816,310.156,263.001,234.784,215.892,202.18,190.728,175.925,169.525,161.01,151.848,145.126,139.744,135.476,130.282,686
67,11.0,552.35,409.059,344.018,305.952,280.5,261.96,247.3,225.98,217.503,204.42,190.252,180.388,173.965,167.46,159.507,912
67,11.5,732.082,535.9,452.158,400.244,365.786,339.145,319.252,289.916,278.924,261.523,243.703,231.002,221.899,212.786,202.538,1192
67,12.0,953.759,702.291,592.337,523.487,476.531,444.144,419.666,381.433,367.476,346.095,322.657,305.637,292.249,276.86,264.463,1123
67,12.5,1442.02,1060.625,902.897,800.471,735.58,681.76,645.066,585.984,563.22,525.393,487.98,465.852,450.421,432.668,409.015,638
67,13.0,1911.478,1444.173,1231.78,1096.644,1004.91,940.054,894.079,824.708,797.927,751.828,698.903,657.305,621.996,592.218,570.17,478
67,13.5,2895.078,2186.893,1874.532,1679.412,1538.322,1443.582,1413.132,1296.876,1255.012,1173.564,1100.973,1043.837,990.344,927.176,871.602,208
67,14.0,4402.977,3341.034,2761.232,2487.685,2305.565,2199.587,2052.577,1893.852,1819.103,1726.684,1623.9,1515.4,1441.844,1367.802,1284.688,162
67,14.5,6901.949,5082.483,4238.856,3830.743,3552.424,3322.982,3123.163,2909.781,2807.831,2613.207,2421.251,2295.009,2234.564,2055.37,1907.809,153
67,15.0,9967.563,7349.25,6217.869,5443.744,4939.036,4667.486,4460.819,4049.854,3872.76,3676.164,3334.681,3093.271,2994.58,2745.637,2588.844,137
67,15.5,16619.537,12097.752,9971.705,8875.992,8193.876,7576.352,7132.302,6449.89,6196.152,5737.104,5240.27,4872.345,4610.098,4344.212,4078.913,156
67,16.0,26162.422,19038.126,15885.263,13984.328,12728.276,11740.834,11099.594,9919.813,9557.03,8961.41,8248.592,7754.573,7320.934,6939.139,6467.77,182
67,16.5,41103.688,29848.035,25045.453,22174.998,20036.676,18474.6,17318.049,15597.604,14886.846,13798.702,12655.086,11952.824,11435.353,10780.418,10035.198,203
67,17.0,62525.539,45224.754,38046.93,33419.152,30435.785,28076.105,26076.811,23476.652,22607.502,21021.051,18943.127,17642.506,16641.807,15638.585,14561.592,247
67,17.5,107020.195,77370.969,63984.16,55794.996,50630.832,46712.242,43547.52,39053.57,37465.84,34726.672,31508.139,29767.617,28208.213,26439.318,24944.057,321
67,18.0,170096.328,123680.898,103617.5,91029.359,82831.75,76647.172,71553.047,63887.781,61115.668,56725.75,51825.043,48439.988,45483.547,42893.09,40095.699,521
67,18.5,245093.906,174749.828,145437.188,127623.695,115314.969,106467.242,100346.469,90589.836,87549.711,81518.359,74860.359,69342.422,65584.164,61895.594,58021.109,471
67,19.0,333948.906,243803.625,204589.742,178425.93,158344.274,147229.359,138125.86,125759.473,121575.961,114798.199,106139.426,100068.828,94991.914,92441.426,89195.125,32
68,3.0,35.17,37.526,37.814,40.046,41.754,42.818,42.933,44.771,45.799,47.586,50.47,52.791,54.632,57.568,61.148,12
68,3.5,33.881,38.228,39.876,43.611,45.843,48.156,50.174,51.243,52.11,54.428,58.587,60.862,62.2,64.493,67.646,19
68,4.0,43.96,39.878,43.043,45.686,46.765,48.652,49.988,52.309,53.269,54.877,58.249,60.86,62.88,64.499,68.173,34
68,4.5,44.172,45.535,46.763,49.654,50.548,51.984,54.246,58.071,58.608,60.538,64.516,67.217,69.552,72.497,75.484,64
68,5.0,60.904,57.159,60.141,63.186,64.683,66.143,68.156,71.2,71.883,72.807,77.729,80.081,82.662,86.334,88.191,117
68,5.5,65.327,63.878,68.535,72.037,75.58,78.85,81.164,84.042,85.646,87.507,92.282,94.004,95.535,98.201,100.704,216
68,6.0,70.112,66.124,68.734,70.12,71.237,74.199,77.664,80.339,81.459,82.404,87.696,90.683,90.598,92.324,96.759,211
68,6.5,79.577,62.768,56.961,52.547,51.649,49.499,47.452,45.784,45.688,45.797,44.291,42.961,41.474,39.839,40.623,111
68,7.0,95.034,78.431,72.041,67.839,67.142,66.408,65.536,65.272,65.827,65.004,65.529,63.997,63.942,63.412,62.569,157
68,7.5,107.694,83.642,74.101,67.984,64.824,62.453,60.21,57.75,56.511,55.548,55.09,55.323,55.32,53.888,52.618,238
68,8.0,142.317,119.746,114.78,115.187,117.868,121.086,123.811,127.114,128.789,134.642,139.83,144.331,144.329,146.614,147.128,875
68,8.5,163.637,136.594,128.802,127.852,129.958,131.443,134.544,137.297,139.387,144.896,148.151,148.655,149.162,152.05,150.334,983
68,9.0,198.408,156.986,139.193,129.46,126.551,122.456,119.661,116.824,114.379,112.183,113.088,112.096,109.554,107.821,105.765,611
68,9.5,248.003,189.86,163.622,148.947,137.762,130.172,125.047,116.915,114.871,110.954,106.951,104.755,102.327,101.436,99.622,523
68,10.0,308.345,231.455,197.439,178.693,165.72,156.333,148.901,137.344,133.044,127.654,121.295,116.65,112.096,107.969,105.017,473
68,10.5,412.137,308.712,263.359,237.843,217.857,203.904,195.62,181.79,176.394,167.11,157.256,152.97,148.486,144.931,138.806,460
68,11.0,548.195,407.778,347.611,311.88,291.021,271.923,257.444,236.778,229.005,216.565,207.427,196.797,192.68,186.852,178.332,549
68,11.5,727.088,540.835,459.297,410.219,377.804,353.974,333.992,306.344,294.933,277.759,261.636,248.106,240.411,231.402,221.852,645
68,12.0,928.296,687.021,581.738,516.452,476.52,445.635,419.82,384.175,370.375,347.428,323.996,307.024,293.573,278.081,268.346,678
68,12.5,1396.713,1039.462,884.814,793.419,736.052,694.828,663.55,613.902,594.488,559.324,530.309,507.656,488.266,469.56,451.89,408
68,13.0,1870.37,1404.061,1202.882,1093.212,1020.81,959.918,916.586,838.853,813.906,772.722,726.38,687.925,642.102,611.542,585.719,356
68,13.5,2818.632,2120.247,1814.629,1665.589,1556.707,1486.088,1436.114,1330.131,1284.848,1214.383,1142.539,1053.274,1001.789,949.961,881.215,211
68,14.0,4243.895,3149.047,2728.447,2443.044,2241.588,2164.236,2019.823,1871.84,1809.924,1675.365,1560.255,1444.405,1373.391,1288.243,1199.097,153
68,14.5,6479.794,4783.803,4064.275,3610.266,3281.203,3039.415,2844.922,2579.229,2463.815,2283.891,2131.977,2003.406,1896.414,1781.44,1674.55,147
68,15.0,9570.116,7067.492,5901.35,5228.86,4870.602,4496.476,4199.918,3778.03,3650.624,3409.924,3088.2,2900.184,2738.614,2578.515,2432.815,150
68,15.5,15056.857,10861.035,9011.349,7931.883,7221.905,6688.315,6264.665,5660.449,5399.915,4999.805,4636.233,4329.629,4112.522,3868.516,3671.348,159
68,16.0,23488.75,17388.529,14535.33,12761.287,11689.911,10696.145,10125.128,9087.203,8657.365,8229.613,7584.578,7000.328,6617.036,6128.823,5630.007,157
68,16.5,37266.605,27719.641,23021.75,20474.441,18864.443,17376.939,16202.819,14656.162,13994.826,12983.098,12044.689,11326.83,10733.511,10020.495,9238.645,169
68,17.0,57535.125,41741.885,34893.625,30586.74,27690.024,25610.7,23748.404,21269.026,20274.872,18817.069,17212.303,16103.604,15139.22,14164.478,13245.607,222
68,17.5,91733.16,65962.344,55216.834,48293.232,43878.795,40637.795,38261.231,34204.232,32378.574,30165.181,27537.816,25523.066,23879.949,22339.684,21073.297,334
68,18.0,146049.734,104805.5,87606.84,76658.121,69258.422,63703.135,59291.959,53277.591,51054.248,47523.023,43356.134,40171.254,37657.06,35083.881,32626.775,546
68,18.5,214505.813,155659.211,129957.34,114482.453,103410.246,95236.16,89128.453,79517.476,75919.258,70126.664,64134.808,59758.718,56263.345,52725.951,48907.455,534
68,19.0,328595.438,236506.789,196946.39,171463.226,154412.18,142297.156,133431.46,120750.894,116157.824,108365.68,98280.824,91198.711,85515.258,79835.328,73404.286,38
69,3.0,26.544,34.69,38.563,40.825,41.291,41.643,42.862,45.551,47.231,49.745,53.078,55.815,58.581,61.793,65.653,15
69,3.5,36.312,38.42,37.415,38.966,40.977,42.322,44.339,47.759,48.613,50.569,52.001,54.487,56.148,58.916,62.282,17
69,4.0,38.659,37.619,41.288,44.154,45.941,46.655,47.065,48.589,49.343,51.097,53.984,56.483,58.538,61.153,64.307,35
69,4.5,49.074,47.23,48.653,50.477,52.198,53.937,56.333,59.456,60.579,62.208,65.999,68.359,70.858,73.475,77.124,61
69,5.0,59.498,55.547,56.781,59.793,61.836,64.143,66.438,70.778,70.644,73.704,77.967,80.438,82.124,84.394,85.839,123
69,5.5,67.67,65.236,71.352,77.316,80.089,82.757,85.186,89.716,91.448,93.02,94.687,97.026,98.986,101.891,103.47,176
69,6.0,71.572,66.664,67.12,68.647,71.866,72.69,77.388,79.535,80.441,81.29,83.308,84.997,86.177,89.437,92.857,161
69,6.5,79.549,63.061,56.341,53.527,52.754,52.368,52.214,50.51,50.317,51.734,49.592,49.084,49.114,48.866,48.782,104
69,7.0,93.827,75.823,66.822,62.485,60.058,57.565,55.71,54.326,53.554,52.804,51.451,51.352,51.552,51.367,51.104,124
69,7.5,105.047,82.139,71.79,65.721,61.616,58.801,56.12,53.302,52.43,51.375,49.561,48.895,48.423,48.216,47.735,211
69,8.0,140.731,120.531,115.362,115.586,119.122,120.333,124.018,127.56,128.059,128.706,130.954,128.888,129.891,130.586,128.708,776
69,8.5,163.562,139.352,132.226,129.846,131.657,133.783,136.024,140.272,141.104,144.573,149.863,148.784,145.438,144.104,140.326,992
69,9.0,197.816,156.178,139.792,129.899,123.729,118.882,115.825,111.468,110.536,108.403,103.668,102.622,101.591,101.784,101.65,596
69,9.5,248.581,190.322,166.15,151.03,140.595,132.477,127.159,121.047,118.161,112.176,109.428,108.302,106.19,100.792,99.721,534
69,10.0,309.7,233.693,200.236,181.5,171.171,160.274,152.134,141.582,137.516,130.562,124.05,120.792,118.222,114.261,113.084,458
69,10.5,415.848,311.369,268.472,241.349,224.923,211.381,199.934,181.644,175.406,164.254,154.809,151.158,142.406,138.456,130.711,430
69,11.0,552.102,410.979,349.989,313.323,290.202,272.534,259.272,240.76,233.541,221.369,209.058,201.241,194.083,185.435,178.295,571
69,11.5,717.612,534.522,458.345,406.87,372.747,349.453,329.548,303.16,293.514,277.51,257.168,240.779,230.064,216.007,209.854,676
69,12.0,925.84,681.647,576.06,509.474,467.311,436.16,409.148,372.635,358.609,335.266,310.35,292.716,280.166,265.347,251.064,652
69,12.5,1375.372,1013.904,858.82,773.634,713.093,662.517,628.019,577.564,559.324,526.949,484.136,454.683,427.336,406.591,385.574,449
69,13.0,1874.066,1396.546,1188.014,1058.783,988.185,920.668,875.393,801.159,776.969,730.046,672.565,633.919,599.557,567.824,537.917,357
69,13.5,2723.618,2059.248,1773.93,1604.492,1504.116,1418.956,1341.72,1212.756,1179.232,1097.005,994.579,948.464,899.95,868.135,800.965,206
69,14.0,4116.002,3039.645,2584.114,2330.976,2149.826,2023.433,1920.654,1743.206,1680.1,1578.116,1466.897,1388.97,1286.113,1220.401,1140.389,198
69,14.5,6261.687,4677.92,3981.284,3524.472,3194.001,3005.839,2858.47,2587.63,2500.908,2351.686,2186.942,2033.728,1933.239,1828.032,1706.324,188
69,15.0,9519.462,7043.442,5894.113,5270.869,4770.606,4439.09,4159.264,3758.563,3614.788,3367.56,3038.024,2850.329,2687.746,2495.936,2345.591,184
69,15.5,14579.336,10638.239,8965.209,7832.791,7073.704,6563.672,6151.085,5564.458,5341.702,4962.285,4531.608,4200.268,3932.885,3625.829,3333.909,207
69,16.0,22672.745,16781.94,14059.278,12376.198,11258.42,10384.532,9754.131,8788.954,8380.954,7798.323,7085.476,6615.592,6130.36,5841.023,5387.68,184
69,16.5,35541.527,25925.201,21743.134,19059.182,17410.094,16218.676,15274.761,13664.587,13047.256,12091.382,10992.024,10088.736,9565.96,8981.356,8314.298,202
69,17.0,55261.129,39321.168,33111.773,28855.561,26115.057,23952.229,22369.371,20023.803,19075.773,17577.334,16157.779,14976.263,14038.645,13061.836,12114.029,279
69,17.5,88583.637,63951.215,53478.289,46549.344,42149.754,38923.272,36321.058,32555.98,31124.408,28728.69,26154.917,24209.546,22757.017,21216.126,19564.19,302
69,18.0,136373.156,97966.848,81833.285,71717.836,64482.869,59536.254,55617.578,49578.022,47176.857,43663.918,39525.24,36539.57,34390.519,32081.952,29814.448,534
69,18.5,198225.797,142773.024,118929.48,104213.078,94136.203,86588.355,80855.864,72415.688,69306.378,64444.002,58463.73,53874.972,50783.672,47325.93,44095.422,500
69,19.0,292718.312,212998.094,177933.625,156844.609,141150.5,130133.398,121382.695,108446.859,103622.086,96283.625,88902.281,82073.773,75915.414,70666.703,65499.352,29
70,2.5,25.608,28.415,35.195,39.342,40.044,40.552,41.808,44.304,45.036,46.934,49.818,51.998,54.927,57.776,59.484,11
70,3.0,32.819,35.905,39.902,44.293,45.921,47.602,49.31,51.899,52.787,54.495,56.897,59.03,60.976,63.17,65.398,16
70,3.5,33.018,40.242,45.614,50.029,51.733,53.095,54.957,58.271,58.875,60.423,61.79,63.113,65.387,68.681,68.917,21
70,4.0,39.32,40.384,40.997,47.305,48.936,50.516,52.827,56.22,57.435,59.654,62.543,64.586,67.264,69.31,69.944,34
70,4.5,57.814,57.5,60.292,62.008,62.284,64.134,68.592,72.911,73.485,75.792,80.03,82.357,81.339,80.982,83.028,68
70,5.0,60.94,60.762,63.967,68.453,70.558,70.379,73.202,76.514,78.11,80.727,84.583,87.945,89.686,89.311,92.956,123
70,5.5,70.206,72.036,77.746,84.483,85.271,87.077,88.35,90.749,91.242,91.108,95.728,98.496,100.503,103.375,106.718,208
70,6.0,73.844,67.3,68.903,69.398,72.403,76.092,79.283,81.584,83.041,84.872,87.983,89.946,91.658,91.282,92.828,168
70,6.5,84.091,70.623,64.243,65.376,62.487,61.564,62.216,61.311,59.59,59.236,60.364,61.743,63.363,65.718,68.311,97
70,7.0,97.895,79.372,70.756,67.665,65.594,65.632,64.096,63.424,63.012,63.282,64.943,62.629,61.781,63.391,64.657,141
70,7.5,114.625,91.221,78.88,73.348,68.801,65.718,63.073,59.6,58.276,57.413,57.7,57.185,55.683,54.742,54.213,196
70,8.0,146.637,124.238,118.183,117.766,119.796,122.633,125.035,127.133,128.947,132.366,139.148,140.674,140.156,142.985,143.899,782
70,8.5,168.346,140.53,132.613,130.845,132.308,133.382,134.845,137.32,138.363,138.329,141.736,143.054,143.41,143.642,142.36,866
70,9.0,205.091,166.913,149.362,142.451,140.173,142.341,142.637,143.38,143.206,140.845,146.213,144.507,139.819,134.799,131.632,527
70,9.5,256.985,201.815,179.522,167.411,159.589,155.573,152.707,145.196,142.474,141.276,136.436,132.167,127.814,124.731,121.506,399
70,10.0,322.07,245.884,212.217,193.367,179.478,168.643,162.141,152.085,146.649,139.243,131.088,125.336,122.969,119.336,114.438,327
70,10.5,419.68,308.727,262.282,233.487,214.796,200.16,187.916,171.592,165.382,155.593,145.32,137.0,131.484,125.636,121.243,372
70,11.0,547.15,402.134,337.872,299.634,272.518,253.641,238.021,215.684,207.37,194.825,179.734,169.144,162.026,151.921,142.73,532
70,11.5,740.798,540.192,453.933,402.028,366.93,340.11,318.868,289.055,276.465,257.025,235.849,220.948,209.579,198.24,186.091,758
70,12.0,957.753,700.952,589.351,521.583,473.997,439.337,412.608,373.008,357.22,332.545,304.973,283.73,266.234,248.719,232.607,809
70,12.5,1424.704,1045.399,885.23,782.872,711.47,659.199,619.681,556.676,533.295,496.64,454.391,424.684,401.007,376.281,354.09,653
70,13.0,1846.333,1365.367,1154.44,1016.666,924.128,855.97,802.53,722.84,692.487,643.023,590.384,550.644,519.409,492.061,463.819,579
70,13.5,2989.19,2244.435,1910.039,1724.282,1585.878,1503.011,1429.148,1341.501,1292.65,1210.538,1130.548,1075.946,1035.638,982.376,931.509,274
70,14.0,4404.594,3275.405,2764.764,2473.855,2265.379,2124.365,1993.679,1817.802,1742.44,1642.212,1527.448,1437.376,1351.613,1254.474,1146.786,342
70,14.5,6616.864,4942.837,4178.896,3745.322,3418.966,3170.949,2987.684,2672.879,2558.847,2410.72,2193.926,2016.82,1895.075,1779.586,1644.17,393
70,15.0,10042.328,7398.371,6285.43,5627.274,5199.942,4843.291,4541.68,4134.077,3959.413,3660.929,3298.79,3045.61,2846.64,2632.382,2425.092,523
70,15.5,15181.519,11126.938,9374.29,8306.979,7557.524,6974.195,6563.992,5857.25,5602.948,5146.79,4650.973,4274.083,4004.641,3694.854,3386.991,591
70,16.0,22812.436,16711.207,14010.722,12357.272,11208.09,10422.804,9709.746,8634.526,8231.517,7587.732,6835.857,6263.454,5842.748,5400.123,4993.228,421
70,16.5,37320.789,26954.777,22542.809,19838.352,17948.699,16554.557,15406.25,13921.155,13329.956,12336.186,11275.141,10309.102,9656.406,8999.746,8206.453,231
70,17.0,58199.395,42010.203,35153.652,30857.492,27945.814,25669.979,23954.305,21471.672,20580.025,19093.305,17496.922,16180.018,15087.142,13941.221,12849.971,273
70,17.5,91535.558,66276.664,55515.84,48503.828,44326.453,40698.318,38017.782,33920.508,32373.87,29953.068,26852.664,24763.222,23234.16,21497.772,19946.955,352
70,18.0,148432.0,106783.184,88029.688,77145.266,69893.316,64295.008,59894.807,53943.674,51509.192,47480.444,43086.43,40083.072,37579.045,35108.703,32467.48,498
70,18.5,232936.594,168211.547,141088.078,124428.555,113259.828,104430.484,97371.32,86757.18,82621.133,76037.766,68847.664,63367.281,59746.977,55371.09,51234.672,785
70,19.0,333645.719,241610.25,200302.953,174473.125,158447.109,146537.828,134885.203,119165.531,113709.297,104993.234,96169.031,89575.852,84197.539,78230.148,72814.812,401
70,19.5,491017.422,374998.734,308352.125,268112.352,242349.234,222689.836,207553.688,185208.469,176571.414,162278.758,150387.43,143404.977,138427.359,134871.734,136995.91,12
71,3.0,36.027,45.809,49.922,53.768,55.44,56.344,57.666,58.208,58.768,59.927,62.532,65.004,65.686,65.742,64.97,14
71,3.5,32.322,37.309,41.838,45.483,47.25,48.778,50.458,53.458,54.716,57.076,60.19,62.99,66.288,68.326,66.273,25
71,4.0,39.332,43.809,44.055,45.568,47.409,49.33,51.463,54.291,56.203,58.167,58.88,61.095,63.334,65.692,68.914,42
71,4.5,52.396,52.393,56.696,58.562,62.022,65.688,69.481,72.934,74.352,72.248,77.683,79.021,79.816,82.924,84.471,85
71,5.0,63.886,62.48,66.284,69.114,70.215,72.845,75.678,77.194,78.75,79.364,82.696,85.841,88.887,90.058,92.308,150
71,5.5,73.093,70.652,74.434,79.746,82.848,85.147,88.711,92.352,94.493,96.206,99.513,103.249,105.331,108.686,110.982,257
71,6.0,75.436,70.213,72.8,76.696,78.28,79.354,82.386,86.602,87.364,89.093,92.394,94.43,95.52,94.794,94.364,258
71,6.5,84.293,68.98,63.162,60.924,60.712,60.693,59.427,58.681,58.651,56.691,57.012,54.772,54.911,55.404,54.848,159
71,7.0,100.516,81.579,73.78,69.667,66.963,65.762,65.464,63.797,63.594,62.654,60.972,59.252,59.208,59.863,61.206,172
71,7.5,116.953,92.966,82.123,75.673,73.3,71.588,70.797,69.469,68.727,68.271,68.045,69.335,69.513,70.239,71.458,227
71,8.0,147.702,126.33,120.327,119.084,121.261,124.044,126.543,129.416,129.889,133.424,139.916,141.256,143.788,144.336,144.19,998
71,8.5,172.459,144.587,137.957,135.425,138.519,140.211,141.064,141.982,141.981,143.887,144.357,145.785,147.534,147.365,150.134,941
71,9.0,211.44,174.122,163.504,159.04,157.838,159.202,160.406,157.088,157.402,161.484,164.08,159.778,157.552,158.702,153.85,546
71,9.5,266.926,213.477,193.598,188.532,183.084,181.244,175.152,174.809,174.515,176.255,173.731,167.483,163.768,158.606,155.401,437
71,10.0,344.096,263.38,232.344,216.43,205.611,196.774,191.064,183.074,178.699,173.543,168.784,167.612,167.801,167.81,166.596,400
71,10.5,445.489,336.506,292.028,266.046,248.057,234.665,225.136,211.337,205.624,196.813,186.882,182.228,179.469,176.588,170.862,504
71,11.0,578.101,429.778,366.993,326.392,302.124,282.341,267.966,245.878,238.217,224.057,210.289,200.919,192.826,184.175,175.272,631
71,11.5,783.789,576.614,487.389,432.906,396.666,370.415,349.549,319.278,308.15,288.995,270.044,254.416,243.625,230.959,219.771,857
71,12.0,1019.234,750.018,634.383,564.086,519.339,482.964,455.866,416.771,400.597,377.58,350.752,330.02,315.186,299.666,283.498,804
71,12.5,1552.596,1164.221,997.922,896.119,820.572,774.154,730.722,666.49,644.587,607.998,566.109,531.129,507.667,487.365,467.281,459
71,13.0,2101.552,1587.026,1359.712,1208.869,1126.311,1053.978,994.116,906.775,875.629,828.154,767.023,724.978,696.442,667.679,631.566,453
71,13.5,3256.063,2491.773,2129.673,1927.378,1796.614,1699.223,1623.375,1501.951,1457.099,1375.424,1297.484,1229.81,1171.543,1104.156,1042.879,305
71,14.0,4951.164,3715.881,3184.951,2890.807,2693.455,2523.57,2405.262,2230.843,2170.689,2065.262,1911.155,1803.327,1689.31,1589.401,1496.456,331
71,14.5,7394.556,5549.752,4836.101,4340.446,4031.004,3762.856,3560.618,3213.886,3088.747,2886.597,2672.414,2482.172,2323.721,2212.297,2069.072,342
71,15.0,11503.273,8638.605,7341.621,6579.939,6068.126,5680.656,5397.564,4886.999,4773.55,4383.75,4032.061,3723.796,3481.482,3244.108,3013.4,418
71,15.5,17451.689,12872.436,10859.48,9697.293,8847.521,8283.5,7801.885,7033.191,6719.946,6220.244,5650.755,5190.709,4782.06,4405.33,4077.817,351
71,16.0,28879.465,21267.512,17796.425,15808.878,14498.474,13505.124,12677.007,11335.367,10866.344,10059.085,9094.761,8355.758,7848.348,7326.144,6782.306,334
71,16.5,44724.422,33077.443,27476.6,24204.468,21998.996,20368.702,19175.034,17190.71,16478.003,15252.561,13803.09,12972.11,12281.312,11504.88,10770.358,288
71,17.0,78541.094,57157.098,47589.594,42076.59,38120.293,35355.762,33406.906,30031.771,28628.41,26464.322,24069.811,21966.246,20641.018,19390.283,18295.312,287
71,17.5,111905.996,81963.902,68569.972,60819.76,55240.114,50904.494,47384.83,43086.803,41359.998,38202.443,34763.062,32432.734,30575.06,28890.421,26823.141,336
71,18.0,197064.594,145080.594,120559.266,104948.141,95510.32,88351.398,82449.391,74660.602,71470.789,66276.086,60468.227,56445.273,53608.395,50319.926,46589.312,489
71,18.5,302590.453,223604.578,187064.523,165127.304,149796.5,139264.914,130135.625,118152.992,112943.656,104613.562,95269.95,88721.066,83486.532,77495.656,72508.336,700
71,19.0,417076.078,305155.75,256706.554,228232.5,209704.922,193186.148,181405.196,163445.336,156253.133,145224.617,133592.281,124294.894,118477.348,111496.887,103734.192,316
71,19.5,689281.344,507379.25,478946.594,432290.297,393911.532,361739.625,335949.688,297147.0,285910.812,269024.828,251297.703,238529.703,224471.305,213976.258,201146.219,22
71,20.0,1251452.875,990480.312,813904.5,712746.938,634247.312,581598.812,539955.938,503807.156,493829.062,477490.531,457704.781,441029.531,428899.938,419511.688,416136.156,13
72,3.0,28.62,32.984,37.394,41.708,43.5,44.573,46.13,48.834,50.043,52.203,55.025,56.572,57.874,59.114,60.33,14
72,3.5,26.616,33.03,36.836,40.314,41.377,40.144,41.811,44.537,45.645,47.158,49.614,51.813,53.787,56.309,58.508,25
72,4.0,45.361,42.529,45.125,48.263,49.686,50.891,53.373,55.936,57.429,60.114,63.514,66.067,65.441,67.253,70.497,39
72,4.5,45.544,49.165,52.92,55.162,58.089,59.504,63.261,68.33,70.063,73.498,78.386,81.302,79.217,77.825,80.199,67
72,5.0,62.974,59.332,62.638,67.602,69.554,70.226,72.686,76.59,77.652,79.034,82.143,86.091,88.82,91.035,92.832,106
72,5.5,67.964,69.049,72.404,75.414,77.85,78.606,81.501,84.163,85.588,88.031,93.107,95.126,96.054,98.392,101.102,218
72,6.0,77.396,70.58,73.664,77.869,80.186,80.833,84.526,85.0,86.403,88.196,91.458,93.994,94.163,96.636,95.982,220
72,6.5,82.118,65.91,58.867,55.812,53.822,53.712,53.365,51.627,49.95,49.028,45.858,44.856,44.806,43.632,40.344,136
72,7.0,94.924,73.98,67.598,61.073,58.096,56.164,54.659,50.922,49.584,47.72,48.585,47.916,46.865,46.776,48.476,136
72,7.5,110.196,84.466,73.3,66.809,62.58,59.832,57.51,53.828,52.917,52.439,51.179,50.095,49.018,48.48,48.152,189
72,8.0,145.591,123.523,118.28,118.752,118.581,122.042,125.367,128.925,129.872,130.717,135.153,134.915,136.61,138.714,138.86,892
72,8.5,168.419,142.029,135.082,132.107,133.186,136.943,137.937,141.755,143.628,147.043,151.313,151.856,152.855,151.722,153.108,893
72,9.0,203.824,163.394,147.291,141.02,136.437,134.62,133.496,131.554,130.824,126.602,124.756,123.169,119.352,119.105,115.394,534
72,9.5,257.66,200.568,176.355,161.006,152.917,145.086,138.955,133.431,131.288,129.068,130.595,129.852,127.838,126.227,124.9,369
72,10.0,331.532,249.813,213.618,191.884,178.28,167.651,159.077,147.911,144.797,136.866,130.927,124.977,120.575,117.383,114.005,335
72,10.5,437.656,324.775,276.378,246.942,225.647,210.669,200.6,185.453,181.036,172.358,161.798,153.711,148.484,144.051,139.112,388
72,11.0,574.166,420.025,356.28,316.188,288.518,269.476,255.205,234.586,226.9,214.179,199.17,189.777,181.786,172.996,164.388,499
72,11.5,773.113,565.302,474.401,422.072,385.773,357.698,337.23,306.557,293.562,274.129,254.737,238.355,226.011,212.075,199.273,797
72,12.0,1016.308,746.131,624.212,552.562,503.882,466.328,439.688,397.588,382.732,356.368,327.198,305.648,288.044,271.224,256.73,822
72,12.5,1514.643,1105.862,936.423,827.712,757.227,701.39,655.8,597.188,570.988,529.75,492.635,464.1,439.611,415.215,390.885,421
72,13.0,2018.961,1483.245,1251.262,1108.109,1008.515,940.953,888.889,810.483,778.688,728.832,674.946,633.488,599.72,567.93,536.609,381
72,13.5,3291.622,2394.615,2018.108,1787.064,1644.229,1526.632,1434.47,1293.557,1240.167,1161.872,1073.927,1009.43,960.686,912.509,862.515,219
72,14.0,4957.745,3629.496,3019.366,2670.901,2447.079,2267.534,2122.852,1909.336,1842.9,1707.174,1561.257,1463.674,1384.242,1306.504,1227.412,244
72,14.5,7598.832,5562.656,4692.82,4140.915,3750.789,3455.83,3245.072,2911.344,2780.541,2555.138,2319.512,2165.57,2055.609,1925.676,1789.289,260
72,15.0,11582.698,8488.868,7114.181,6320.933,5720.537,5332.05,4990.95,4470.678,4278.608,3973.069,3619.461,3344.189,3148.91,2960.446,2774.531,316
72,15.5,18255.803,13324.625,11038.579,9659.198,8745.463,8044.634,7510.822,6738.231,6445.982,6003.326,5489.823,5112.43,4813.983,4502.766,4241.112,373
72,16.0,28187.466,20692.064,17324.188,15190.128,13792.226,12695.822,11837.946,10599.484,10086.796,9362.016,8589.89,8049.745,7606.154,7109.352,6623.881,356
72,16.5,47070.617,34369.691,28791.471,25158.441,22967.645,21314.432,19990.426,18039.455,17333.971,16125.011,14885.525,13979.64,13267.938,12493.055,11654.312,269
72,17.0,74186.344,54533.066,45208.375,39992.285,35945.805,33195.73,30958.713,27727.734,26569.967,24582.098,22428.852,20812.088,19687.916,18481.098,17456.389,345
72,17.5,119278.356,86661.02,72933.062,63877.629,56945.24,52623.278,49233.086,43874.17,41805.776,39034.058,35860.723,33379.611,31514.634,29297.207,27235.544,422
72,18.0,186711.015,136722.93,113486.922,99612.332,91155.25,83812.824,78613.859,70175.84,67021.332,62483.055,57239.562,53534.535,50437.764,47443.877,44657.01,540
72,18.5,275712.688,200511.164,167660.235,147817.031,134008.703,123519.304,115016.984,103479.753,99017.644,91990.094,83973.324,78594.309,74347.02,69391.878,65226.717,818
72,19.0,404529.469,291865.781,238217.625,208713.953,188482.375,173898.469,163978.562,147742.562,140926.875,133558.141,123326.602,115649.391,109816.695,103378.008,96760.703,411
72,19.5,733060.125,557037.812,465122.062,418079.969,389988.344,368612.438,357879.25,336973.125,325751.562,308373.094,286477.875,267890.188,252260.797,241307.094,231186.938,21
72,20.0,1113193.688,851811.906,742044.032,656347.219,593365.5,549599.188,515285.75,463731.375,443694.172,412958.188,392330.343,378135.218,369085.312,362785.75,343616.25,10
73,3.0,39.081,37.196,40.462,40.402,42.253,43.67,45.104,47.522,47.895,49.581,52.529,54.784,56.51,58.923,61.749,13
73,3.5,27.09,30.608,34.1,38.263,40.735,42.958,45.258,48.432,49.331,51.424,54.655,57.163,58.2,60.759,63.85,19
73,4.0,34.498,35.329,42.188,43.604,45.747,47.924,51.06,54.381,54.825,56.977,59.898,62.387,64.596,67.833,71.567,41
73,4.5,49.797,50.676,54.045,55.76,57.472,58.64,62.046,64.598,65.594,67.534,70.82,72.526,73.75,75.505,78.062,80
73,5.0,67.984,65.681,70.514,73.583,76.164,77.706,81.366,85.064,86.233,87.768,89.562,92.682,95.202,97.017,97.339,134
73,5.5,68.306,67.788,70.722,76.124,79.594,83.738,86.692,90.753,92.09,94.338,96.971,99.225,98.391,100.678,102.834,248
73,6.0,74.633,70.412,73.652,77.356,81.833,84.976,87.304,90.912,92.021,94.876,99.827,101.19,103.021,102.969,106.994,244
73,6.5,86.141,68.29,61.649,58.643,57.117,55.854,54.308,53.894,53.781,53.758,54.934,55.314,54.456,55.875,57.56,119
73,7.0,98.408,79.28,69.097,64.988,61.966,60.383,60.062,57.727,57.021,54.654,54.625,54.125,52.809,53.882,53.441,147
73,7.5,112.955,88.847,77.638,71.034,65.856,62.552,59.595,54.794,53.406,52.311,50.823,50.295,50.028,50.04,49.838,218
73,8.0,145.723,124.282,119.397,119.167,120.089,122.633,125.395,128.245,129.797,131.661,136.861,139.513,141.011,141.904,143.468,1045
73,8.5,167.067,140.526,133.356,131.271,134.135,135.976,137.782,139.521,140.501,143.865,145.264,146.726,145.286,145.742,143.345,881
73,9.0,201.55,160.088,144.695,136.632,133.637,130.411,128.336,126.586,125.6,123.538,121.431,121.197,121.512,123.282,121.452,560
73,9.5,249.921,190.118,165.142,149.96,139.282,131.98,126.998,118.73,115.471,111.094,107.241,103.548,101.882,99.31,94.975,402
73,10.0,320.393,242.654,210.024,190.293,178.339,169.734,164.656,154.966,151.076,147.413,141.302,137.071,136.326,136.62,133.92,408
73,10.5,414.941,312.672,270.611,244.44,228.124,215.237,206.594,192.61,187.731,180.634,172.638,164.388,158.81,155.016,152.663,352
73,11.0,540.984,402.474,340.448,305.411,281.323,264.219,251.632,230.149,222.352,209.757,197.502,188.741,181.858,177.911,173.374,394
73,11.5,740.911,549.646,468.662,421.982,386.912,359.832,339.021,308.916,299.188,283.204,269.008,256.51,249.781,240.415,233.183,442
73,12.0,1012.437,760.115,653.054,585.253,544.532,510.207,490.348,454.386,435.062,408.688,387.997,368.124,356.792,341.866,333.879,423
73,12.5,1438.059,1086.95,930.929,834.352,781.696,737.386,699.054,640.197,621.596,594.028,567.074,546.398,529.733,514.548,500.027,244
73,13.0,1955.001,1475.073,1263.477,1149.972,1095.968,1040.903,987.399,917.962,886.634,842.331,795.51,755.21,714.135,688.04,667.675,259
73,13.5,2957.578,2306.012,1979.734,1777.354,1659.069,1553.068,1469.428,1350.45,1315.55,1244.778,1166.545,1099.112,1066.256,1012.476,986.148,246
73,14.0,4488.596,3476.756,3017.608,2730.455,2562.334,2421.645,2364.061,2212.304,2142.131,2071.89,1959.456,1829.453,1758.969,1667.24,1618.037,247
73,14.5,6971.152,5406.035,4832.845,4385.917,4109.116,3882.797,3688.891,3450.248,3348.967,3171.63,2961.442,2819.44,2684.797,2580.264,2398.235,241
73,15.0,10088.348,7581.646,6658.558,6014.919,5559.774,5213.642,4942.806,4561.986,4387.291,4118.257,3816.115,3553.311,3371.116,3200.467,3059.196,236
73,15.5,17220.506,12794.592,10975.272,9631.966,8904.972,8199.812,7693.407,6947.038,6637.065,6215.504,5787.254,5436.768,5186.58,4972.048,4692.05,182
73,16.0,27957.912,20596.639,17542.346,15691.496,14330.674,13455.057,12694.323,11483.152,11009.767,10217.306,9643.526,9008.754,8580.381,8142.18,7744.527,235
73,16.5,43857.25,32299.623,26933.295,23767.309,21695.469,20264.787,18891.82,16903.699,16309.799,15240.087,14197.502,13269.95,12569.817,11869.783,11186.148,287
73,17.0,66497.879,48401.138,40434.008,35369.209,32406.474,30161.737,28272.255,25336.812,24489.432,22677.088,20852.638,19347.348,18263.73,17337.578,16435.367,270
73,17.5,110960.664,81362.234,67709.391,59868.566,54183.75,49450.402,46280.023,41694.488,39641.664,36587.258,33232.086,31242.697,29906.75,28506.852,26916.51,307
73,18.0,155941.281,114246.632,95672.0,84116.196,77059.156,71689.141,67171.356,60329.258,57981.396,53966.877,49720.854,46953.481,44508.406,41783.982,39859.264,530
73,18.5,252435.391,183180.844,153421.359,134573.219,122207.109,112716.344,105785.023,95560.789,91573.898,85512.492,78781.094,73315.0,69274.586,65404.254,61587.641,749
73,19.0,357810.484,257303.328,216237.43,188121.75,172521.008,160055.633,150527.148,134767.953,128847.946,119692.192,109926.238,103437.649,97660.805,92071.618,87481.351,392
73,19.5,1279472.438,932668.125,785823.594,691537.031,629449.969,605062.188,587821.938,564698.282,559201.094,549024.453,525080.25,499598.062,485005.094,472906.703,463564.984,18
73,20.0,618615.25,448108.297,373719.906,331468.344,306254.078,283249.984,265681.86,239367.438,229448.375,219136.984,206817.868,193698.015,184334.328,182541.296,185060.235,14
73,20.5,1331301.594,1039760.188,887659.344,786698.328,718408.36,663398.203,618941.594,549175.156,523485.172,485010.234,442709.328,412385.031,389989.844,368336.657,349310.0,10
74,3.0,54.817,51.553,48.622,48.82,50.696,52.229,53.797,56.52,57.558,59.336,61.635,64.656,67.672,71.237,75.042,15
74,3.5,29.454,30.67,35.442,39.598,41.318,43.566,46.192,49.182,51.083,52.912,56.132,58.568,61.305,64.011,64.249,26
74,4.0,36.565,41.86,47.67,52.22,53.04,54.258,56.306,59.337,60.353,62.27,64.965,66.19,66.18,67.719,70.833,43
74,4.5,48.211,47.554,53.471,57.814,58.878,60.626,61.876,63.502,63.864,64.003,65.556,67.454,70.495,73.523,77.153,71
74,5.0,67.026,67.146,73.728,79.848,81.281,81.871,83.457,87.245,88.835,90.541,93.067,95.08,98.241,101.17,102.08,129
74,5.5,67.342,65.917,71.614,76.69,79.829,83.54,86.475,88.886,89.567,91.945,93.427,93.761,95.757,98.315,101.93,237
74,6.0,72.95,69.025,70.538,72.908,75.208,78.662,82.374,85.958,87.892,89.921,93.282,96.077,97.588,99.51,103.187,234
74,6.5,90.303,76.437,71.896,72.412,69.636,70.748,70.949,70.678,71.178,72.43,73.585,74.376,75.273,77.201,80.665,124
74,7.0,100.229,78.052,70.123,65.636,63.288,60.774,59.923,57.744,57.68,58.583,57.602,57.573,57.375,57.781,58.56,148
74,7.5,110.457,85.97,76.569,71.288,68.504,65.997,63.453,61.726,61.55,61.18,60.115,59.754,58.548,59.385,62.459,207
74,8.0,146.522,123.66,117.93,117.716,120.409,124.275,126.77,129.697,131.146,135.005,139.871,142.64,143.722,146.19,145.242,990
74,8.5,167.746,141.426,134.37,132.204,135.802,137.779,141.341,145.595,146.332,151.217,157.474,160.272,161.156,163.688,164.587,900
74,9.0,202.461,162.158,146.581,139.471,135.019,133.408,133.062,130.744,129.404,129.198,127.868,125.968,126.568,125.791,124.726,516
74,9.5,251.72,193.585,170.878,156.537,148.666,142.627,136.697,131.087,129.166,126.131,123.962,121.074,120.146,120.074,117.595,380
74,10.0,326.718,247.526,214.162,192.236,182.334,174.272,168.761,160.145,155.968,150.244,143.841,143.437,141.213,140.358,137.803,382
74,10.5,431.758,323.588,283.101,257.205,242.334,229.739,220.383,207.989,203.77,197.122,190.225,185.649,181.607,177.429,174.823,329
74,11.0,568.911,426.172,366.216,329.828,311.823,292.952,278.592,261.586,254.322,244.923,234.232,227.016,225.58,220.632,219.489,350
74,11.5,776.551,579.233,499.341,448.755,420.336,397.741,379.554,350.591,341.354,331.661,318.191,308.775,301.299,293.73,287.632,402
74,12.0,1078.712,807.666,696.99,628.222,584.988,551.562,529.804,493.203,477.609,458.878,439.098,426.558,417.679,407.795,399.004,436
74,12.5,1500.396,1116.96,956.909,858.792,798.797,748.963,711.128,660.839,640.372,616.557,578.948,559.1,543.228,531.114,517.967,405
74,13.0,2161.35,1620.868,1386.18,1243.962,1160.314,1088.949,1038.604,962.286,941.246,890.568,847.118,816.889,799.455,781.042,758.066,601
74,13.5,3176.989,2402.569,2052.865,1863.538,1732.019,1632.616,1555.556,1446.362,1402.422,1335.592,1267.846,1226.91,1199.071,1173.078,1149.754,552
74,14.0,4902.095,3644.618,3115.254,2808.804,2624.944,2451.974,2330.052,2168.85,2098.698,2012.53,1917.97,1847.954,1787.592,1744.893,1686.19,592
74,14.5,7624.778,5899.81,5240.101,4755.602,4497.323,4249.439,4057.82,3773.188,3685.917,3476.074,3315.346,3246.945,3180.033,3074.797,2972.72,329
74,15.0,11540.284,8697.985,7482.62,6782.585,6346.584,5962.317,5678.665,5271.786,5134.642,4960.704,4710.102,4528.602,4484.73,4305.106,4190.006,338
74,15.5,18275.391,13413.451,11621.35,10311.854,9658.958,9035.144,8611.951,7905.943,7705.557,7362.598,6941.944,6624.612,6387.761,6158.819,5924.835,197
74,16.0,28019.924,21258.197,18208.41,16235.34,15116.619,14222.803,13320.078,12367.501,11963.029,11513.288,10925.047,10356.056,10019.494,9577.196,9528.562,195
74,16.5,46138.82,33881.727,28876.576,25839.484,23654.113,22181.072,21067.498,19322.818,18763.57,17721.73,16872.742,16210.343,15688.481,15308.744,14626.554,229
74,17.0,63906.06,46643.305,39711.974,35448.5,32594.422,30718.242,28985.006,26639.075,25523.7,24197.772,22842.116,21757.874,20846.778,19754.234,18881.656,252
74,17.5,100849.16,74187.406,62435.354,55414.416,50909.57,47505.783,44858.127,40802.205,39263.148,36904.762,34557.234,32778.345,31740.419,30558.764,29681.136,336
74,18.0,154390.632,114317.129,96533.2,85815.562,79297.562,73478.644,69682.309,64049.304,61882.01,58412.944,54853.551,52120.814,49965.434,48010.711,46078.102,506
74,18.5,244727.602,179624.211,153282.61,135471.742,124282.332,115971.028,109144.364,99243.149,95715.144,90043.286,84369.718,80611.649,77678.512,74686.668,71634.098,840
74,19.0,351394.312,258196.266,217343.953,192627.0,178786.531,167480.703,157430.547,144067.219,139004.625,130460.711,121188.812,115078.938,109912.516,105476.008,102064.578,429
74,19.5,725640.375,535492.688,455982.344,406354.875,379326.969,355506.719,336881.625,309221.031,298942.688,288628.625,294214.812,284040.812,274607.688,266699.188,261622.078,19
74,20.0,889573.375,647683.438,545705.938,488687.109,455807.14,429163.296,409128.031,380934.062,371185.39,355496.703,339901.266,328828.938,321699.203,315394.312,310197.562,18
75,3.0,45.557,46.667,45.21,45.724,46.966,48.28,49.568,52.417,53.707,56.356,59.53,62.116,64.58,67.532,71.456,14
75,3.5,61.393,50.95,47.243,45.269,46.504,47.345,49.027,52.132,53.206,55.32,58.919,61.702,64.584,67.264,71.564,24
75,4.0,42.983,44.386,48.883,52.914,54.758,56.404,58.182,60.744,62.476,64.357,67.52,70.524,73.468,77.239,80.705,52
75,4.5,49.166,52.317,59.238,64.463,64.941,65.815,66.883,68.56,69.514,71.042,74.539,77.638,79.673,81.638,82.78,80
75,5.0,61.061,62.536,63.727,67.854,70.345,72.796,75.672,79.426,80.815,83.184,86.762,88.51,89.684,91.568,93.87,130
75,5.5,66.389,68.304,73.111,75.836,78.261,80.793,83.0,85.554,86.82,89.708,92.805,95.756,96.34,98.989,102.706,256
75,6.0,71.669,67.039,69.841,72.399,76.204,79.848,83.024,84.681,86.111,89.146,93.199,96.412,97.71,101.517,104.399,223
75,6.5,91.668,78.716,71.566,69.143,68.94,68.887,68.064,67.405,68.112,67.976,70.482,70.369,69.444,65.772,66.52,138
75,7.0,98.939,82.742,75.924,71.69,71.44,69.682,68.726,67.776,67.796,68.429,68.063,67.404,68.194,68.95,69.432,176
75,7.5,111.308,90.252,80.348,75.136,71.957,69.788,68.168,66.436,66.292,66.355,67.258,68.407,69.086,69.846,69.475,240
75,8.0,146.247,125.331,119.809,121.021,122.842,125.579,128.964,132.868,134.07,137.154,142.85,143.798,146.427,148.429,150.207,967
75,8.5,170.948,145.988,139.961,140.768,142.163,145.166,147.516,149.841,151.004,154.298,161.263,164.302,164.659,165.212,165.714,951
75,9.0,205.558,166.028,153.946,148.935,146.292,144.806,145.428,145.382,144.814,145.671,147.227,144.531,144.724,141.492,138.986,574
75,9.5,262.932,207.036,187.864,177.366,169.342,165.56,161.586,158.391,154.809,152.066,152.971,150.237,151.612,153.423,153.76,438
75,10.0,334.055,258.327,224.474,205.381,193.449,184.364,177.393,167.831,165.012,158.549,153.277,154.25,151.971,149.36,148.523,398
75,10.5,443.644,336.289,293.119,268.899,254.986,244.055,235.692,219.651,214.809,208.213,201.658,197.594,196.338,197.278,195.48,341
75,11.0,574.513,431.645,371.611,337.801,314.066,295.758,281.421,264.516,256.987,248.002,236.566,230.759,228.8,228.591,228.065,378
75,11.5,776.277,585.277,506.029,456.032,427.418,404.289,385.301,361.486,350.749,336.327,322.35,313.624,307.484,299.128,296.218,401
75,12.0,1067.232,802.094,682.74,616.596,575.824,545.564,520.452,481.457,467.361,448.082,428.559,413.398,401.183,390.322,385.328,410
75,12.5,1481.574,1105.964,945.513,845.48,783.834,738.334,704.334,656.126,633.22,602.472,573.88,557.67,546.472,533.406,522.728,430
75,13.0,2142.198,1597.078,1375.262,1233.065,1140.283,1072.922,1024.73,942.913,911.943,866.241,821.639,790.176,767.883,753.291,736.754,611
75,13.5,3123.533,2365.822,2039.855,1825.206,1690.217,1601.292,1516.668,1397.5,1356.568,1284.938,1207.015,1170.836,1142.678,1110.918,1068.116,536
75,14.0,4915.432,3698.645,3153.337,2836.576,2625.936,2472.22,2365.471,2195.354,2131.393,2025.484,1919.932,1835.344,1796.306,1746.949,1701.846,588
75,14.5,8142.372,6342.028,5564.426,5164.488,4848.058,4596.332,4383.852,4091.664,3985.822,3829.502,3636.888,3514.353,3349.569,3282.892,3221.272,298
75,15.0,11699.634,8941.288,7834.328,7210.015,6843.002,6523.07,6222.384,5845.207,5748.414,5452.138,5167.782,4956.71,4805.558,4624.376,4519.424,292
75,15.5,17685.252,13191.127,11448.991,10253.373,9706.204,9043.141,8621.314,7915.588,7677.657,7381.235,6960.095,6611.502,6417.082,6377.684,6188.019,201
75,16.0,30742.766,22671.42,19377.344,17226.114,15813.956,14764.85,13987.118,13046.575,12625.802,11977.24,11313.107,10847.598,10535.639,10195.05,9934.899,198
75,16.5,46090.641,34871.426,29474.9,26465.094,24269.381,23132.031,21884.623,19941.422,19389.326,18390.963,17408.254,16633.373,16108.983,15695.957,15367.558,233
75,17.0,67761.02,51448.629,43510.02,38480.754,34944.428,32308.354,30641.772,28399.487,27623.534,26098.41,24129.598,22787.646,21983.56,21797.538,21861.321,262
75,17.5,103372.438,76871.617,64671.895,57355.652,53668.816,50161.082,47371.82,43601.992,42301.344,40139.223,37746.34,35866.809,34460.301,33288.453,32420.582,339
75,18.0,157832.125,116379.992,99079.602,87194.391,79688.367,74177.57,69984.398,64330.859,62428.508,59169.973,55008.77,51835.832,49685.328,47900.91,45387.555,491
75,18.5,233540.828,171494.414,145621.672,129614.258,119786.618,111899.746,106013.375,96455.516,92608.973,87298.375,82024.074,78130.738,75562.289,72286.57,69524.242,742
75,19.0,313220.656,231266.609,196281.828,175461.375,159677.797,149470.297,141576.953,130427.062,125778.43,118495.734,110424.445,104528.656,100517.805,97304.281,93241.125,387
75,19.5,787516.938,570334.89,489580.453,444772.875,407024.562,386420.75,371325.11,351488.312,345107.516,336738.562,331214.516,330489.39,320903.75,310071.046,300781.266,12
75,20.0,944050.812,693189.5,578323.062,515554.984,471114.64,440402.954,416325.547,380681.61,367374.922,345716.704,323659.531,311174.266,302725.266,295348.687,289781.703,12
76,2.5,68.84,65.42,64.471,63.305,62.9,64.018,65.093,66.571,67.256,68.327,69.701,69.932,69.872,73.156,76.881,10
76,3.0,50.111,48.768,49.012,46.424,45.892,47.651,48.976,49.573,50.697,52.61,55.488,58.092,61.37,64.762,68.719,15
76,3.5,39.438,44.636,50.3,54.365,56.652,58.787,61.27,65.218,66.638,69.92,73.2,73.464,75.929,79.799,84.361,26
76,4.0,42.946,39.897,46.413,52.687,54.693,56.152,58.354,61.995,63.436,65.721,68.234,71.164,73.325,75.985,77.734,49
76,4.5,61.127,58.039,58.398,65.082,65.924,67.084,70.343,71.738,73.16,75.824,78.732,81.171,83.636,83.892,84.699,79
76,5.0,60.644,60.938,66.92,73.456,76.341,78.14,80.556,83.733,84.25,84.75,86.336,88.232,90.614,91.582,95.088,102
76,5.5,69.851,67.113,73.606,76.241,78.878,82.636,85.951,89.872,90.978,92.227,95.094,96.978,99.105,101.068,103.352,234
76,6.0,73.509,69.0,70.019,72.949,76.777,81.101,85.343,87.912,89.627,92.702,97.51,100.06,102.871,105.623,106.172,241
76,6.5,84.412,68.181,62.881,59.963,59.39,60.019,58.981,58.526,59.271,60.83,62.69,61.601,63.312,64.784,67.403,127
76,7.0,101.926,82.836,72.566,67.992,65.214,64.532,62.757,62.105,61.875,62.718,62.023,62.389,63.715,65.411,62.684,152
76,7.5,114.574,90.162,78.378,73.114,69.033,67.218,65.411,63.415,62.702,63.183,63.444,64.604,64.997,64.102,64.64,224
76,8.0,146.879,124.029,117.446,117.391,121.079,124.87,127.574,130.689,131.508,134.64,138.9,140.654,141.111,142.711,144.845,955
76,8.5,170.651,143.632,138.502,138.334,140.998,143.795,145.335,148.789,150.596,154.483,157.633,160.653,158.674,161.644,160.702,908
76,9.0,206.547,165.376,149.971,143.164,141.536,140.988,142.134,141.338,140.734,141.707,139.1,137.454,140.204,137.999,140.722,557
76,9.5,257.817,198.333,172.481,159.686,152.85,147.388,143.777,139.308,136.011,131.943,127.541,124.861,124.148,121.9,121.275,383
76,10.0,331.196,252.014,218.537,199.041,188.498,179.316,173.651,164.538,162.041,157.656,153.111,149.658,145.898,141.368,140.218,374
76,10.5,437.894,328.716,286.43,264.616,253.55,239.326,230.077,215.482,209.77,202.774,197.606,193.397,187.88,187.842,186.413,275
76,11.0,569.517,428.124,371.384,334.464,313.738,296.767,284.664,269.378,261.989,255.107,245.247,240.874,237.854,234.736,225.4,321
76,11.5,784.746,591.373,518.363,472.139,445.095,424.003,404.902,383.712,372.697,360.309,350.711,342.949,331.0,319.183,304.634,293
76,12.0,1086.863,821.869,730.211,675.706,645.56,617.551,594.766,559.507,550.68,525.975,511.489,488.083,478.972,461.925,474.462,245
76,12.5,1563.611,1176.547,1010.336,912.436,859.376,815.494,777.8,732.898,715.453,688.118,659.896,641.628,629.485,611.596,597.224,219
76,13.0,2266.711,1690.133,1477.144,1341.974,1250.821,1198.186,1138.904,1071.566,1051.856,1005.71,953.142,919.318,886.416,878.893,855.397,264
76,13.5,3412.234,2576.703,2275.983,2076.615,1980.792,1854.332,1785.004,1693.729,1641.3,1565.671,1507.456,1452.66,1406.358,1398.508,1373.134,226
76,14.0,5146.312,4000.926,3473.168,3177.476,2984.896,2832.763,2741.403,2577.0,2500.313,2425.775,2364.846,2253.7,2220.54,2167.444,2115.259,257
76,14.5,7779.109,5998.174,5254.348,4773.727,4438.474,4249.384,4075.783,3773.838,3655.86,3504.382,3302.674,3161.667,3060.572,2961.716,2868.47,254
76,15.0,11331.262,8726.018,7600.612,6848.621,6220.559,5907.263,5640.663,5189.547,5059.739,4832.87,4658.063,4404.391,4287.809,4213.132,4101.685,261
76,15.5,18928.35,13786.977,11730.209,10375.126,9524.657,8867.51,8386.073,7862.009,7611.316,7144.459,6795.631,6601.416,6495.095,6264.454,6096.209,169
76,16.0,30848.338,22750.139,19190.362,16945.715,15905.214,15214.992,14512.547,13489.154,13056.062,12180.717,11294.628,10835.095,10639.946,10050.116,9683.466,212
76,16.5,51873.863,37879.191,31770.125,28079.811,26303.037,24610.562,23239.734,21326.24,20636.459,19626.715,18582.264,17684.484,17045.863,16516.02,15884.916,273
76,17.0,71602.93,51318.168,44454.344,39580.016,36796.734,34180.242,32294.35,30280.896,29377.883,27952.516,25876.055,24557.883,23623.387,22556.135,21796.844,277
76,17.5,96804.156,71316.32,59694.867,53239.164,49731.25,46570.172,44122.141,40451.336,38941.379,36695.004,35126.535,33468.383,32067.686,30943.666,29478.879,313
76,18.0,169501.375,122064.641,103020.047,91118.953,83938.617,78237.32,74037.773,68400.031,66416.594,63142.918,58739.953,56186.816,53528.523,51123.023,49164.715,511
76,18.5,250990.718,181625.43,152898.696,135923.297,124426.016,115821.82,110440.254,101214.219,97177.442,92132.496,85487.066,81672.109,79068.293,75057.848,70962.801,724
76,19.0,344203.938,253331.25,213429.141,189474.078,173611.594,161783.141,154175.047,140617.125,137247.078,129812.461,118109.867,111926.961,106841.305,101700.562,99731.906,383
76,19.5,1374564.562,1044839.781,879294.344,777087.532,725600.156,678944.312,645840.156,603130.75,589680.156,571967.532,557298.969,550273.906,547496.734,543504.031,533266.5,12
76,20.0,1074666.625,783932.938,668608.312,606936.375,573384.062,546717.625,527218.625,501625.969,493656.844,483103.031,453389.875,429406.156,409390.281,386386.625,361139.469,11
77,2.5,48.386,50.868,59.632,64.497,68.3,71.789,74.252,75.075,75.938,78.215,80.488,81.781,80.53,82.156,81.041,12
77,3.0,63.4,48.966,45.706,47.559,47.735,49.089,51.122,54.376,55.61,57.696,60.787,63.625,67.788,71.068,74.842,14
77,3.5,34.972,39.908,45.125,49.782,51.614,53.162,55.367,58.647,61.292,63.492,67.068,70.119,73.467,76.882,80.842,24
77,4.0,40.872,44.917,45.356,48.723,50.772,53.562,56.559,60.35,62.529,64.845,68.397,71.503,72.757,73.844,78.172,49
77,4.5,57.148,59.151,60.823,65.181,67.48,69.858,72.747,74.897,78.093,80.041,83.974,86.894,90.443,91.277,94.847,89
77,5.0,69.615,67.648,72.875,79.105,80.511,83.892,85.066,89.703,91.675,95.23,98.111,99.534,99.658,100.083,103.544,111
77,5.5,72.591,72.656,80.068,83.572,86.074,87.626,91.316,94.123,95.758,97.898,100.501,101.566,104.822,106.522,109.694,204
77,6.0,77.425,73.608,78.176,80.878,83.465,86.396,89.731,93.474,93.852,95.933,100.054,102.725,105.926,109.342,113.784,230
77,6.5,88.63,73.33,66.788,62.942,61.77,61.722,61.228,57.95,57.877,57.994,55.44,53.374,55.093,55.108,55.846,146
77,7.0,103.132,82.638,75.374,68.869,67.292,66.274,64.746,60.776,60.135,60.057,58.188,56.997,57.846,59.308,57.734,164
77,7.5,119.043,93.39,83.054,76.258,72.451,69.872,67.187,63.791,63.514,62.255,62.619,60.309,58.619,56.869,54.974,209
77,8.0,150.916,129.97,124.949,125.563,130.466,133.614,137.082,138.512,139.524,141.283,145.112,147.486,147.566,146.634,143.896,930
77,8.5,174.215,150.609,146.349,146.752,149.577,150.48,153.997,153.969,154.853,159.143,159.925,158.052,155.698,152.816,145.768,939
77,9.0,210.487,166.723,149.891,141.778,137.712,135.013,132.767,127.033,125.522,122.215,122.263,120.561,117.239,115.815,110.003,527
77,9.5,265.731,207.065,185.124,174.609,168.778,163.893,160.135,155.293,152.926,152.855,145.895,142.192,137.947,134.505,131.94,379
77,10.0,342.634,259.973,228.181,210.399,199.444,190.33,183.112,171.031,167.788,163.358,160.4,157.911,156.474,156.662,152.85,344
77,10.5,449.111,342.898,300.671,279.138,266.997,258.496,250.262,233.75,227.274,222.304,208.66,200.402,195.926,192.79,188.101,274
77,11.0,588.807,443.034,381.006,348.07,327.036,309.789,300.235,284.677,277.477,266.4,255.266,248.856,243.174,236.45,227.75,310
77,11.5,809.766,614.105,542.802,496.235,478.863,453.935,442.53,425.122,418.834,403.3,390.48,372.594,364.299,359.327,347.53,259
77,12.0,1102.009,841.821,739.411,677.688,645.15,621.702,603.125,578.931,571.709,555.388,535.536,513.357,492.594,479.466,463.615,249
77,12.5,1582.669,1229.183,1079.526,982.322,911.142,863.868,827.7,791.229,774.741,747.655,733.679,704.927,676.027,656.865,638.621,183
77,13.0,2240.633,1744.325,1508.733,1379.99,1344.12,1283.317,1245.324,1184.102,1145.479,1092.036,1032.554,1000.419,963.48,912.041,875.172,231
77,13.5,3324.457,2578.684,2236.387,2092.167,1975.882,1904.574,1868.801,1758.765,1726.357,1663.733,1589.512,1543.871,1517.621,1508.118,1510.855,215
77,14.0,5106.959,3953.024,3551.156,3292.261,3162.137,3086.656,2978.283,2846.491,2753.864,2671.212,2563.32,2528.154,2466.692,2419.491,2358.649,212
77,14.5,8243.414,6791.681,6001.309,5560.372,5242.631,5089.434,4840.278,4470.098,4343.158,4110.352,3915.8,3765.315,3609.656,3454.026,3300.686,210
77,15.0,11389.247,8685.235,7545.633,6836.655,6536.49,6212.511,5888.131,5514.863,5374.655,5211.082,4990.503,4758.25,4608.644,4479.358,4222.644,201
77,15.5,17377.178,12859.958,11046.922,10063.348,9256.586,8766.508,8246.357,7604.064,7487.542,7053.715,6632.989,6228.165,5919.504,5638.088,5322.807,157
77,16.0,30120.355,22031.674,18662.629,16664.957,15390.277,14499.637,13754.995,12637.514,12107.63,11320.066,10664.619,10145.836,9837.734,9326.909,9054.655,213
77,16.5,54913.012,40104.375,34035.535,30218.947,28031.756,25932.852,24673.941,22533.824,21704.703,20516.223,19331.059,18389.637,17507.131,16816.967,15967.182,291
77,17.0,74475.785,54760.375,46123.508,41385.7,37963.438,35373.992,33642.469,31040.512,29937.838,28412.036,26796.764,25482.548,24052.192,22843.673,21424.733,260
77,17.5,103206.418,75494.742,63941.616,57271.549,53267.773,50140.336,47080.752,42878.342,40878.104,38586.262,35830.224,33842.858,32597.728,31301.126,29887.814,324
77,18.0,162944.594,118303.133,98962.773,88023.055,81505.594,76075.367,71487.391,66599.164,64201.625,61349.945,56692.102,53376.07,51755.043,49515.52,47247.898,565
77,18.5,263044.454,194432.211,162774.14,143785.836,132012.18,122915.965,115769.887,105811.535,101908.449,95620.32,88610.023,83846.696,79793.75,76021.18,71934.277,750
77,19.0,344693.594,253360.234,214483.422,191703.406,173663.922,162593.969,154947.953,142252.391,138136.141,130833.125,124102.539,119358.859,114161.047,107455.602,101556.227,373
77,19.5,546717.25,399349.375,329846.844,286267.688,257423.812,234995.891,217564.688,192657.531,187567.219,181991.016,177490.188,175344.812,174710.422,175480.719,177418.016,13
78,3.0,62.383,55.689,57.263,62.378,64.662,67.958,71.242,75.282,77.103,79.466,83.741,86.874,89.785,93.076,96.846,12
78,3.5,52.796,55.451,61.996,67.598,71.943,74.229,77.397,79.193,78.962,79.737,83.122,85.27,89.25,95.104,101.371,23
78,4.0,58.195,56.529,60.726,63.338,64.574,66.019,68.449,69.3,69.122,70.995,76.787,78.568,81.572,84.441,86.549,55
78,4.5,66.478,67.468,71.816,73.976,73.956,76.522,80.22,83.64,84.642,87.436,92.396,95.646,98.828,103.427,108.878,78
78,5.0,83.196,80.664,86.653,90.554,92.756,95.95,99.418,101.836,102.028,105.21,107.244,109.554,111.425,115.434,120.345,116
78,5.5,76.914,75.077,82.399,87.2,91.156,93.847,97.856,101.783,103.084,105.312,108.757,109.975,112.871,116.312,121.916,225
78,6.0,79.535,74.023,76.798,79.042,83.259,86.852,90.53,94.892,96.332,98.792,103.73,106.882,108.782,112.276,116.721,226
78,6.5,88.202,73.748,66.988,61.752,60.087,58.316,57.862,58.862,59.068,58.15,56.108,57.022,58.236,59.643,60.886,122
78,7.0,109.33,90.97,82.41,77.894,75.729,75.614,74.584,73.794,73.833,74.514,74.32,73.76,73.869,74.16,74.956,148
78,7.5,117.183,93.935,85.343,78.631,74.503,72.697,72.697,70.913,69.73,68.164,67.306,66.938,68.344,69.773,70.762,201
78,8.0,150.99,131.216,127.344,126.485,129.698,132.836,135.679,138.429,140.292,143.599,150.266,153.52,154.155,156.426,159.498,970
78,8.5,176.159,148.281,142.964,142.991,146.229,149.878,152.72,154.744,155.769,160.193,166.204,168.541,170.773,173.344,174.473,911
78,9.0,209.763,168.758,153.509,147.556,144.375,142.273,142.618,141.456,139.544,138.405,138.37,137.298,135.964,139.516,139.025,549
78,9.5,266.246,208.94,187.154,175.895,168.036,166.164,163.588,160.976,159.0,157.786,157.348,156.846,154.082,154.908,155.913,398
78,10.0,336.962,263.442,235.506,218.918,210.065,203.171,198.944,189.648,186.574,183.282,180.814,176.186,176.693,177.822,179.968,338
78,10.5,446.238,349.794,310.325,293.932,278.413,268.666,260.287,250.336,245.525,240.574,238.108,236.07,235.902,235.481,235.009,304
78,11.0,581.698,445.51,390.282,355.65,333.79,319.712,310.216,298.575,293.904,284.724,279.162,274.705,268.658,264.91,263.332,330
78,11.5,798.322,615.43,546.586,508.238,484.914,472.226,461.992,441.88,431.68,419.374,413.354,410.361,407.062,402.928,401.028,276
78,12.0,1104.732,881.978,794.445,753.261,721.262,707.33,691.304,657.421,647.538,626.389,610.799,612.192,600.016,600.231,591.206,245
78,12.5,1535.825,1191.776,1056.667,971.723,906.605,858.774,834.086,786.208,773.443,754.199,736.823,722.297,710.03,692.414,688.219,197
78,13.0,2134.538,1673.617,1459.956,1365.063,1288.982,1251.335,1211.401,1129.326,1117.34,1105.996,1079.769,1075.28,1050.264,1051.645,1049.63,239
78,13.5,3193.659,2471.506,2203.931,2040.222,1975.483,1924.923,1874.976,1797.171,1757.943,1749.862,1747.748,1767.794,1747.665,1739.301,1738.769,181
78,14.0,5150.8,4093.049,3603.201,3321.889,3238.68,3069.677,2937.08,2813.256,2765.925,2668.81,2660.962,2610.148,2582.223,2575.78,2598.657,223
78,14.5,7686.28,6173.067,5469.855,5014.488,4704.64,4517.708,4355.196,4187.621,4127.652,4064.243,3947.833,3827.891,3770.578,3757.184,3631.27,226
78,15.0,10533.168,8004.031,7076.701,6510.037,6099.85,5791.935,5560.772,5264.566,5149.816,4940.673,4638.718,4457.026,4325.944,4207.016,4039.33,196
78,15.5,17280.3,12978.899,11062.054,9960.223,9257.874,8709.965,8235.585,7566.69,7345.308,7035.49,6688.478,6386.043,6296.899,6123.938,5952.92,168
78,16.0,25918.191,19536.025,16367.25,14625.931,13452.122,12762.344,12137.065,11157.228,10775.982,10379.431,9903.729,9441.114,9166.132,8927.873,8779.45,217
78,16.5,45517.223,33476.152,28615.75,25896.34,23663.85,22249.406,20993.594,19007.256,18315.086,17359.725,16599.51,15804.914,15410.342,15002.224,14503.425,289
78,17.0,66675.578,48901.699,41434.59,37564.961,34712.148,32878.543,31551.881,29157.281,27949.781,26786.166,25011.984,23913.861,23081.188,22580.424,22271.459,251
78,17.5,100126.539,74376.234,63394.613,56788.043,51751.66,48800.699,46761.461,43516.652,42086.543,39818.781,37441.844,36241.629,35058.719,34022.355,32763.809,317
78,18.0,160025.344,118109.609,101448.914,90370.961,82847.73,77700.606,73179.972,67339.938,65166.604,61709.953,57971.178,55218.611,53791.338,51838.892,49693.748,586
78,18.5,256873.352,188609.75,159831.281,143546.352,131576.422,122671.129,116477.442,107517.156,104022.464,98283.402,92223.715,87907.738,84572.711,81696.785,79341.84,802
78,19.0,365373.234,267835.812,225299.414,200982.11,185072.406,173000.039,164049.234,150040.188,144706.704,136775.625,128034.043,122393.176,116415.121,112936.816,110258.074,458
78,19.5,1109950.782,818575.906,703432.594,624291.656,568518.328,536583.188,514696.328,489055.64,481829.016,461260.797,433221.75,414913.14,401970.891,389415.234,378211.266,14
78,20.0,1108659.125,837968.312,692728.312,619232.875,564758.625,526632.375,496772.125,471849.094,453258.5,423188.406,392246.438,379974.844,373051.094,368712.906,351111.406,11
79,3.0,35.894,39.075,42.207,46.098,48.988,51.923,53.227,55.669,57.5,60.481,65.038,66.278,67.052,67.296,66.665,11
79,3.5,29.895,31.973,33.334,37.166,39.686,42.211,44.868,47.574,48.835,50.866,53.975,56.326,57.197,59.674,62.655,19
79,4.0,40.216,43.26,48.765,53.758,54.364,54.625,55.706,59.228,59.98,62.014,65.293,63.676,65.536,66.493,69.796,48
79,4.5,52.537,52.226,55.802,59.484,62.9,66.483,68.82,72.662,72.834,73.877,75.745,77.378,79.743,82.556,84.914,84
79,5.0,68.807,70.121,73.79,79.109,80.696,82.575,83.419,86.469,87.898,89.616,92.564,96.565,94.48,97.12,100.988,109
79,5.5,76.023,75.204,80.503,86.149,88.464,91.919,94.672,98.574,99.75,98.942,102.859,105.732,106.513,108.156,109.619,225
79,6.0,77.825,74.236,75.916,79.081,82.678,85.941,89.967,95.647,96.655,97.634,102.838,103.243,104.719,107.55,110.005,213
79,6.5,84.38,67.018,59.82,56.355,54.437,52.73,51.478,49.62,49.06,46.757,45.863,44.677,44.22,44.114,43.37,124
79,7.0,104.077,81.902,72.404,68.002,63.788,62.357,62.438,60.806,61.186,61.272,60.306,62.434,61.392,61.022,62.146,133
79,7.5,117.51,90.437,80.108,73.942,71.07,67.875,64.903,63.898,62.898,61.661,61.032,60.818,61.831,62.695,61.653,195
79,8.0,150.492,128.243,121.612,121.348,123.998,127.607,130.186,134.168,134.612,138.476,143.718,147.51,149.031,149.735,149.57,990
79,8.5,174.022,145.886,137.676,135.865,137.533,141.36,143.019,145.638,146.81,150.59,154.662,156.643,159.585,161.772,161.168,948
79,9.0,205.914,162.084,144.131,135.503,129.408,124.474,121.656,118.761,117.845,116.37,114.848,115.71,117.008,121.504,119.316,524
79,9.5,257.509,197.338,171.846,157.219,147.566,140.486,135.526,128.621,125.871,122.573,121.282,118.912,116.352,112.279,109.758,382
79,10.0,325.87,245.691,212.139,193.216,180.572,171.231,165.148,155.546,151.651,146.047,138.711,135.072,132.97,130.68,130.252,429
79,10.5,425.856,317.679,270.071,243.322,226.549,214.293,206.296,192.462,187.313,179.478,172.463,168.784,164.796,162.23,158.096,452
79,11.0,550.94,408.143,347.467,310.8,288.897,273.322,259.728,242.064,235.0,224.285,213.466,205.637,200.194,194.541,187.092,544
79,11.5,742.303,548.757,469.78,421.952,390.576,367.505,349.251,322.658,314.554,299.332,283.503,272.608,263.016,254.862,246.602,620
79,12.0,979.009,725.214,619.819,554.047,511.798,479.665,455.017,420.144,405.528,385.681,365.06,350.419,338.859,324.286,314.269,639
79,12.5,1434.3,1079.436,913.812,821.726,756.796,706.891,674.968,624.31,609.364,580.318,549.968,529.286,512.177,493.562,478.124,332
79,13.0,1912.249,1418.608,1223.045,1102.718,1025.528,964.604,919.198,857.047,832.116,789.415,745.146,712.843,687.968,665.036,639.044,350
79,13.5,3020.556,2353.645,2094.798,1867.69,1734.458,1651.53,1595.306,1503.706,1462.676,1412.622,1359.392,1330.765,1299.736,1270.421,1247.294,194
79,14.0,4750.448,3620.917,3144.645,2878.789,2702.936,2568.536,2524.856,2438.677,2386.402,2279.134,2194.791,2112.501,2039.908,1958.45,1880.145,231
79,14.5,7528.593,5723.206,4995.584,4458.726,4156.758,3917.91,3750.554,3468.276,3353.68,3221.635,3045.456,2915.956,2806.656,2719.571,2629.424,278
79,15.0,10895.684,8215.774,7012.977,6367.851,5895.243,5564.342,5263.501,4820.521,4668.206,4392.189,4164.68,3968.885,3806.615,3690.838,3620.714,267
79,15.5,16922.332,12547.501,10598.851,9388.978,8579.684,8053.339,7635.729,7008.131,6816.175,6340.654,5997.728,5732.925,5456.507,5113.159,4903.281,273
79,16.0,26097.308,19265.96,16437.296,14696.457,13634.154,12807.56,12124.443,11088.504,10667.774,10017.166,9268.486,8690.31,8353.145,7867.413,7477.126,256
79,16.5,45682.457,33036.738,27884.006,25368.371,23264.764,21539.053,20311.332,18819.086,17938.979,17056.619,15873.807,14929.373,14292.233,13694.772,13235.76,233
79,17.0,64811.875,47364.664,40198.414,35903.859,33558.094,31206.977,29477.74,26778.613,26063.955,24360.826,22339.041,21165.859,20234.691,19653.674,18655.91,273
79,17.5,106756.707,79795.293,66489.312,58572.92,53622.574,50307.371,47624.783,43570.773,41948.612,39404.302,36648.802,34591.295,33196.002,31515.28,30336.459,342
79,18.0,166207.938,121509.883,102849.672,91449.328,83945.859,78567.656,74013.68,67814.805,65308.035,61377.863,57094.617,54155.348,52206.379,49395.672,47200.105,569
79,18.5,268088.938,194716.688,164663.25,147505.75,135570.891,126414.883,119951.031,109943.633,106252.836,99810.172,93138.516,88218.203,85256.109,81178.273,77628.172,873
79,19.0,388301.375,280112.594,234711.344,209278.773,192319.094,179972.906,170588.203,155468.14,148783.531,139938.992,129742.391,123055.383,117578.656,110965.512,106235.992,496
79,19.5,627776.5,469272.781,413951.438,374891.5,354240.781,336767.5,324237.5,308245.281,303204.344,303386.312,312821.594,309483.438,301828.875,293252.0,293696.344,19
79,20.0,1052817.875,762661.438,665638.188,587958.25,547194.0,514364.188,489303.094,453166.062,440436.094,421015.062,402450.0,390170.0,380447.656,368556.562,353375.062,13
79,20.5,1599756.875,1252344.938,1059170.688,948461.469,868565.75,808623.562,762921.844,697077.281,673239.219,632761.156,587360.094,563346.375,553119.5,544703.062,536571.953,14
80,3.0,37.102,43.47,44.177,45.009,47.491,48.632,49.165,50.834,51.391,52.782,55.703,58.219,59.221,59.062,56.43,18
80,3.5,68.67,65.346,60.954,60.948,62.532,63.713,64.824,66.477,68.404,71.222,75.625,79.39,83.032,87.701,93.241,14
80,4.0,41.834,46.942,48.576,50.944,53.158,55.512,58.138,60.759,62.074,63.836,67.702,70.56,72.527,73.804,76.614,56
80,4.5,50.046,48.683,52.417,56.003,57.981,59.203,62.165,66.872,67.955,69.073,72.874,76.1,78.491,80.255,83.819,91
80,5.0,62.142,59.427,61.388,65.089,67.486,70.097,73.321,78.0,79.344,81.613,84.156,86.504,88.714,90.886,96.226,154
80,5.5,69.492,65.511,68.506,72.274,75.967,79.126,82.882,87.202,88.9,90.155,94.872,96.411,98.572,101.224,103.244,260
80,6.0,74.682,69.495,71.372,73.274,75.629,79.85,84.373,89.17,90.464,92.005,96.174,99.122,101.562,103.86,105.571,272
80,6.5,83.535,69.487,65.961,62.503,61.415,64.333,65.211,59.643,60.313,62.273,62.541,60.653,59.379,56.828,55.221,141
80,7.0,98.689,78.93,71.294,67.824,65.061,63.128,62.376,60.342,60.406,60.079,60.061,60.454,60.246,59.726,60.34,180
80,7.5,112.592,87.602,78.026,72.567,69.032,67.053,65.754,63.648,62.058,61.638,60.365,60.25,60.25,60.65,59.6,246
80,8.0,145.651,122.982,117.385,115.871,118.28,121.655,123.97,126.646,127.8,131.76,137.376,137.589,138.716,141.934,142.458,1134
80,8.5,170.696,141.843,133.326,129.326,131.02,132.495,133.378,136.012,136.802,137.494,142.305,142.91,141.653,141.824,143.998,1105
80,9.0,205.653,160.183,141.849,130.331,124.826,120.293,116.171,111.127,109.586,107.012,105.537,104.475,102.169,100.72,99.274,877
80,9.5,262.44,198.356,173.414,158.39,149.502,142.336,137.026,129.137,126.333,122.767,118.962,115.488,112.296,109.97,107.558,864
80,10.0,330.462,249.248,215.145,194.626,181.74,171.871,163.739,152.703,148.702,142.735,136.517,130.153,128.036,125.46,120.81,851
80,10.5,437.884,324.728,278.313,250.665,234.268,220.745,210.476,195.662,190.015,181.766,172.334,165.568,160.518,156.115,152.089,793
80,11.0,572.594,425.288,366.032,331.792,307.939,290.48,276.628,256.094,248.762,237.55,226.654,218.636,211.96,206.519,201.412,624
80,11.5,791.566,597.819,515.769,467.09,439.771,414.978,396.009,364.083,352.278,336.24,317.378,307.778,301.338,295.188,285.634,405
80,12.0,1090.01,834.0,725.81,661.127,625.822,586.794,557.11,516.657,501.33,485.975,467.06,456.87,450.884,442.316,425.004,382
80,12.5,1545.17,1181.294,1016.488,928.454,869.567,817.321,782.018,727.257,710.752,682.212,638.68,606.491,594.819,576.182,557.963,343
80,13.0,2040.637,1542.549,1351.999,1228.326,1140.231,1073.88,1022.194,953.85,928.307,880.674,831.258,805.393,777.636,757.425,730.338,405
80,13.5,3192.245,2402.654,2065.664,1875.708,1774.441,1683.141,1603.542,1498.298,1458.766,1399.361,1324.896,1272.172,1250.626,1224.113,1193.332,391
80,14.0,4873.453,3719.218,3262.368,2951.283,2816.482,2657.254,2521.25,2363.61,2294.706,2229.955,2149.022,2072.164,2024.946,1994.283,1945.909,412
80,14.5,7707.665,5833.317,5056.069,4578.61,4322.239,4124.99,3961.898,3714.344,3587.8,3433.375,3277.944,3160.344,3076.966,2996.262,2909.843,485
80,15.0,11572.309,8676.826,7551.957,6800.635,6379.523,6055.967,5756.02,5323.125,5160.078,4925.143,4682.483,4531.48,4421.135,4289.122,4164.817,491
80,15.5,18888.432,14257.388,12290.282,11028.932,10427.076,9854.036,9440.547,8824.336,8568.136,8305.422,7854.805,7489.554,7239.067,6884.394,6638.824,217
80,16.0,35996.594,27011.144,22735.22,20251.557,18563.277,17235.206,16315.836,15045.335,14638.593,13981.424,13231.634,12769.39,12323.466,11827.474,11522.45,216
80,16.5,49894.807,37221.625,31908.319,28699.776,26796.089,25215.79,23908.762,22129.211,21365.406,20407.009,19216.549,18003.45,17513.2,16710.444,16214.186,226
80,17.0,85241.109,62488.652,53662.164,47978.264,43876.348,41143.547,39175.623,36259.486,35025.704,33179.002,31092.812,30009.589,28646.413,27125.45,26103.699,258
80,17.5,119729.203,87508.246,74763.336,66415.531,62601.184,58892.299,55726.836,51095.514,49610.019,47012.926,44025.119,41892.371,40736.234,38807.154,37676.469,278
80,18.0,186672.641,139965.469,120178.383,107382.484,98521.266,91914.594,87478.602,80943.125,78514.211,74971.141,70445.773,67336.492,64759.129,63190.418,60375.047,457
80,18.5,259372.062,195539.39,167212.898,149175.054,139056.937,129181.211,121558.722,113216.968,109959.637,103650.816,96556.278,89711.051,85444.004,81303.836,78988.402,312
80,19.0,963834.875,698544.0,579425.875,508693.281,462252.219,433122.594,408844.875,370522.062,355717.938,330096.875,300653.594,278278.75,261064.578,243875.812,228471.0,11
80,19.5,830631.437,650979.906,585508.906,546905.766,525311.906,506815.453,490879.422,463388.688,452021.61,434601.656,416812.688,404011.672,395312.61,384713.86,360055.938,12
81,3.0,33.705,39.996,40.742,41.707,43.702,45.864,47.601,45.653,44.221,41.827,38.732,38.352,40.57,42.538,44.884,15
81,3.5,29.868,31.372,33.188,36.731,38.682,40.882,43.258,46.599,47.944,49.236,50.29,52.296,54.24,56.686,59.548,26
81,4.0,40.099,40.822,44.38,47.681,49.931,52.07,53.606,56.593,58.513,61.44,64.309,67.167,68.939,71.725,74.77,53
81,4.5,45.625,42.102,44.713,45.436,47.687,49.396,52.552,56.118,57.382,59.451,61.566,63.691,67.048,70.156,73.695,86
81,5.0,56.524,54.213,61.327,65.208,66.982,69.02,72.22,74.999,76.33,78.214,82.132,84.714,88.092,89.566,94.022,162
81,5.5,64.661,61.646,66.115,70.039,72.88,75.27,78.181,81.392,82.237,84.626,88.173,90.747,92.957,94.517,97.868,319
81,6.0,71.273,67.85,69.048,71.7,74.544,76.236,79.332,84.605,85.283,87.639,91.855,93.168,94.926,98.483,100.102,270
81,6.5,81.452,67.096,62.846,60.552,60.2,59.042,58.258,59.393,60.792,62.109,63.62,65.548,66.174,67.248,69.586,166
81,7.0,103.162,82.342,75.113,74.828,73.923,73.735,74.312,75.06,75.169,78.128,82.956,86.02,85.276,83.878,84.259,208
81,7.5,111.029,86.16,76.514,70.128,67.881,66.112,63.858,61.496,61.51,60.43,62.046,61.86,62.76,64.134,64.996,234
81,8.0,144.369,123.978,119.801,120.239,123.072,126.875,129.739,133.325,134.721,138.6,143.531,146.465,149.929,153.707,157.418,1155
81,8.5,167.727,142.504,135.151,135.475,137.702,140.717,142.423,145.382,146.845,149.715,155.501,157.827,159.551,161.232,163.649,993
81,9.0,204.225,162.146,148.86,140.519,140.415,138.064,136.37,134.478,135.44,134.536,133.44,131.12,135.326,139.596,139.314,530
81,9.5,262.097,203.464,181.772,169.604,163.413,158.587,154.611,151.541,150.477,147.725,142.922,141.252,140.284,138.8,139.266,456
81,10.0,331.22,249.123,214.343,194.136,183.358,175.498,169.874,159.438,155.402,149.33,143.603,141.194,138.738,136.21,133.778,522
81,10.5,427.078,322.998,275.702,248.2,232.342,221.038,210.666,197.507,193.034,182.64,175.34,170.609,165.152,163.855,161.717,466
81,11.0,554.651,417.664,359.334,321.88,301.113,281.907,268.092,248.492,241.452,229.187,220.344,212.145,210.071,207.588,202.21,507
81,11.5,756.001,573.084,488.51,445.253,414.131,387.748,370.244,337.275,327.29,310.855,296.92,284.766,279.002,271.982,267.786,450
81,12.0,1045.394,785.658,678.794,617.51,581.828,549.412,521.602,478.66,464.098,444.0,416.166,395.802,380.198,373.778,360.617,442
81,12.5,1461.793,1092.008,942.292,850.022,792.456,745.464,709.952,656.246,634.091,596.73,561.919,536.898,519.626,492.539,471.689,458
81,13.0,2052.77,1528.588,1293.569,1161.118,1089.476,1020.951,966.32,889.564,862.607,815.408,761.591,725.454,692.81,665.259,639.435,609
81,13.5,2969.367,2222.543,1889.448,1686.754,1564.828,1453.36,1376.912,1257.741,1217.698,1154.668,1072.83,1014.057,978.731,933.089,904.91,584
81,14.0,4687.308,3497.295,2999.201,2692.118,2502.916,2328.108,2210.773,2042.106,1969.818,1861.994,1742.167,1647.354,1571.028,1510.792,1444.858,680
81,14.5,7290.056,5422.356,4597.892,4094.307,3795.669,3543.394,3368.8,3073.282,2963.115,2790.583,2603.886,2474.906,2375.009,2269.212,2184.638,796
81,15.0,10373.704,7707.335,6486.714,5715.121,5283.355,4903.49,4626.055,4211.237,4044.292,3794.624,3513.162,3335.467,3192.658,3055.757,2924.404,658
81,15.5,18860.698,14184.336,12131.747,11049.118,9994.283,9323.902,8889.926,8083.985,7844.694,7428.85,6981.286,6611.062,6332.76,6058.38,5744.134,248
81,16.0,35254.926,26098.884,22382.468,19839.46,18221.5,16988.772,16051.0,14655.192,14131.211,13334.288,12527.808,11889.913,11395.038,10939.905,10575.704,212
81,16.5,52024.548,38546.471,32608.602,29064.421,26735.012,24916.123,23610.2,21680.878,20906.566,19686.588,18275.148,17628.064,17048.78,16410.747,15982.164,272
81,17.0,92733.136,69725.039,59115.131,52616.732,48623.258,45339.193,42842.19,39094.541,37788.43,36098.438,33214.045,31917.508,30694.457,29687.36,28466.808,296
81,17.5,134379.391,98694.336,82945.258,73523.766,67860.227,63611.445,60687.223,55252.309,52934.84,50936.543,47540.121,45222.203,42523.188,40562.953,39372.805,297
81,18.0,197101.898,145228.672,122636.532,108569.32,98006.418,90770.883,85869.192,78063.55,75086.122,70306.109,65289.446,61910.28,59236.108,56495.604,54566.544,438
81,18.5,262198.594,192760.062,164390.078,145609.078,132595.844,123818.797,118055.281,106797.164,103104.758,97880.859,92890.148,88424.281,85162.93,81461.094,77393.734,315
81,19.0,489646.25,357698.969,300609.188,261523.641,245673.531,222241.688,207090.75,185466.625,179433.25,169196.531,165997.859,164140.484,161986.781,160223.953,160191.359,41
82,3.0,28.343,32.716,39.072,44.368,45.74,46.917,48.73,52.056,53.21,55.183,58.246,61.009,63.974,67.254,69.799,12
82,3.5,28.381,32.445,36.613,42.239,43.68,44.912,47.263,50.399,51.257,53.015,55.638,57.95,59.75,62.171,65.304,33
82,4.0,35.721,38.722,39.766,42.775,45.0,47.133,49.656,53.196,53.84,54.461,58.671,61.491,62.558,64.924,68.049,57
82,4.5,51.206,48.384,51.626,54.5,56.348,59.144,61.342,63.357,63.93,66.225,68.573,71.137,73.614,75.456,78.363,84
82,5.0,54.302,54.766,60.751,65.121,66.815,68.715,72.617,75.672,76.325,77.527,79.721,79.28,81.041,85.073,88.78,129
82,5.5,61.772,59.252,64.722,68.99,71.181,72.932,76.098,80.368,81.381,82.655,85.806,87.944,88.386,90.574,92.689,288
82,6.0,70.346,66.487,68.516,70.374,72.913,75.853,79.513,84.282,84.98,85.711,89.68,92.35,95.22,96.879,99.986,246
82,6.5,81.122,65.956,60.83,58.274,58.111,58.868,59.152,58.277,57.95,57.829,58.358,60.338,60.026,62.481,61.146,133
82,7.0,101.262,81.715,71.712,68.418,67.318,67.108,67.06,66.944,67.694,68.186,67.521,67.029,67.444,69.94,71.398,166
82,7.5,111.596,88.272,78.068,71.43,68.339,66.097,64.701,62.096,62.018,62.838,62.352,62.256,62.274,63.342,63.122,258
82,8.0,142.833,123.129,118.741,118.442,121.397,123.593,126.158,130.282,131.014,133.97,139.54,142.291,144.398,147.262,151.362,1125
82,8.5,166.474,140.822,133.632,132.678,133.818,137.198,139.545,142.215,143.46,145.694,152.092,155.372,158.051,159.993,164.498,988
82,9.0,204.509,165.036,149.91,141.1,138.302,137.253,135.621,133.13,131.595,131.801,133.306,133.191,134.567,135.668,135.861,581
82,9.5,255.357,195.93,169.691,155.163,147.074,139.258,135.405,129.123,126.903,124.774,118.451,114.38,113.009,112.863,111.282,448
82,10.0,317.922,238.182,204.066,183.539,171.128,161.471,155.436,144.18,140.981,135.126,129.521,125.94,124.821,122.117,120.608,457
82,10.5,418.993,311.816,265.264,238.545,220.323,208.996,199.114,181.925,177.524,168.556,161.676,156.011,153.068,150.246,147.517,377
82,11.0,543.322,406.06,347.447,311.274,288.336,273.301,260.974,241.004,235.734,223.658,211.444,204.248,198.107,192.566,189.737,408
82,11.5,754.019,556.853,486.111,441.625,408.924,383.74,371.511,341.729,332.443,316.224,299.72,289.029,282.062,269.863,265.391,387
82,12.0,1022.065,774.64,663.107,597.479,550.137,511.219,483.807,445.65,432.331,408.071,385.507,365.026,352.385,340.643,326.443,385
82,12.5,1414.104,1045.876,890.564,796.132,737.236,690.043,648.764,600.258,581.812,543.696,506.42,473.742,455.173,435.308,418.996,408
82,13.0,2030.713,1513.534,1289.286,1151.891,1052.29,983.763,925.065,841.438,810.898,757.167,704.352,663.023,633.027,602.273,579.512,592
82,13.5,2976.899,2205.064,1871.786,1651.347,1511.657,1414.1,1331.291,1209.333,1166.044,1082.668,1001.079,936.495,890.457,839.81,803.508,510
82,14.0,4634.396,3472.13,2919.11,2591.058,2380.978,2202.409,2057.648,1862.926,1803.606,1694.269,1564.911,1452.617,1385.736,1311.585,1249.11,622
82,14.5,7192.815,5309.35,4487.49,3966.091,3600.656,3368.508,3159.496,2869.022,2742.154,2547.722,2339.181,2200.65,2078.323,1967.151,1862.298,754
82,15.0,9844.598,7347.224,6234.149,5507.106,4993.673,4624.566,4363.544,3948.248,3791.839,3520.416,3256.991,3048.032,2876.659,2718.056,2547.723,542
82,15.5,16627.74,12121.876,10243.457,8979.049,8225.429,7553.276,7179.918,6382.484,6058.183,5698.87,5347.417,5100.554,4932.204,4584.327,4363.124,227
82,16.0,28878.972,21249.712,17888.197,15888.93,14679.297,13661.678,12729.851,11667.408,11273.984,10597.678,9760.312,9239.778,8914.598,8487.31,8011.41,226
82,16.5,46324.961,33822.527,28625.527,25246.496,23198.25,21703.031,20353.855,18379.805,17607.416,16417.797,15206.027,14217.176,13610.072,12948.845,12260.83,261
82,17.0,72866.367,54104.805,45028.391,39842.43,36365.023,34264.43,32159.729,29108.684,27784.082,26361.643,24199.568,22807.678,21933.219,21032.541,20352.436,279
82,17.5,113893.875,84188.102,70162.016,61802.148,56623.566,52214.617,49334.91,44421.703,42584.152,40132.309,36878.367,35339.09,33466.719,32009.891,29743.674,355
82,18.0,177072.188,130364.332,109309.484,96092.222,87658.528,81753.598,76850.399,69625.778,67413.254,63449.642,58595.064,54477.34,52009.617,48677.85,46482.114,504
82,18.5,269022.906,196458.578,163051.672,144146.453,132331.328,123136.75,115325.062,104333.148,99782.797,92991.227,86195.484,81280.617,77557.352,74071.078,70508.234,711
82,19.0,375496.719,276231.875,231305.75,202087.984,183261.5,169726.562,160606.594,144303.547,138285.422,130256.664,120695.773,113451.297,107568.445,102595.156,97006.906,375
82,19.5,739461.188,527650.875,443563.344,391636.781,358562.562,330968.0,308236.531,276207.75,265432.188,248328.922,229316.953,226945.703,236445.875,250890.656,266339.062,17
82,20.0,1133862.5,940807.5,803568.812,711599.438,652143.75,600478.375,560575.75,502633.781,480304.5,443185.812,403612.0,403725.094,406941.25,396152.875,376605.062,27
82,20.5,2350108.375,1712992.812,1459819.312,1309229.125,1187325.219,1113858.875,1057811.688,977068.844,945380.844,898152.187,847649.75,811167.281,783804.406,755346.719,729965.375,12
83,2.5,26.864,31.213,34.236,37.524,39.293,40.868,42.635,45.412,46.442,48.318,51.289,53.805,56.168,58.876,59.01,10
83,3.0,25.982,27.396,31.7,35.368,35.956,36.662,36.335,36.738,36.894,37.671,39.455,40.82,41.689,43.855,46.269,18
83,3.5,30.794,31.937,33.738,36.424,37.772,38.954,40.356,42.156,42.382,43.784,46.31,48.344,49.832,52.03,54.994,30
83,4.0,34.647,34.192,40.312,41.304,43.58,45.251,47.831,50.873,51.695,53.072,55.778,57.669,59.201,60.966,63.845,49
83,4.5,46.031,47.86,49.392,53.042,55.068,56.572,58.817,60.816,61.176,61.646,65.731,67.242,68.617,70.298,72.621,83
83,5.0,59.161,58.346,60.673,62.17,65.512,67.65,70.89,74.932,75.64,77.691,82.532,85.388,87.154,88.955,89.895,129
83,5.5,66.372,62.022,65.067,67.732,70.113,73.195,76.779,81.37,82.512,84.168,87.736,90.5,92.194,92.986,95.209,262
83,6.0,70.573,66.844,68.236,71.549,73.907,78.341,80.394,83.917,85.291,87.174,91.531,94.909,96.533,98.757,100.38,255
83,6.5,85.096,71.538,64.628,62.179,64.107,64.494,65.738,65.412,66.754,68.604,70.124,70.686,73.928,76.961,74.846,141
83,7.0,94.348,75.088,66.707,62.198,60.761,59.0,56.397,54.512,55.296,54.149,54.819,54.798,55.924,54.391,56.52,155
83,7.5,107.97,83.741,73.946,65.937,62.675,60.327,59.093,56.488,54.711,53.674,52.208,52.702,51.527,51.246,50.62,193
83,8.0,143.037,121.854,116.295,116.094,119.19,122.449,125.731,128.397,129.704,134.054,139.879,142.09,142.786,144.711,147.606,1075
83,8.5,165.432,139.41,133.639,130.652,132.135,133.871,136.51,139.853,140.552,145.416,149.936,151.3,153.878,153.481,152.346,937
83,9.0,198.929,158.723,142.638,134.625,129.445,126.012,124.426,121.071,120.018,120.406,121.55,121.736,120.091,116.614,116.659,523
83,9.5,248.218,191.481,167.352,151.412,140.556,134.885,131.633,125.479,123.618,119.584,113.974,111.929,110.326,109.404,105.18,404
83,10.0,308.697,229.628,195.534,175.388,160.055,149.007,141.722,131.006,127.194,120.15,115.94,112.403,109.315,104.516,101.152,448
83,10.5,402.582,296.295,248.948,218.709,198.699,183.591,172.9,157.471,152.222,142.917,133.33,124.979,120.942,115.684,110.263,475
83,11.0,522.462,380.681,320.338,280.685,255.55,236.169,221.196,200.917,191.2,178.24,164.585,155.495,148.993,142.532,136.122,585
83,11.5,696.092,502.299,418.796,368.564,333.675,307.795,287.168,258.749,247.991,229.535,210.697,196.105,184.502,174.12,164.834,739
83,12.0,910.052,658.416,550.416,483.243,438.553,404.586,380.38,339.282,324.334,300.663,275.051,256.978,243.112,229.577,214.556,708
83,12.5,1374.169,993.923,827.376,726.179,665.268,611.142,570.844,511.964,487.76,453.884,414.377,384.08,363.826,342.82,324.59,468
83,13.0,1847.035,1365.906,1151.749,1017.496,927.982,855.454,804.188,723.076,691.864,645.484,598.197,561.94,534.736,507.032,475.874,518
83,13.5,2894.598,2163.872,1853.27,1643.898,1509.211,1394.988,1324.224,1211.42,1170.496,1094.154,1011.194,970.558,934.735,871.696,817.058,320
83,14.0,4449.27,3313.392,2806.494,2493.75,2283.252,2123.388,1988.451,1803.829,1743.185,1634.68,1497.559,1393.901,1305.66,1255.789,1197.521,368
83,14.5,6629.637,4872.326,4067.407,3612.368,3259.156,3017.764,2826.49,2521.022,2425.864,2245.998,2074.858,1926.882,1817.122,1707.361,1592.282,450
83,15.0,9914.309,7285.192,6089.894,5376.334,4885.818,4491.398,4219.224,3808.998,3660.221,3373.994,3065.747,2858.747,2702.935,2546.344,2388.625,406
83,15.5,15552.583,11318.675,9487.638,8309.905,7606.959,6976.748,6484.244,5794.922,5541.417,5115.352,4668.175,4334.114,4092.802,3833.412,3588.669,283
83,16.0,26752.947,19280.336,16144.124,14077.681,12762.723,11793.711,11063.829,9917.893,9503.942,8846.633,8129.786,7515.752,7020.874,6613.498,6129.729,261
83,16.5,46811.307,33637.044,28096.677,24517.256,22186.719,20539.859,19122.341,17064.439,16377.525,15295.465,14125.153,13221.81,12423.918,11736.575,10842.586,306
83,17.0,67349.457,48636.059,39912.012,34916.082,31550.379,29318.546,27540.594,24740.79,23635.776,22070.092,20369.17,19047.11,17860.116,16968.936,16012.714,296
83,17.5,102909.492,74779.762,62266.578,54717.779,49432.265,45583.159,42730.66,37957.232,36280.818,33619.551,31084.873,29152.884,27523.588,25727.108,24223.844,332
83,18.0,165225.234,117916.07,97230.055,84715.898,76703.547,70808.766,66403.688,59522.477,56602.07,52350.547,48286.391,44401.809,42108.203,39116.402,36390.152,535
83,18.5,242883.219,175734.39,145427.852,127042.293,114538.187,105817.172,98920.066,88589.132,84752.554,78474.558,71298.734,66303.769,62410.636,58217.845,53974.963,760
83,19.0,345045.297,248266.219,205405.828,180804.82,163473.203,151800.188,142330.844,127917.66,122810.945,113520.09,103616.594,95033.968,89238.402,84045.046,78410.879,428
83,19.5,794229.969,578654.5,486489.469,433648.562,402630.343,376383.562,356165.593,326455.484,314587.344,301575.797,292139.25,284878.25,273108.406,256214.024,239771.828,20
83,20.0,1080083.125,793383.969,673758.438,605326.094,562011.875,527587.906,500121.547,458205.641,442597.625,418216.796,394387.594,386288.0,366361.875,345722.703,326488.953,14
84,3.0,33.58,36.527,37.87,40.004,41.129,41.681,43.352,43.111,42.981,43.192,44.025,45.012,46.183,47.849,49.56,15
84,3.5,33.587,43.206,44.221,49.183,51.147,52.174,53.584,57.286,58.13,59.655,61.748,63.183,65.925,67.194,70.134,21
84,4.0,34.894,34.154,37.195,39.051,41.51,42.348,44.116,47.264,47.978,49.232,51.498,53.501,55.295,57.776,60.77,50
84,4.5,42.588,43.06,47.554,49.042,51.291,53.206,55.41,58.514,59.518,61.834,65.613,67.598,69.676,72.158,75.503,104
84,5.0,57.982,61.154,63.561,67.932,68.747,69.922,71.648,75.073,75.542,77.839,80.544,82.685,83.807,84.882,88.715,140
84,5.5,62.724,62.158,66.828,69.876,72.724,75.56,78.896,81.34,82.75,84.622,87.802,89.394,91.518,93.892,95.193,256
84,6.0,67.984,63.908,66.912,69.61,71.925,74.718,77.835,80.469,81.752,83.961,88.736,91.065,92.543,93.605,95.566,269
84,6.5,80.742,66.815,62.328,61.702,60.246,62.501,62.625,61.429,61.911,65.997,70.258,73.067,75.178,71.125,67.91,157
84,7.0,91.384,71.806,65.458,61.298,58.712,56.98,56.107,54.874,54.287,54.822,54.603,54.486,55.597,54.886,54.026,168
84,7.5,110.272,86.307,77.98,73.165,69.547,69.257,66.936,65.232,63.903,63.782,65.739,66.1,66.412,68.487,67.798,221
84,8.0,141.457,120.355,116.29,115.926,118.013,122.001,125.044,128.736,129.63,133.129,138.609,141.785,142.806,144.344,146.738,1116
84,8.5,163.896,137.901,129.658,128.349,130.255,130.806,132.73,134.007,134.988,136.743,139.272,140.783,140.565,139.437,137.452,1067
84,9.0,197.312,152.345,133.757,123.654,117.968,111.728,108.848,103.725,102.918,100.118,97.506,95.52,95.244,94.36,92.382,796
84,9.5,245.77,183.569,155.984,141.1,131.387,123.65,117.61,110.001,107.341,103.059,99.073,96.883,94.963,93.964,91.905,838
84,10.0,306.654,225.061,191.194,170.517,157.735,147.74,139.958,128.976,125.003,118.343,111.95,107.272,104.07,101.007,98.14,907
84,10.5,388.741,283.936,238.568,211.214,194.081,180.672,170.353,156.462,151.436,143.22,134.86,129.155,125.282,122.015,118.176,982
84,11.0,504.3,368.56,310.277,275.414,253.929,236.307,222.872,204.164,197.119,186.34,174.535,166.574,161.467,156.234,151.959,774
84,11.5,669.946,490.216,415.415,368.168,336.935,313.751,295.973,271.726,262.612,248.645,232.524,221.702,213.815,207.442,200.74,665
84,12.0,915.919,670.179,568.054,499.706,456.142,425.85,400.824,365.195,351.897,331.403,310.217,297.303,287.736,277.376,268.65,531
84,12.5,1320.936,973.049,819.662,724.764,656.13,610.516,577.152,525.946,508.882,475.944,447.306,426.447,415.396,400.047,383.84,450
84,13.0,1851.602,1363.792,1164.496,1037.144,955.584,887.846,842.308,776.49,749.31,709.148,661.848,637.417,616.213,595.456,572.272,468
84,13.5,2633.43,1960.008,1657.205,1465.648,1344.645,1257.127,1188.981,1087.482,1048.954,987.202,928.456,884.561,848.426,813.313,785.971,372
84,14.0,4088.091,3056.899,2604.754,2398.837,2246.168,2103.45,2002.854,1841.526,1781.569,1684.68,1570.532,1467.025,1453.52,1362.689,1284.6,252
84,14.5,6416.709,4794.803,4089.365,3607.417,3309.094,3092.362,2916.306,2664.718,2568.026,2411.541,2302.437,2170.159,2100.503,2029.753,1962.105,201
84,15.0,9682.435,7214.865,6143.22,5508.932,5085.496,4727.559,4465.75,4074.041,3984.407,3754.087,3527.165,3302.201,3137.913,3012.095,2847.713,165
84,15.5,16969.024,12486.069,10572.402,9463.12,8749.078,8151.095,7749.408,7203.451,6983.038,6504.704,6022.116,5678.656,5509.814,5241.227,4934.121,132
84,16.0,29936.598,21963.848,18837.806,16665.39,15262.722,14157.626,13452.534,12295.469,11857.886,11146.58,10287.461,9778.509,9399.716,8930.986,8550.386,214
84,16.5,50704.14,37029.196,31613.472,28256.361,25842.001,24191.85,22902.386,20887.724,20059.541,18834.016,17532.651,16679.008,16124.476,15390.158,14823.074,302
84,17.0,73303.472,54072.68,44891.518,39786.202,36430.461,34208.236,32246.45,29124.56,27834.359,26236.236,24201.452,22995.836,21725.812,20458.426,19300.076,302
84,17.5,101939.414,76371.406,65000.652,57796.059,52460.785,48698.648,45015.965,40801.277,39305.324,36691.672,33748.762,31864.893,30388.33,28577.047,27126.428,245
84,18.0,173498.703,126947.469,106277.414,94100.031,86882.57,80363.648,75486.312,68220.25,65302.453,60323.16,55612.176,51850.68,48927.789,46932.91,44649.062,241
84,18.5,279367.547,202709.891,170164.226,149688.734,137926.992,127128.472,119847.359,108636.258,104884.0,98327.012,91132.109,86015.129,81283.852,77324.402,73968.976,304
84,19.0,384081.25,281859.328,239921.602,212989.836,190613.148,176459.086,166349.352,148646.054,141768.664,132269.086,122968.184,115764.703,110092.309,104187.43,99224.204,248
85,3.0,35.083,39.673,39.583,40.858,42.735,44.129,44.984,43.623,43.132,42.531,44.34,46.354,47.103,49.396,52.107,17
85,3.5,32.821,39.421,39.073,40.057,43.241,46.805,50.087,53.862,54.203,56.506,60.939,63.587,63.334,65.598,68.588,25
85,4.0,33.634,36.773,40.202,43.835,46.511,49.837,53.316,56.823,57.541,59.57,62.644,64.099,67.054,68.784,68.788,49
85,4.5,41.994,43.976,48.646,53.248,55.774,58.126,61.348,64.879,65.849,68.098,71.368,73.77,75.522,77.556,80.059,94
85,5.0,57.783,58.999,61.73,68.976,71.431,74.383,77.546,81.943,83.012,85.956,88.803,91.358,94.207,95.145,96.931,161
85,5.5,60.652,60.628,65.119,69.05,71.469,72.984,76.304,79.777,81.841,84.295,87.837,89.109,90.748,93.521,96.256,283
85,6.0,67.094,64.886,69.295,71.69,74.323,76.458,78.966,83.656,83.956,86.139,90.927,94.527,96.386,99.273,101.034,289
85,6.5,84.064,71.312,69.894,70.256,69.311,69.136,69.203,71.285,72.258,73.555,76.754,78.594,79.411,79.239,80.266,158
85,7.0,94.298,75.528,67.102,62.862,61.269,59.827,59.504,59.028,58.489,58.327,60.632,60.814,60.54,59.958,58.862,168
85,7.5,111.52,93.077,86.068,82.024,79.71,77.836,76.906,75.284,74.958,74.826,73.279,73.227,73.856,75.148,76.054,216
85,8.0,143.374,123.397,119.872,120.264,122.878,126.504,129.74,133.858,135.51,139.224,145.004,146.781,147.616,150.734,151.363,1108
85,8.5,164.653,138.951,131.614,130.209,131.901,135.324,137.838,140.022,140.684,142.749,146.542,146.931,147.102,146.668,147.375,1049
85,9.0,202.079,158.48,140.924,130.249,125.132,120.508,118.034,115.704,114.774,112.638,111.584,111.482,109.878,108.239,106.582,730
85,9.5,248.093,186.802,161.126,145.837,136.862,130.247,125.589,119.253,116.525,112.769,108.633,105.868,105.498,104.739,102.791,799
85,10.0,311.15,232.064,198.297,178.025,164.993,155.447,148.973,139.206,135.148,130.104,125.256,121.519,119.577,117.244,116.375,891
85,10.5,396.094,291.689,247.618,220.834,204.525,191.66,182.409,169.719,165.547,158.477,151.232,146.467,143.57,140.372,138.405,979
85,11.0,514.959,380.399,324.102,288.968,268.248,250.815,238.688,220.815,214.616,204.342,194.6,188.548,185.178,181.09,178.167,816
85,11.5,687.637,509.867,434.67,387.184,358.962,337.402,319.581,296.22,288.189,276.34,262.885,253.631,248.705,243.376,241.215,697
85,12.0,942.613,697.33,593.207,529.684,489.122,456.954,432.739,401.844,386.902,369.057,348.464,335.181,329.163,323.132,318.672,529
85,12.5,1341.859,1001.281,849.919,757.089,698.816,657.249,624.919,577.214,562.435,536.902,511.637,490.477,475.864,460.102,448.668,427
85,13.0,1909.128,1436.2,1225.705,1099.541,1012.867,957.303,903.616,830.064,810.809,773.733,732.294,703.207,690.127,683.681,671.548,480
85,13.5,2682.103,2018.148,1715.864,1540.868,1426.784,1354.805,1293.999,1186.933,1150.003,1102.134,1057.219,1012.834,1010.109,982.546,953.582,401
85,14.0,4264.286,3241.91,2810.1,2544.207,2388.761,2237.747,2166.612,2031.764,1975.059,1883.867,1771.812,1677.0,1621.61,1539.318,1481.566,297
85,14.5,6758.721,5071.837,4318.924,3892.938,3618.203,3435.478,3249.019,3000.243,2899.307,2771.914,2735.297,2667.182,2560.261,2451.802,2371.358,235
85,15.0,10099.748,7576.131,6481.442,5867.361,5487.438,5154.862,4854.626,4461.482,4373.14,4135.117,3869.668,3680.472,3540.901,3424.316,3301.212,172
85,15.5,17643.448,13283.188,11205.22,10068.203,9305.008,8635.214,8115.41,7403.617,7173.966,6720.578,6329.502,6051.938,5965.482,5723.691,5517.644,130
85,16.0,30897.026,22945.27,19658.318,17597.823,16323.982,15359.502,14608.872,13343.152,12878.804,12164.75,11272.933,10641.953,10101.18,9715.274,9586.617,200
85,16.5,50409.594,36836.043,31495.047,28626.639,26505.252,25144.83,23840.877,21824.01,21029.316,19753.205,18787.77,17996.234,17581.922,16574.494,16122.818,285
85,17.0,73351.312,54564.039,47036.656,42670.055,39041.566,36568.371,34657.684,31822.598,30716.857,29259.697,27377.121,25940.477,24890.494,23791.678,23310.285,273
85,17.5,105896.273,79303.477,67403.125,60324.246,54356.746,50458.219,47955.914,45057.148,43864.844,40764.719,38427.836,36694.82,35472.875,34206.371,33112.324,233
85,18.0,170333.578,124477.086,107289.844,96088.102,89345.258,83217.461,78625.695,71664.664,69528.266,65678.883,62862.508,59454.871,57054.344,54487.449,53517.289,233
85,18.5,311600.312,229323.516,191941.047,172249.609,159851.281,151618.125,142959.578,131017.625,127123.25,119013.516,110493.453,105118.039,101859.547,98600.688,95942.742,325
85,19.0,456803.704,336073.984,289755.407,254478.719,234181.898,219951.946,208018.219,188328.961,182547.102,174768.602,164166.196,155595.906,149965.304,142628.516,135343.406,228
86,3.0,38.396,42.343,43.093,45.916,47.673,48.714,50.467,53.733,54.761,57.519,60.106,62.653,66.426,69.22,72.564,13
86,3.5,34.59,37.35,42.933,44.042,45.727,46.782,48.682,52.004,53.266,56.056,59.753,62.902,65.283,68.765,72.901,19
86,4.0,47.001,51.364,57.4,63.084,66.647,70.322,74.182,77.812,79.581,81.622,86.004,88.636,90.884,93.25,97.264,48
86,4.5,46.717,47.425,52.451,58.765,61.715,63.117,66.013,70.391,70.154,72.772,76.162,78.139,79.762,80.948,84.623,79
86,5.0,58.982,59.251,65.027,70.077,73.722,77.375,78.471,82.058,83.257,84.226,86.196,87.821,88.421,90.264,93.314,148
86,5.5,66.858,65.51,70.827,76.214,79.466,82.851,86.714,90.943,92.085,93.634,96.918,100.029,100.771,102.067,104.672,243
86,6.0,67.721,66.512,72.403,76.128,79.562,82.385,85.941,89.734,91.011,91.396,96.394,99.505,101.707,101.764,103.674,264
86,6.5,81.579,69.34,64.006,61.373,59.374,60.257,60.238,60.245,60.668,61.498,62.831,63.423,62.398,63.433,66.326,134
86,7.0,94.719,78.35,70.916,65.476,64.744,63.54,63.335,62.29,62.512,64.602,64.652,65.785,64.08,64.474,65.925,146
86,7.5,112.896,90.474,81.672,76.869,72.982,71.697,69.857,66.124,64.999,62.833,62.386,59.463,57.999,57.474,57.322,198
86,8.0,146.612,126.268,123.302,123.263,125.311,128.31,131.526,135.148,135.924,138.759,143.867,146.964,147.824,149.766,152.383,1055
86,8.5,166.916,141.231,135.639,134.915,136.506,137.428,139.614,139.526,139.964,142.654,144.861,144.444,143.747,143.459,142.52,997
86,9.0,202.729,160.511,144.311,135.503,133.413,130.908,128.117,124.291,123.726,123.608,121.579,120.692,119.247,118.028,116.593,705
86,9.5,249.075,188.194,163.656,148.887,139.928,132.972,128.218,121.18,119.582,115.737,113.258,111.311,108.943,107.751,105.566,742
86,10.0,313.895,235.393,201.86,182.108,171.205,162.924,155.864,146.9,143.55,138.7,133.328,129.567,127.922,125.942,123.277,876
86,10.5,398.977,297.077,255.692,229.51,213.978,201.654,192.355,179.174,174.262,166.936,159.622,156.061,152.613,149.63,147.15,945
86,11.0,527.605,391.658,334.178,300.911,280.532,263.673,252.9,235.885,229.698,220.121,210.09,204.606,201.104,200.337,198.455,829
86,11.5,700.335,521.173,445.119,400.185,373.188,351.871,336.794,315.435,306.799,295.677,284.257,275.631,270.76,266.396,263.354,697
86,12.0,976.635,728.399,628.849,566.5,527.208,495.845,475.64,444.27,433.535,415.74,400.77,388.187,377.218,370.987,362.143,597
86,12.5,1383.26,1028.675,884.748,797.621,742.02,698.538,663.575,613.786,600.952,574.272,541.261,524.261,518.319,510.85,502.497,448
86,13.0,1986.257,1497.288,1283.979,1159.672,1088.648,1035.196,985.194,915.263,890.75,853.176,820.369,787.152,769.182,751.267,740.518,492
86,13.5,2797.428,2100.909,1831.296,1655.262,1560.708,1479.693,1422.524,1315.803,1283.374,1231.92,1161.907,1111.55,1068.85,1036.535,1016.312,445
86,14.0,4569.242,3454.593,2975.16,2728.376,2599.805,2471.51,2368.35,2251.672,2174.608,2113.257,2017.848,1922.125,1840.58,1752.437,1725.934,323
86,14.5,7117.004,5357.805,4596.648,4173.088,3875.841,3650.883,3509.904,3305.172,3198.178,3081.914,2948.442,2790.055,2693.106,2545.896,2419.891,236
86,15.0,10874.169,8088.97,6815.897,6187.782,5777.646,5514.572,5262.296,4875.978,4718.974,4529.762,4286.136,4116.039,3994.356,3897.997,3765.462,193
86,15.5,18186.548,14174.482,12147.206,11119.343,10259.64,9585.054,9093.712,8419.186,8226.33,7725.48,7359.88,6956.222,6654.841,6347.212,6079.27,152
86,16.0,35655.244,26075.056,22248.194,20066.204,18745.121,17463.008,16534.488,15495.926,15019.884,14351.339,13645.594,12884.82,12346.508,11648.486,11176.154,254
86,16.5,52851.598,39540.527,33735.57,30171.477,28471.281,26627.65,25137.328,23364.986,22679.611,21234.494,19908.426,19129.744,18502.051,17793.391,17217.77,321
86,17.0,78361.375,58295.004,49638.371,44620.652,41613.508,38940.348,36733.078,33830.75,32550.734,30917.67,29035.721,27443.26,26494.324,25544.551,24817.318,297
86,17.5,119115.398,89940.344,76669.883,68147.914,63554.008,59953.465,56623.703,51883.344,50285.457,47735.797,44535.691,42189.238,41124.98,39608.484,38165.344,357
86,18.0,188881.688,138580.125,117810.297,104839.398,97738.758,91123.773,86955.102,80100.617,77403.039,73125.328,67511.0,64683.699,63852.484,62090.078,58226.281,209
86,18.5,315801.281,232722.656,198766.75,179565.672,165521.516,157020.109,150085.312,138293.219,133314.953,125386.312,116116.102,110216.797,106312.93,102119.008,99331.812,301
86,19.0,375503.078,274160.922,234989.906,210380.711,198790.312,186553.086,179413.32,161548.078,155865.977,147419.336,138258.242,130969.262,126219.324,121915.278,119112.328,222
87,3.0,32.28,41.158,43.082,44.677,46.929,48.48,50.255,52.276,53.848,55.376,57.925,58.96,59.872,60.238,59.356,20
87,3.5,35.448,40.836,37.906,39.173,39.758,38.927,40.562,42.847,43.569,45.084,48.78,50.229,52.042,54.26,56.86,27
87,4.0,35.693,39.859,43.066,45.894,47.909,49.792,52.437,54.761,55.881,57.631,60.544,63.023,66.379,67.827,70.94,49
87,4.5,48.852,52.943,54.663,59.46,61.642,64.284,67.437,70.608,70.331,72.292,77.844,80.107,81.553,85.005,86.33,81
87,5.0,60.014,60.734,65.655,71.186,74.353,76.865,79.901,83.567,85.131,87.766,88.87,91.349,95.481,96.46,98.616,149
87,5.5,64.213,63.462,65.75,69.564,72.114,75.325,78.936,81.517,82.98,85.516,89.15,92.275,94.725,97.954,101.282,283
87,6.0,72.417,70.2,75.328,77.871,81.176,84.316,86.746,90.348,92.177,94.32,97.25,99.38,101.613,102.28,105.084,320
87,6.5,80.383,70.595,68.158,69.877,70.965,73.117,73.728,73.957,72.635,68.983,70.513,68.443,67.094,68.311,69.043,175
87,7.0,94.751,75.808,68.483,64.921,62.241,60.37,59.206,57.743,57.384,56.786,56.436,55.701,56.334,54.417,52.062,151
87,7.5,108.898,86.962,77.042,72.339,70.113,67.88,65.857,64.022,63.536,62.556,61.05,59.969,60.375,58.78,58.454,202
87,8.0,141.664,121.77,118.398,119.027,123.809,126.451,130.052,134.11,135.376,138.989,144.63,146.022,147.356,149.262,150.562,1140
87,8.5,164.171,137.721,130.2,128.73,131.132,134.227,136.499,139.033,141.217,145.036,149.726,150.076,150.8,153.304,153.32,1073
87,9.0,197.454,153.495,136.512,126.439,120.799,116.16,113.913,111.765,109.871,107.546,106.067,105.961,104.148,100.205,95.243,755
87,9.5,243.02,182.574,156.701,141.344,132.298,125.311,119.237,112.302,109.312,104.78,100.707,98.354,96.692,93.339,90.881,763
87,10.0,307.03,228.739,194.81,173.381,160.181,149.933,142.7,131.916,128.038,122.025,115.012,110.662,106.479,102.688,99.653,865
87,10.5,395.138,292.8,247.635,219.913,202.287,188.879,179.62,165.818,160.467,151.743,142.666,136.806,132.218,127.306,124.106,899
87,11.0,516.567,378.76,319.216,283.12,260.338,242.339,229.036,209.566,201.193,189.704,176.327,168.422,161.283,155.567,150.201,901
87,11.5,686.141,504.246,426.958,378.503,348.026,325.141,308.893,280.921,272.942,258.405,241.233,229.884,220.976,211.494,204.776,813
87,12.0,948.319,692.241,582.004,516.612,472.963,441.429,414.762,381.564,367.233,345.526,322.301,304.036,289.686,275.348,262.142,891
87,12.5,1261.501,936.242,796.846,706.898,651.585,609.432,577.056,533.067,512.45,484.594,454.471,433.593,413.806,395.587,372.113,649
87,13.0,1964.858,1506.118,1321.694,1223.97,1162.466,1116.988,1072.616,1021.939,1002.422,977.179,946.724,905.88,865.944,845.547,816.983,456
87,13.5,2840.964,2145.198,1884.884,1711.094,1593.697,1522.564,1455.224,1362.308,1343.097,1302.672,1212.434,1157.625,1113.026,1059.192,1022.26,386
87,14.0,4188.502,3173.133,2736.293,2481.264,2307.078,2197.15,2085.765,1907.596,1850.886,1755.928,1662.109,1595.11,1528.883,1448.015,1361.812,196
87,14.5,6637.476,5043.096,4408.074,3964.253,3641.506,3433.223,3288.88,3017.005,2900.249,2751.919,2563.975,2312.047,2201.152,2120.135,2021.552,132
87,15.0,10749.861,8125.413,7044.259,6421.653,5939.668,5652.996,5348.243,4939.523,4804.085,4557.18,4273.435,3989.162,3750.682,3489.52,3266.338,123
87,15.5,16216.399,12003.276,10228.824,9227.677,8482.598,7907.163,7687.37,6985.226,6724.351,6203.094,5832.017,5544.924,5334.562,5002.141,4560.933,125
87,16.0,28216.916,21478.398,18042.943,16327.712,14897.581,13658.234,12819.615,11324.449,10901.806,10321.209,9458.316,8629.494,8128.37,7464.384,7036.616,135
87,16.5,44396.443,33015.545,27978.48,24682.214,22350.072,20881.178,19701.688,18112.948,17546.515,16392.99,15626.732,14831.85,14215.43,13660.271,13117.719,128
87,17.0,64034.305,47129.016,40081.812,35953.996,32672.699,30215.555,28787.457,26259.812,25301.195,23846.281,22296.32,20644.336,19770.031,18741.621,17536.512,165
87,17.5,125697.227,94828.852,80036.344,70171.703,64240.891,60252.406,57244.75,52049.344,50422.848,47404.176,44342.211,41993.332,40222.23,38205.789,35678.625,175
87,18.0,196438.391,146141.758,122209.027,106506.871,97841.394,90325.766,84700.992,76286.778,72945.367,67417.886,61517.736,57588.008,54069.754,51315.718,48854.078,190
87,18.5,300241.781,222052.492,186114.328,164311.336,150059.828,140419.969,132603.922,121039.738,117372.469,110568.059,102074.016,95809.445,91251.758,87901.871,83986.102,332
87,19.0,417545.703,308518.312,259710.985,228974.391,209200.132,195008.64,184845.641,168491.328,162419.641,153747.398,143742.289,136789.562,130037.5,123726.988,115395.98,230
88,3.0,30.497,36.625,33.353,32.952,34.246,35.808,36.934,37.757,38.286,38.903,41.408,43.59,45.582,48.353,51.768,17
88,3.5,28.744,30.309,32.823,34.355,35.115,35.991,37.981,40.531,41.835,43.312,45.459,47.363,50.005,52.278,54.977,23
88,4.0,35.243,35.678,40.643,45.582,47.498,49.475,51.091,54.37,55.205,56.619,59.204,61.418,64.82,67.62,69.48,59
88,4.5,48.909,46.043,46.882,51.546,53.342,55.174,57.756,61.075,62.224,64.629,68.548,71.585,73.804,77.26,80.434,78
88,5.0,54.52,54.662,59.303,63.84,66.584,69.977,71.121,73.334,76.5,78.353,82.462,85.395,88.338,91.895,95.069,145
88,5.5,62.396,60.078,62.188,65.239,68.044,71.061,73.917,77.988,79.294,82.016,86.138,89.12,92.144,93.812,97.134,316
88,6.0,69.855,64.662,64.215,66.327,69.19,72.322,76.25,78.625,80.229,81.5,86.054,89.098,92.146,93.95,97.191,296
88,6.5,83.085,70.344,68.824,65.43,68.52,69.807,70.78,69.706,69.189,69.368,71.95,70.412,70.459,68.016,69.476,172
88,7.0,92.762,75.97,67.776,64.656,62.823,62.509,62.617,62.259,61.618,61.592,63.173,65.465,67.36,68.115,66.78,140
88,7.5,108.133,83.882,73.977,70.405,67.692,64.726,62.482,58.592,57.866,56.855,55.614,54.189,54.082,53.197,53.779,210
88,8.0,141.846,121.481,117.696,119.05,122.404,125.297,128.436,133.476,135.418,138.174,142.392,145.176,145.835,148.111,149.948,1172
88,8.5,163.11,134.953,127.07,126.708,129.223,131.511,134.402,136.829,138.556,143.78,146.985,149.98,152.265,154.677,154.885,1095
88,9.0,197.343,153.694,136.462,126.456,120.608,115.271,112.83,108.3,106.732,105.086,102.038,99.343,97.505,95.982,95.726,740
88,9.5,245.467,185.153,159.03,143.304,133.28,125.912,120.217,112.638,109.547,104.696,101.137,98.534,97.171,96.874,95.118,772
88,10.0,306.941,228.166,194.901,174.755,161.228,151.64,144.275,133.665,130.102,124.41,118.563,114.626,112.903,110.615,108.946,859
88,10.5,396.496,294.574,252.066,225.698,208.891,195.773,185.914,171.943,167.236,159.106,151.518,145.64,142.2,139.151,136.797,878
88,11.0,512.406,379.087,322.419,287.23,264.182,247.181,234.06,216.488,210.608,200.534,190.778,183.3,178.985,174.3,171.248,900
88,11.5,693.533,517.943,439.481,390.787,360.148,336.688,319.975,298.737,292.2,278.098,262.467,254.47,248.544,242.486,236.846,855
88,12.0,930.126,686.892,579.252,516.611,473.832,443.163,421.412,389.096,378.203,359.246,339.882,326.25,318.274,307.666,300.349,922
88,12.5,1246.748,914.706,779.798,702.355,649.863,609.527,580.834,531.906,517.423,492.284,466.71,448.131,434.208,424.282,413.55,686
88,13.0,1975.543,1527.031,1343.096,1229.88,1168.598,1124.871,1089.194,1028.93,1011.125,974.383,925.807,888.286,865.966,832.441,802.533,425
88,13.5,2816.074,2119.886,1829.211,1658.874,1537.742,1460.506,1398.304,1312.16,1292.592,1260.032,1199.21,1158.256,1109.134,1084.947,1059.95,336
88,14.0,4250.839,3294.544,2831.726,2566.032,2438.222,2343.876,2228.766,2072.21,2013.131,1893.396,1843.212,1797.166,1735.601,1617.458,1588.55,206
88,14.5,6934.418,5364.919,4747.364,4364.952,4094.392,3893.174,3743.349,3518.158,3445.392,3355.173,3159.542,3121.019,3048.73,2942.011,2789.315,130
88,15.0,10882.081,8498.518,7420.342,6712.062,6282.854,6128.59,5952.598,5561.438,5429.328,5213.17,4880.947,4658.747,4463.689,4228.996,4087.922,118
88,15.5,19501.586,14537.027,12681.136,11171.572,10264.037,9709.55,9261.266,8504.486,8242.454,7947.426,7436.641,7038.891,6779.353,6618.456,6234.29,121
88,16.0,33161.66,24807.873,21644.441,19250.465,17621.635,16276.357,15233.02,14062.472,13581.188,13014.835,12365.213,11752.78,11520.771,10994.689,10488.73,139
88,16.5,48952.041,36244.224,30803.444,26893.802,24866.19,23077.246,21666.142,19634.228,18850.831,17755.436,16914.408,16208.678,15853.147,15595.941,15006.864,140
88,17.0,69442.062,52468.148,44812.129,40545.043,37218.941,34057.039,32400.559,29918.402,28752.658,26662.697,24668.201,23297.764,22441.568,21645.363,20494.922,159
88,17.5,125793.242,93380.555,80922.609,71782.891,66548.398,61996.359,61414.16,55450.078,52775.656,49317.59,45983.242,43379.742,42078.383,39323.047,37761.879,169
88,18.0,197030.266,146181.219,123931.836,110548.602,101704.281,94842.953,90169.664,82528.109,80847.43,75661.266,70993.125,68333.672,65603.188,62426.496,59836.332,193
88,18.5,310067.062,229911.766,196071.859,173755.453,159503.484,150885.609,142082.328,128682.914,125203.914,117352.203,111084.672,107127.297,103350.406,97047.242,93849.828,299
88,19.0,418215.297,311854.875,266010.188,237767.758,221397.61,208325.406,195108.281,178179.484,174038.282,164935.0,154247.828,145903.945,140433.406,134305.906,128755.531,208
89,3.0,26.075,30.526,33.957,37.342,38.819,40.076,41.523,43.89,45.148,47.127,49.934,50.863,52.232,53.766,55.71,17
89,3.5,27.763,33.899,37.894,40.334,41.556,43.144,45.094,46.992,47.512,48.625,50.725,50.322,53.842,56.078,58.763,23
89,4.0,33.839,37.351,40.592,44.427,46.982,47.946,49.042,52.062,53.557,55.143,58.25,61.159,64.025,63.996,67.31,55
89,4.5,41.466,41.629,45.634,47.611,49.378,50.726,51.782,54.039,54.934,56.951,60.543,62.923,65.834,69.038,71.968,64
89,5.0,54.925,53.514,58.074,61.354,63.512,66.11,69.028,72.48,73.362,75.316,78.126,80.665,82.423,84.414,87.18,146
89,5.5,62.037,61.89,67.972,72.833,75.89,78.457,81.383,83.191,85.336,87.896,92.308,95.06,96.876,98.964,101.997,268
89,6.0,68.694,66.858,67.758,72.562,74.884,75.871,78.464,80.34,82.132,84.31,89.234,93.16,96.482,99.585,102.051,292
89,6.5,77.292,65.776,60.875,60.109,61.52,60.036,61.168,59.943,61.326,58.143,58.512,56.637,54.25,50.93,50.081,155
89,7.0,87.919,69.556,62.653,59.063,57.708,56.122,55.341,52.72,51.776,50.694,50.356,48.314,47.665,47.909,49.691,146
89,7.5,105.002,82.31,73.559,69.404,66.779,64.385,62.206,58.711,57.849,56.196,55.149,52.567,51.584,51.007,48.537,230
89,8.0,139.893,121.192,117.258,118.194,121.846,125.318,128.923,132.39,133.02,135.259,142.052,143.688,142.598,143.775,146.961,1082
89,8.5,161.429,133.635,125.871,125.348,126.693,128.884,130.252,134.497,135.301,138.699,140.857,142.072,141.171,142.701,145.012,1105
89,9.0,195.884,149.341,131.818,122.351,115.287,110.269,105.413,100.701,99.563,96.95,95.039,91.787,91.738,91.64,88.299,811
89,9.5,241.858,180.86,154.961,138.822,128.363,121.043,114.31,106.128,102.889,98.474,94.004,91.0,88.582,85.968,83.076,820
89,10.0,304.707,224.708,190.383,169.284,155.649,145.362,137.626,126.785,122.719,115.625,109.383,104.173,100.13,96.725,92.68,855
89,10.5,388.609,284.624,239.5,212.174,194.4,180.82,171.381,155.694,149.9,140.579,130.772,124.976,120.078,115.355,111.552,878
89,11.0,507.529,370.4,311.696,274.295,249.307,231.851,218.109,198.07,190.782,179.749,167.018,157.848,151.134,145.201,138.711,879
89,11.5,682.701,497.21,418.303,370.798,336.092,313.574,295.226,266.347,256.99,242.395,225.94,213.791,205.06,196.347,189.798,844
89,12.0,916.117,663.985,556.062,489.876,444.75,411.295,386.483,348.519,334.35,313.748,290.55,272.639,261.263,247.636,236.075,951
89,12.5,1234.405,903.63,756.397,669.501,609.397,565.572,531.435,481.035,461.672,431.989,400.322,379.936,358.086,340.008,325.228,692
89,13.0,1912.826,1473.944,1265.327,1139.724,1081.088,1029.36,985.146,929.058,892.552,852.92,819.755,789.61,769.328,733.064,695.017,424
89,13.5,2860.816,2119.649,1821.202,1667.514,1547.21,1454.62,1385.298,1293.145,1260.456,1208.326,1145.426,1115.706,1069.655,1011.216,968.254,338
89,14.0,4247.386,3231.174,2854.572,2588.093,2313.63,2179.4,2109.08,1894.738,1817.958,1713.819,1627.157,1520.888,1429.357,1377.298,1320.534,203
89,14.5,6637.322,4983.384,4203.467,3826.054,3504.797,3248.944,3067.878,2762.855,2673.075,2528.06,2353.543,2202.446,2165.979,2087.212,1923.448,92
89,15.0,10636.944,8300.359,7074.43,6330.93,5860.222,5561.424,5232.372,4706.406,4517.771,4248.365,3926.575,3557.33,3353.084,3149.798,2967.132,90
89,15.5,16029.352,11877.536,9820.796,8824.547,7973.758,7363.394,6991.62,6464.667,6201.344,5748.873,5358.734,5132.004,4904.684,4616.351,4421.613,88
89,16.0,30522.4,22297.402,19090.26,16720.592,14946.463,13725.21,12936.592,11808.441,10958.197,10165.103,9162.73,8542.129,8083.637,7588.854,7153.047,141
89,16.5,49183.965,38367.344,31525.623,28268.42,26393.416,24278.176,22910.928,20893.154,20150.061,18917.746,17639.621,16827.498,16156.568,15247.407,14464.156,181
89,17.0,70316.922,51052.445,43916.682,38612.082,35462.668,32756.06,30782.209,27995.816,27394.724,25549.877,23249.92,21457.391,20181.682,19093.381,17767.478,176
89,17.5,122381.012,89209.469,74371.566,65177.127,58711.922,53994.678,50289.752,44680.502,42651.528,39912.714,36740.848,34457.947,32838.52,30514.469,28708.308,190
89,18.0,188167.859,134914.438,113435.367,98887.258,89771.266,82553.648,76580.984,67661.797,65436.234,60062.289,54997.25,51131.27,48282.566,45588.414,42793.988,173
89,18.5,285358.219,205855.844,172260.82,150745.438,137532.976,127559.812,119887.457,108804.676,104125.312,97043.899,89261.754,84228.016,78898.152,73584.696,69577.058,328
89,19.0,366686.156,266153.188,221517.141,195438.25,176653.172,163942.016,152208.547,136675.141,130606.281,121909.703,110719.305,103299.523,97071.383,92529.562,87011.203,241
90,2.5,24.677,28.636,32.533,35.378,36.906,38.102,39.77,42.227,43.104,44.756,47.395,49.802,50.876,53.089,55.442,12
90,3.0,39.805,40.788,39.877,41.618,43.438,45.07,46.536,49.609,50.829,51.489,52.039,54.831,57.669,61.554,66.457,19
90,3.5,43.798,40.361,39.992,43.984,45.927,47.738,49.632,52.912,53.776,55.942,56.498,57.624,59.513,62.004,65.286,30
90,4.0,40.38,38.492,40.5,43.488,44.776,46.487,48.244,50.17,51.289,53.49,56.128,58.093,60.136,62.689,65.798,54
90,4.5,43.815,45.415,51.873,56.311,57.617,59.56,62.054,66.21,67.193,69.462,72.721,75.533,79.524,81.513,85.164,77
90,5.0,60.836,66.065,71.587,74.408,76.048,76.156,76.967,80.876,80.706,83.112,87.262,88.521,89.502,91.825,96.212,148
90,5.5,61.835,60.903,65.955,70.127,72.328,75.001,78.136,81.743,82.145,84.465,88.311,91.183,93.426,96.155,96.88,279
90,6.0,68.438,66.12,67.682,71.134,73.435,77.335,78.221,82.04,83.305,85.46,89.209,90.713,92.146,94.6,98.505,284
90,6.5,81.585,69.176,64.977,63.077,61.574,61.909,61.671,59.352,60.067,60.706,62.448,60.772,59.483,57.088,54.102,141
90,7.0,88.605,71.274,62.214,56.824,54.914,53.576,52.183,50.801,50.097,48.897,48.381,46.867,48.613,49.07,49.209,157
90,7.5,105.739,82.21,74.419,69.882,67.243,65.98,63.977,60.619,59.3,56.977,55.986,54.719,54.016,55.223,54.365,217
90,8.0,141.524,122.316,117.855,117.65,121.261,125.14,129.221,131.546,132.948,134.783,140.26,143.16,143.43,144.112,144.096,1022
90,8.5,161.706,135.187,128.177,127.672,128.291,130.916,133.561,137.278,139.026,142.496,146.462,145.51,144.824,146.676,149.172,1142
90,9.0,197.483,155.457,139.404,131.168,125.121,121.83,119.414,117.522,116.348,114.868,110.53,108.427,108.312,107.812,104.422,820
90,9.5,243.649,183.098,158.676,143.998,134.22,127.406,121.732,114.889,112.555,108.932,105.843,103.09,101.257,98.098,96.551,837
90,10.0,308.459,230.356,197.084,176.218,163.355,153.964,146.772,136.69,132.674,127.06,120.964,116.777,114.404,111.631,108.57,916
90,10.5,395.452,292.974,249.551,222.803,205.293,193.199,182.757,169.735,165.484,157.077,147.695,142.962,138.988,134.521,131.024,969
90,11.0,514.88,379.535,319.551,285.285,262.569,244.788,231.804,212.61,206.592,195.965,184.832,177.911,173.439,168.532,164.397,971
90,11.5,695.617,514.438,437.74,393.429,363.3,342.634,325.59,301.978,293.068,276.951,263.381,252.858,247.384,240.974,233.984,816
90,12.0,937.364,691.78,590.886,528.173,487.803,455.62,432.126,395.245,382.936,363.153,342.942,331.212,319.481,310.061,299.094,721
90,12.5,1371.572,1027.086,889.242,819.002,773.48,727.041,697.762,662.465,646.874,617.238,578.933,554.552,539.895,520.906,503.438,546
90,13.0,2125.609,1638.269,1473.268,1368.421,1323.664,1271.882,1217.092,1174.432,1156.862,1137.362,1099.142,1086.875,1066.2,1036.472,995.712,508
90,13.5,3293.547,2598.321,2312.694,2174.698,2077.909,2031.767,1925.607,1902.493,1873.72,1837.429,1779.484,1680.374,1578.51,1508.749,1458.942,450
90,14.0,4656.726,3722.362,3317.795,3104.541,2946.591,2797.243,2690.544,2639.134,2614.306,2492.288,2301.824,2184.12,2066.691,2006.698,1869.521,271
90,14.5,7163.972,5263.038,4590.68,4244.308,3837.95,3565.166,3349.898,3054.402,2953.98,2834.731,2660.6,2510.562,2465.92,2388.662,2327.377,94
90,15.0,10704.813,8232.938,7033.661,6456.9,6075.78,5785.344,5719.087,5547.788,5392.742,5129.894,4831.564,4452.581,4103.083,3898.203,3881.268,87
90,15.5,19258.484,13954.339,11756.577,10331.716,9417.093,8676.914,8168.254,7284.558,7006.91,6537.301,5960.39,5508.912,5255.168,4926.174,4583.819,90
90,16.0,34137.324,25667.547,22666.014,20714.58,18960.836,17889.912,17146.205,15565.933,14902.438,13869.29,12692.202,12130.733,11474.797,10959.314,10525.688,157
90,16.5,52179.549,39017.959,32975.412,29267.882,26675.14,24981.085,23566.082,21688.677,20839.802,19766.022,18742.405,17825.783,17112.193,16485.988,15749.896,196
90,17.0,68287.328,51914.793,44891.538,39627.922,35422.201,32851.314,30561.156,27952.055,26890.246,24999.764,23009.702,21915.056,20656.406,19376.722,18274.093,180
90,17.5,120750.641,92202.016,77249.664,67812.523,63995.453,59646.543,55865.922,50521.504,47978.117,44390.195,42073.848,39494.988,37959.922,35458.797,33896.297,189
90,18.0,183623.078,132929.695,111788.449,100605.808,91900.558,84530.367,78788.957,70482.836,67804.938,65021.222,60791.014,57210.879,54399.814,51652.123,49136.41,190
90,18.5,264842.531,199860.578,166319.812,146323.828,133575.047,123519.594,116471.266,105496.016,101873.312,94404.367,88214.898,83260.625,79950.031,75743.445,72378.172,309
90,19.0,359340.14,261528.132,218010.156,192203.414,174845.578,161876.016,150910.18,136018.594,131662.457,125945.5,116483.266,109478.469,105246.703,100545.902,96255.113,84
91,3.0,27.46,31.486,35.713,40.168,42.348,44.02,46.31,49.466,51.222,53.284,56.479,59.258,64.573,68.108,72.374,12
91,3.5,43.424,45.844,48.537,50.76,51.022,51.532,52.795,56.491,59.135,64.268,67.648,68.639,72.384,74.59,78.37,24
91,4.0,38.519,42.646,48.339,53.018,55.496,56.962,58.177,59.777,62.243,64.689,66.111,68.283,73.702,76.533,80.071,39
91,4.5,45.211,50.147,56.901,61.449,63.666,65.495,67.557,71.483,72.097,74.529,79.02,77.824,80.519,82.678,84.328,63
91,5.0,72.513,71.688,74.34,77.652,79.764,82.432,85.782,90.956,93.804,96.793,100.212,102.816,107.172,109.456,112.291,116
91,5.5,71.149,71.204,79.39,85.142,88.766,92.871,96.86,101.264,104.538,108.234,112.319,113.996,119.632,123.035,127.487,222
91,6.0,78.261,74.15,79.841,85.86,92.053,94.429,96.377,101.464,104.061,106.306,109.373,113.291,118.9,122.824,126.414,246
91,6.5,92.994,77.209,77.947,77.289,81.074,83.036,81.899,82.51,87.809,91.938,94.354,97.283,97.968,99.66,99.622,110
91,7.0,97.992,78.354,70.815,66.329,66.952,66.458,65.18,64.282,63.828,61.749,59.64,57.818,57.818,58.266,58.227,124
91,7.5,118.274,93.848,82.973,76.95,77.452,75.547,73.881,70.63,69.577,69.176,70.166,67.883,69.378,67.946,66.525,178
91,8.0,152.258,133.347,127.527,128.241,132.503,135.801,138.573,143.313,144.427,148.654,154.363,159.345,162.722,164.265,167.369,843
91,8.5,174.327,147.916,140.86,137.886,141.399,142.847,146.964,150.094,153.632,158.127,163.485,168.192,170.766,174.408,178.437,1006
91,9.0,214.115,176.818,164.301,158.916,159.857,159.204,159.936,159.481,159.957,161.431,165.284,165.865,167.951,176.459,179.957,603
91,9.5,273.622,222.155,200.931,193.122,190.523,186.26,185.566,181.218,181.134,182.341,178.464,183.457,192.52,195.809,197.123,400
91,10.0,360.081,283.188,260.275,250.505,242.489,231.968,226.282,221.717,221.983,221.609,223.674,224.11,222.484,223.694,230.916,260
91,10.5,463.954,366.901,324.986,298.566,294.688,289.476,286.696,278.105,272.018,263.03,256.554,252.399,255.549,259.866,252.296,258
91,11.0,634.385,492.589,432.954,397.175,374.739,364.431,358.56,339.037,331.892,326.562,316.836,306.977,306.977,319.243,323.427,397
91,11.5,814.326,606.834,521.499,472.012,447.385,419.982,400.08,373.672,362.942,346.589,330.423,313.378,305.892,297.688,293.972,536
91,12.0,1073.154,800.053,681.973,608.721,570.265,535.146,508.303,471.44,457.685,434.617,410.27,390.513,379.289,367.418,357.107,779
91,12.5,1592.95,1285.465,1162.119,1087.993,1070.452,1040.337,1029.674,1008.899,1014.332,1025.922,1034.663,1049.615,1061.501,1062.524,1049.542,691
91,13.0,2613.973,2138.761,1981.53,1936.899,1914.165,1919.533,1953.933,1961.766,1979.903,1994.521,1996.883,1995.19,2014.794,2050.032,2119.457,561
91,13.5,4104.632,3328.734,3099.513,2934.451,2881.411,2872.268,2861.74,2785.652,2794.724,2839.418,2880.038,2868.468,2849.19,2880.776,2890.2,618
91,14.0,6746.346,5560.084,5289.984,5094.031,5117.153,4941.016,4872.165,4780.171,4829.551,4685.174,4463.422,4434.811,4307.683,4238.39,4059.17,559
91,14.5,11205.729,11165.37,11969.357,13015.208,11967.226,11535.744,11468.941,9795.012,9849.755,9326.173,8739.38,8578.54,7955.515,7621.908,7457.785,291
91,15.0,35538.424,33383.031,34066.217,34183.348,33382.418,31733.568,30649.022,28395.094,27441.884,25299.611,23882.048,21871.264,20205.364,18698.81,17692.023,310
91,15.5,65500.375,54956.219,52790.18,54276.176,52549.707,52282.875,50095.812,44447.465,43513.098,40608.047,37141.922,35337.086,33908.496,30772.689,28783.547,329
91,16.0,102736.242,89582.5,85474.211,85872.773,84366.023,78901.078,79057.734,74932.141,70344.727,63741.953,57935.895,52985.566,49960.715,46886.984,44577.434,383
91,16.5,155338.781,132812.344,122043.062,116835.148,116780.914,113554.453,109807.484,105416.102,101997.406,97388.023,88150.188,82228.992,76642.25,71020.125,68322.875,417
91,17.0,224913.969,181254.633,168144.992,153590.5,146885.477,143613.078,135499.719,122918.758,115811.368,108646.777,98647.32,94065.851,90079.156,83361.953,78940.73,424
91,17.5,187797.726,137549.07,118809.293,104508.367,96239.012,88348.797,82823.629,75284.722,72431.516,67465.934,63340.858,60452.449,59027.282,57578.613,57595.883,458
91,18.0,187102.688,135239.047,114675.484,100384.008,94248.391,87247.703,81678.406,74474.188,70973.586,66188.062,61005.984,57988.375,54363.25,50511.438,47936.785,465
91,18.5,288741.562,214081.75,177958.25,156089.977,143640.938,136126.336,127480.539,116709.484,111279.957,104313.945,95929.578,89898.539,86370.449,83287.5,78064.546,616
91,19.0,386632.89,283657.922,239262.664,211588.132,196584.312,182730.914,171738.891,154874.383,149388.304,140188.898,130431.246,122674.039,115874.559,108464.215,102422.48,606
91,19.5,462293.688,328411.75,280414.469,247726.938,237817.688,218278.938,201976.609,177974.266,170006.328,169305.062,155988.672,143050.062,132893.391,122372.977,113193.039,23
91,20.0,616366.531,446970.594,373193.75,340120.36,333547.891,321772.375,313091.89,287561.555,273753.047,251684.867,228452.406,210917.508,201668.5,199808.922,198963.5,12
92,2.5,22.676,23.894,26.096,29.17,30.88,32.359,34.138,36.416,36.924,38.254,40.518,42.428,44.219,46.257,48.701,14
92,3.5,47.582,47.501,47.802,50.23,52.531,54.987,57.318,59.479,60.776,63.986,67.422,70.419,73.989,76.812,78.019,23
92,4.0,40.492,41.674,46.419,51.022,53.314,54.746,55.79,55.946,56.192,57.172,60.648,63.327,64.932,67.521,71.385,46
92,4.5,54.947,59.635,64.233,66.158,68.43,70.514,72.7,74.215,74.11,75.87,77.858,78.874,80.678,82.099,83.767,82
92,5.0,59.46,58.094,63.12,66.498,68.774,71.877,74.75,77.476,79.217,81.46,85.52,86.178,86.742,90.327,94.162,132
92,5.5,71.048,68.834,73.125,77.155,79.65,81.618,85.366,88.297,88.658,89.912,93.509,96.226,96.816,99.942,102.017,246
92,6.0,77.006,71.013,75.143,79.079,82.782,85.282,89.054,91.796,93.292,94.294,98.092,101.205,102.753,104.14,107.444,255
92,6.5,82.293,69.595,65.891,63.508,62.257,61.38,61.238,59.434,59.111,59.775,61.29,61.928,63.03,60.665,62.587,113
92,7.0,101.91,83.242,75.751,72.144,69.561,68.179,67.882,66.68,68.371,68.824,64.458,65.867,66.065,66.705,67.261,113
92,7.5,118.72,94.484,83.195,77.822,73.511,70.544,68.214,66.872,66.758,65.81,66.447,67.262,67.303,65.34,68.156,140
92,8.0,152.217,130.725,125.61,125.511,128.506,132.382,136.552,140.34,141.328,145.37,151.802,155.635,158.117,161.792,165.906,858
92,8.5,174.791,146.388,138.234,135.826,138.273,140.874,143.045,146.247,148.075,153.854,160.571,162.659,163.539,166.428,166.898,1009
92,9.0,216.58,177.64,167.269,160.954,160.836,160.322,158.056,155.882,157.353,160.801,164.865,169.761,170.211,175.774,172.478,550
92,9.5,281.893,226.05,204.713,195.248,190.77,186.995,182.043,184.707,188.291,190.26,191.403,195.357,192.708,192.475,187.725,315
92,10.0,360.755,285.169,261.585,247.575,233.65,227.715,225.576,214.298,207.338,200.177,198.275,197.082,195.317,198.167,198.605,209
92,10.5,476.945,358.194,312.015,288.963,269.661,254.249,241.601,226.78,221.442,212.209,202.994,195.754,191.626,186.193,183.114,167
92,11.0,625.516,470.082,405.152,368.172,341.809,323.988,304.854,282.912,276.826,264.982,248.812,240.889,235.298,227.86,223.79,270
92,11.5,813.467,600.015,512.759,456.822,418.766,389.72,367.731,336.982,325.491,307.126,284.423,268.922,257.954,247.409,238.053,405
92,12.0,1100.679,810.467,682.09,601.342,548.562,513.312,482.556,436.202,420.152,393.552,364.295,344.847,328.34,312.338,301.835,556
92,12.5,1572.939,1169.401,993.239,904.061,831.145,774.981,730.35,663.063,640.587,608.726,567.98,535.563,505.292,481.526,457.716,443
92,13.0,3018.667,2526.324,2311.274,2210.014,2134.019,2031.105,1945.485,1859.593,1761.262,1684.503,1620.771,1590.892,1537.857,1531.658,1546.53,245
92,13.5,8114.958,8556.265,9333.039,9730.938,9570.159,9484.657,9517.834,9557.728,9635.018,9196.24,8679.891,8028.874,7594.221,7295.103,7053.94,234
92,14.0,14904.099,15981.761,16190.167,16300.634,15733.748,14759.758,14146.96,12606.202,12148.922,11192.543,10220.893,9494.816,8937.666,8676.626,8303.243,295
92,14.5,22188.035,22288.23,23446.439,24368.195,23965.516,23901.686,22993.025,22082.293,21682.275,20368.209,18651.945,17455.979,16277.977,15348.06,14781.442,251
92,15.0,41444.932,39976.141,41233.133,42393.957,40354.94,37951.444,36749.514,34109.791,32436.032,30439.902,27222.58,25023.296,23201.538,21691.258,20362.052,320
92,15.5,66337.039,58941.246,56888.156,52534.594,50328.125,49423.902,49972.828,45813.473,44302.383,39663.375,35692.754,32118.512,30582.986,27810.09,26065.99,359
92,16.0,100851.938,86677.992,82750.648,77019.805,77003.398,73733.047,69558.594,62255.992,58659.105,53554.836,46837.898,43350.066,40278.922,39035.027,36775.477,411
92,16.5,166355.234,135080.797,119483.625,112484.852,107772.547,105073.148,101417.484,91808.461,87272.156,81494.734,74870.531,68776.734,65914.711,62679.688,58531.801,435
92,17.0,229952.562,186000.804,167281.062,153993.969,147379.844,140706.446,134359.703,120753.516,115497.148,108504.598,102729.121,93493.359,87127.102,81186.844,76156.414,480
92,17.5,186048.312,140596.586,118559.164,104674.254,95307.211,88151.136,83717.445,75708.152,71901.527,68023.609,63651.299,59874.618,56848.037,53832.236,50441.863,482
92,18.0,235494.609,171723.125,144908.922,127906.977,115899.367,107140.875,100062.625,89149.719,86329.195,80637.242,72663.648,68332.969,64079.59,59446.258,56288.777,583
92,18.5,339885.406,248359.797,206143.922,181078.766,166157.703,153031.391,142327.234,127401.109,121565.633,113052.391,102947.531,95635.812,90298.906,84917.898,79315.789,887
92,19.0,498544.782,358964.125,298065.0,262138.016,237348.578,218784.586,205155.086,184388.648,176543.758,163420.164,148922.352,138293.813,130580.953,121831.547,114051.34,1374
92,19.5,710106.125,516922.094,432258.531,377715.75,340760.25,312162.281,292883.438,263092.0,251942.812,234411.438,212532.875,199306.906,187091.781,175870.062,164550.797,619
92,20.0,964968.875,703092.875,584082.25,511085.531,465144.156,432019.5,408412.156,375456.25,359412.625,330880.531,303758.812,283834.5,273274.781,263570.219,254460.609,59
93,3.0,42.268,42.308,46.394,51.043,53.168,55.046,57.262,60.518,62.104,63.528,64.976,65.786,66.152,67.736,70.665,20
93,3.5,33.165,31.376,31.027,34.498,36.003,36.655,38.474,40.968,41.991,43.926,46.217,48.356,49.401,51.411,53.674,21
93,4.0,50.806,44.597,43.084,44.884,46.382,47.918,50.841,54.534,55.386,57.385,60.861,63.6,66.044,68.926,71.73,38
93,4.5,48.544,51.897,55.649,59.771,61.486,63.03,66.353,70.626,68.9,71.206,76.373,79.686,81.515,83.064,86.576,71
93,5.0,65.451,66.482,68.506,71.506,72.314,73.714,75.846,79.775,80.85,84.302,87.086,90.22,91.556,93.79,98.065,176
93,5.5,72.895,70.018,70.936,75.075,77.092,78.792,79.888,81.025,82.316,85.133,89.603,91.997,93.199,93.328,95.55,279
93,6.0,73.845,71.075,72.294,73.238,74.469,76.144,79.378,79.841,80.695,83.07,86.447,88.358,90.884,92.326,95.612,293
93,6.5,80.405,65.818,60.397,58.03,56.67,56.533,56.778,56.736,56.234,56.4,55.398,54.011,51.797,49.494,50.056,135
93,7.0,95.926,78.487,70.626,65.986,62.971,60.269,58.114,55.279,55.306,52.612,49.915,47.904,47.532,47.54,48.065,131
93,7.5,111.762,85.336,74.964,68.864,64.848,62.017,60.028,56.59,55.87,53.396,51.818,50.678,48.996,47.754,47.114,194
93,8.0,143.598,121.203,114.493,113.83,115.459,119.113,122.345,126.06,127.514,131.36,135.827,138.764,140.39,143.652,149.1,1104
93,8.5,166.99,138.23,130.05,126.92,127.197,129.158,131.254,136.401,139.087,142.518,148.285,151.694,152.279,155.583,159.678,1125
93,9.0,200.837,157.832,142.153,133.853,129.337,127.488,124.907,123.045,122.555,119.877,117.583,114.777,114.911,110.801,107.542,751
93,9.5,248.887,187.573,160.539,145.617,135.393,127.738,123.787,115.534,112.546,107.435,103.673,100.208,97.947,95.498,92.553,813
93,10.0,310.359,228.68,194.492,173.724,160.143,150.354,142.309,130.977,126.482,119.268,112.092,106.449,101.941,97.587,92.672,872
93,10.5,395.577,290.725,244.27,216.905,198.289,184.462,174.182,158.759,153.65,143.884,134.422,126.675,120.804,115.062,109.551,911
93,11.0,512.883,374.811,314.41,277.786,252.867,234.606,220.731,200.202,192.658,180.543,167.12,157.227,149.775,142.094,134.391,933
93,11.5,691.52,504.804,426.975,377.566,344.334,319.578,300.906,271.138,260.618,243.542,226.38,212.21,201.75,189.067,181.247,814
93,12.0,943.202,687.723,575.493,510.516,464.17,431.244,403.535,362.812,347.163,324.183,296.724,277.655,263.778,249.142,235.846,856
93,12.5,1331.948,985.708,844.294,749.776,698.147,646.281,615.784,565.729,546.379,513.299,482.622,459.452,435.526,418.403,396.939,623
93,13.0,2231.398,1761.382,1585.82,1488.835,1485.548,1461.01,1447.894,1396.704,1367.52,1338.546,1301.108,1263.739,1242.844,1189.282,1176.388,518
93,13.5,3338.132,2610.982,2319.882,2169.948,2092.519,2030.439,2009.616,1945.329,1930.844,1885.609,1806.813,1765.788,1743.026,1681.036,1676.501,467
93,14.0,5821.469,4533.352,4095.28,3897.302,3708.079,3520.716,3330.852,3030.209,3040.002,2996.652,2771.76,2641.831,2566.797,2484.332,2357.064,268
93,14.5,7557.473,5751.007,4819.693,4295.441,3941.637,3677.91,3457.094,3201.978,3103.548,2875.91,2647.545,2436.574,2335.436,2183.68,2048.274,107
93,15.0,11086.221,8855.643,7865.327,7336.437,6989.379,6592.542,6233.702,5801.667,5547.265,5105.521,4706.494,4261.848,4017.196,3819.276,3569.329,93
93,15.5,20962.574,15475.31,13301.395,11706.351,10596.398,9769.791,9209.014,8256.273,7908.0,7341.214,6710.691,6225.655,5853.415,5426.195,4998.373,127
93,16.0,31547.465,23418.559,19409.824,17276.283,15824.84,14475.367,13834.866,12519.121,12024.67,11212.059,10102.137,9557.532,9093.212,8402.216,7944.064,139
93,16.5,51963.863,38304.608,32839.077,29480.832,26755.031,24648.9,23304.182,21232.95,20543.791,19574.767,17732.31,16539.949,15676.181,14408.928,13327.14,180
93,17.0,77041.414,57206.74,48598.33,42458.531,38588.23,35536.383,33210.928,29968.398,28640.515,26546.467,24255.175,22382.45,20980.594,19521.038,18308.152,198
93,17.5,164897.062,123344.746,101897.222,88993.972,81045.957,77574.954,73997.746,66626.492,63971.93,59623.225,55112.223,51529.416,49348.06,46952.498,44248.438,210
93,18.0,208507.922,150763.086,124797.172,108541.766,99351.289,91421.203,86331.442,77352.738,73857.238,68289.098,62377.591,57534.234,54395.11,50419.193,46886.155,192
93,18.5,316236.031,229376.476,190616.375,167876.945,151101.68,139306.648,131567.868,118520.23,113102.804,104550.988,96056.301,89440.652,83563.152,77149.996,71040.554,276
93,19.0,610181.968,445152.875,416734.766,405655.656,398508.797,393438.234,378883.578,339599.375,323380.031,298106.89,270496.14,250330.008,235031.609,217972.344,201350.672,32
94,3.0,28.447,32.29,36.422,40.476,42.502,43.602,45.268,46.262,46.332,46.922,49.654,51.996,53.87,53.792,53.079,12
94,3.5,30.551,37.472,41.951,43.741,44.511,44.471,44.809,45.867,46.834,48.519,51.198,53.42,55.965,59.178,63.033,17
94,4.0,50.799,48.463,49.742,52.684,54.624,56.673,59.052,62.323,64.628,67.044,71.048,74.084,75.864,78.548,80.277,38
94,4.5,52.739,52.855,58.085,60.809,62.926,65.946,68.806,71.422,72.996,75.33,78.774,82.098,86.125,89.736,92.884,65
94,5.0,65.062,66.113,67.442,66.636,69.054,71.298,73.017,75.962,78.008,81.76,85.739,88.89,91.968,95.396,96.339,116
94,5.5,65.429,66.597,68.959,72.733,73.91,76.313,80.579,82.959,84.47,87.386,92.555,92.336,94.641,97.528,99.422,223
94,6.0,73.159,68.229,70.588,72.564,74.642,79.158,80.785,84.077,86.272,90.448,94.558,95.294,97.134,101.206,103.391,220
94,6.5,84.334,68.48,62.579,59.941,61.514,60.358,59.521,58.708,57.582,58.062,61.011,62.77,63.57,62.894,60.73,110
94,7.0,95.418,75.778,66.889,63.433,60.075,58.003,55.872,53.697,52.478,51.5,51.318,50.15,47.005,45.982,44.283,139
94,7.5,109.448,86.258,74.574,67.761,64.121,62.464,60.84,57.05,55.603,54.285,52.647,50.61,49.467,48.114,47.098,231
94,8.0,144.054,122.987,115.643,115.238,117.452,120.679,123.909,127.19,129.755,133.279,139.27,141.961,144.327,147.05,147.253,1015
94,8.5,163.856,134.013,124.54,121.784,123.464,126.716,129.43,133.214,135.632,140.448,146.784,147.15,149.554,151.707,156.202,1126
94,9.0,196.641,151.006,132.96,121.489,115.295,109.77,107.584,103.393,100.988,97.837,95.066,93.342,90.886,88.754,84.564,763
94,9.5,242.52,181.712,154.154,138.285,127.526,119.776,113.754,105.338,101.906,96.576,90.527,85.803,82.724,80.084,76.894,780
94,10.0,305.198,226.401,191.173,170.561,156.119,145.725,137.411,125.191,120.461,113.503,104.917,99.249,94.759,89.562,84.806,825
94,10.5,389.216,286.93,240.111,212.929,195.556,181.495,170.316,154.489,149.155,138.84,128.451,120.171,114.448,108.379,103.214,845
94,11.0,509.869,372.938,311.178,274.53,248.947,229.416,214.952,193.954,186.221,172.598,158.864,149.228,140.928,133.44,125.868,906
94,11.5,684.224,500.379,418.846,369.244,335.736,311.643,292.824,263.64,253.874,236.678,216.904,203.025,193.35,182.195,172.058,936
94,12.0,923.696,667.998,557.756,490.784,444.715,410.716,384.256,346.202,331.456,308.181,281.47,262.982,248.336,233.213,218.689,1196
94,12.5,1186.907,862.0,720.042,632.328,576.343,531.462,498.867,446.146,425.65,394.14,356.894,330.774,312.584,293.186,274.788,852
94,13.0,1944.918,1470.42,1261.115,1136.477,1067.355,1017.058,978.82,896.028,871.771,831.852,787.648,768.169,724.901,686.656,656.742,405
94,13.5,2750.053,2042.218,1727.137,1540.938,1430.337,1347.427,1260.773,1155.568,1099.965,1024.154,950.618,884.83,851.149,802.972,754.852,285
94,14.0,4361.977,3267.053,2768.125,2455.064,2252.899,2109.375,1967.579,1744.177,1698.252,1619.246,1507.451,1432.232,1334.839,1268.041,1184.434,181
94,14.5,6681.18,4878.416,4038.878,3582.892,3264.534,3026.888,2835.044,2543.314,2451.496,2303.888,2164.164,1989.38,1888.672,1774.314,1631.02,116
94,15.0,9649.497,7193.696,6170.365,5439.474,4923.954,4576.852,4340.094,3992.714,3819.013,3565.314,3220.798,2960.553,2757.206,2560.526,2367.815,106
94,15.5,17311.45,12371.554,10318.241,8958.459,8133.539,7473.108,6964.786,6348.32,6121.644,5722.814,5296.373,4931.912,4598.983,4271.054,4000.098,136
94,16.0,26552.268,19292.285,16017.737,14168.224,12659.688,11633.217,10872.118,9807.491,9398.506,8761.932,8001.817,7419.326,6953.841,6457.204,6001.772,185
94,16.5,40545.344,29643.166,24671.09,21688.305,19733.607,18196.619,17043.266,15266.444,14611.175,13495.023,12258.4,11214.361,10574.415,9733.623,9035.698,195
94,17.0,62692.801,45259.391,37530.543,33115.691,30079.387,27716.555,26149.928,23339.838,22241.588,20395.094,18516.68,17084.957,16083.274,14775.028,13659.508,189
94,17.5,106397.57,76347.961,64068.522,56699.043,51525.518,47222.528,43944.954,39500.072,37769.846,34753.316,31573.162,29410.774,27950.802,26126.444,24338.608,178
94,18.0,175379.352,128496.289,107018.812,93749.051,84639.696,78071.18,72714.586,65380.623,62638.225,57802.062,52077.373,48161.666,45213.7,42471.072,39248.41,198
94,18.5,268880.125,194073.047,162256.938,142918.984,128570.641,120061.93,112625.938,101444.797,96139.875,88734.57,80201.57,73826.508,69460.578,64309.984,59457.117,355
94,19.0,315670.547,238525.054,198425.586,179552.062,166548.89,157071.758,149658.672,139814.289,136125.32,129559.368,121565.058,116959.281,111000.082,104866.394,99199.122,32
95,3.0,30.038,34.408,38.07,41.344,43.028,44.458,46.414,49.199,50.851,52.618,55.379,57.817,60.932,63.997,67.61,12
95,3.5,37.621,37.029,38.287,40.535,42.311,43.887,45.429,47.331,47.924,49.212,51.365,50.402,49.732,49.492,48.888,20
95,4.0,38.932,38.156,39.502,42.365,43.516,45.278,47.103,49.833,51.919,54.34,58.296,59.453,61.254,63.24,65.87,36
95,4.5,39.8,42.872,46.236,50.982,52.979,55.01,56.333,59.766,60.883,63.211,64.18,66.401,68.49,70.842,73.654,60
95,5.0,54.678,52.808,55.408,60.483,59.559,61.824,64.058,64.641,66.911,69.829,75.463,77.87,80.115,81.851,84.018,113
95,5.5,62.474,61.345,61.408,63.72,66.77,70.228,71.15,74.056,74.038,76.983,81.137,83.77,86.558,89.594,92.22,206
95,6.0,70.272,65.02,66.57,65.876,67.986,70.53,73.273,76.393,78.325,80.371,84.66,86.93,88.834,90.546,93.331,219
95,6.5,80.62,64.656,58.944,54.263,51.354,50.461,48.665,48.109,47.071,46.393,44.56,43.188,44.005,43.159,41.581,113
95,7.0,95.099,77.603,68.977,64.978,62.872,61.984,60.52,57.459,57.419,56.281,55.978,54.523,54.297,54.345,54.465,151
95,7.5,110.797,86.7,75.844,70.108,65.768,63.255,61.307,58.228,57.118,55.362,52.574,51.616,50.928,51.205,50.109,227
95,8.0,142.922,122.418,116.2,115.64,116.599,120.132,123.726,128.988,130.899,134.168,142.002,145.037,145.173,146.806,147.96,942
95,8.5,163.616,134.362,124.904,121.531,121.897,123.493,125.319,128.82,130.24,133.599,137.603,138.652,140.737,141.204,142.891,1071
95,9.0,197.769,152.559,133.697,122.419,115.242,110.202,107.434,101.833,99.949,96.614,93.504,91.038,88.0,85.041,83.543,837
95,9.5,244.226,181.858,154.281,137.818,126.832,119.531,113.84,105.926,102.738,97.627,92.699,88.908,86.539,83.176,80.809,808
95,10.0,304.53,226.524,191.787,170.579,156.622,146.761,139.108,127.03,122.696,116.045,108.683,102.698,98.824,94.237,90.126,827
95,10.5,393.648,288.515,242.652,214.236,195.659,181.424,170.907,155.308,149.118,139.799,129.667,122.326,116.634,111.27,105.696,854
95,11.0,509.622,373.041,311.821,275.909,250.941,232.832,219.032,197.745,190.019,177.564,164.602,153.886,145.518,137.692,130.367,877
95,11.5,680.437,496.039,417.836,368.843,334.837,310.016,290.787,262.305,251.66,234.79,216.265,202.093,192.056,181.446,170.412,957
95,12.0,914.614,666.01,555.528,488.795,443.209,410.987,384.375,346.431,332.131,308.616,282.366,262.592,247.532,231.784,216.687,1241
95,12.5,1165.328,845.673,707.273,624.52,566.673,522.977,490.87,442.228,422.093,392.229,358.694,334.127,316.199,297.997,276.99,889
95,13.0,1868.822,1408.16,1211.177,1094.853,1013.141,948.571,900.267,836.059,812.234,754.291,713.877,685.855,654.106,642.337,602.727,365
95,13.5,2669.056,1984.298,1697.942,1517.487,1391.021,1286.881,1216.327,1106.172,1059.94,992.51,912.736,851.944,808.223,754.542,717.866,272
95,14.0,3961.597,3033.003,2580.544,2297.244,2079.029,1918.754,1785.933,1595.7,1518.911,1417.944,1291.76,1191.715,1126.013,1041.768,953.502,163
95,14.5,6488.208,4746.562,3948.916,3491.181,3170.866,2886.845,2711.833,2481.826,2396.392,2257.059,2126.919,1986.557,1869.766,1747.445,1615.571,111
95,15.0,9647.114,7341.634,6140.076,5449.838,5033.968,4610.545,4337.358,3928.794,3736.762,3460.556,3170.856,2846.958,2643.942,2420.58,2203.873,104
95,15.5,15021.887,10829.654,8978.284,7874.206,7027.178,6481.868,6019.838,5347.29,5107.828,4692.79,4266.411,3908.114,3651.216,3396.879,3211.944,114
95,16.0,24088.742,17453.416,14547.252,12882.355,11762.908,10788.322,10135.765,9176.587,8794.096,8068.182,7374.403,6759.59,6309.15,5870.777,5474.43,144
95,16.5,37607.896,27143.545,22822.582,20078.258,18068.094,16791.825,15756.532,14260.926,13623.955,12556.216,11538.475,10770.452,10071.969,9257.423,8664.08,168
95,17.0,55428.23,39741.207,33140.555,29014.465,26156.641,24119.199,22444.91,19943.115,19167.996,17463.318,15853.415,14546.621,13739.551,12720.832,11798.417,197
95,17.5,95161.938,69127.328,58027.582,51265.723,46817.332,43258.02,40341.594,35943.895,34334.316,31896.969,29098.424,26563.582,24816.26,23007.227,21390.623,183
95,18.0,144726.5,105071.422,87601.234,76593.031,70656.617,64361.82,60107.844,53073.938,50569.551,46335.305,41651.293,38455.035,35832.816,33708.18,31462.324,217
95,18.5,229666.031,163698.641,135359.578,119248.641,107860.742,99743.242,93245.922,83847.094,80737.586,74742.797,67474.945,62393.691,58169.922,54177.703,50252.25,379
95,19.0,286448.719,208613.25,175015.062,154419.875,141626.953,130866.414,121885.883,108936.172,104534.711,96363.938,87961.945,81270.125,76607.258,71305.828,66748.945,99
96,3.0,28.526,35.36,37.962,42.552,44.5,46.538,48.574,52.528,54.091,56.556,59.692,62.442,64.285,67.2,71.256,16
96,3.5,35.404,40.245,44.638,47.136,50.796,53.522,55.522,59.541,60.997,62.089,57.978,59.877,62.378,65.492,69.282,17
96,4.0,44.804,44.674,47.753,52.741,51.965,54.087,55.483,58.383,59.47,62.049,66.256,67.363,67.545,70.583,72.438,39
96,4.5,48.602,46.898,47.195,51.197,52.505,55.185,58.836,62.464,63.434,65.79,68.873,71.128,73.941,74.216,75.406,59
96,5.0,60.768,60.927,64.36,66.128,69.187,72.962,75.623,79.733,80.171,81.926,85.774,88.144,90.938,91.416,93.204,128
96,5.5,66.694,65.947,71.116,74.346,76.116,80.182,84.124,87.034,88.621,91.047,93.303,95.511,96.435,99.58,102.568,196
96,6.0,74.462,70.248,71.134,73.729,76.66,80.044,83.2,84.949,86.61,88.446,91.488,93.841,94.824,95.916,97.443,172
96,6.5,82.852,69.253,64.839,60.308,57.154,55.09,55.013,54.447,53.563,49.186,48.161,48.814,47.744,48.559,47.704,105
96,7.0,96.206,78.746,72.241,66.142,64.489,62.174,60.076,57.308,56.74,55.433,53.813,52.828,52.903,52.128,51.47,131
96,7.5,110.435,87.014,77.665,71.014,66.396,63.712,61.552,58.363,57.202,55.673,52.725,51.212,49.485,47.996,45.92,198
96,8.0,143.776,122.95,116.682,115.39,118.346,121.011,122.374,124.85,125.624,130.348,135.677,137.618,136.957,137.284,138.328,830
96,8.5,165.602,138.014,128.449,125.103,125.456,128.951,130.499,132.991,133.609,136.97,139.44,140.313,140.705,138.635,135.489,1117
96,9.0,196.594,152.204,133.691,123.073,116.027,111.423,107.48,101.632,99.733,97.364,94.348,90.464,88.259,86.875,84.577,839
96,9.5,245.06,183.045,155.925,140.288,129.134,121.364,115.37,106.452,103.572,98.643,93.267,88.84,85.298,82.326,79.133,877
96,10.0,308.228,228.052,192.263,170.814,156.852,146.218,137.618,126.033,121.818,114.616,106.862,100.795,96.888,92.459,88.12,848
96,10.5,395.213,290.153,244.128,216.008,196.758,183.382,172.485,156.59,150.263,140.775,130.789,123.116,117.23,111.032,106.256,853
96,11.0,510.53,374.231,310.2,275.065,250.785,232.72,218.802,197.788,190.144,178.473,165.469,155.431,149.116,140.868,133.982,873
96,11.5,696.384,507.346,425.65,375.774,344.084,319.442,300.588,273.012,262.498,245.771,226.452,213.077,202.296,193.296,184.016,907
96,12.0,930.228,674.883,565.844,497.944,451.388,417.174,391.314,352.07,337.183,313.74,288.465,269.008,256.183,240.945,227.149,1094
96,12.5,1218.206,886.113,743.3,652.613,595.944,550.968,516.963,466.694,448.225,418.268,382.688,356.472,336.006,315.28,294.859,776
96,13.0,1980.227,1488.69,1260.801,1137.56,1071.483,1018.254,966.12,891.451,863.566,816.549,784.945,751.507,728.595,713.234,666.679,364
96,13.5,2793.868,2087.793,1791.552,1583.006,1471.114,1377.733,1299.388,1194.225,1143.919,1064.877,995.726,937.892,886.739,830.575,772.482,270
96,14.0,4175.885,3114.699,2680.03,2392.588,2216.194,2064.039,1961.771,1815.836,1762.555,1634.921,1518.772,1406.434,1319.794,1233.282,1158.791,195
96,14.5,6374.663,4980.284,4220.052,3797.803,3561.029,3348.014,3179.099,2898.973,2802.318,2628.263,2425.248,2244.78,2130.655,2001.825,1874.416,133
96,15.0,9635.112,7104.758,6116.541,5530.857,5065.4,4695.649,4424.774,4076.044,3904.793,3684.899,3423.829,3134.3,2952.078,2728.982,2465.993,113
96,15.5,14564.888,10778.714,9126.443,8174.706,7476.312,6949.168,6497.859,5889.53,5629.132,5300.136,4843.794,4459.272,4211.608,3909.25,3635.454,126
96,16.0,23727.219,17673.248,14936.941,13550.916,12601.629,11643.949,10973.11,10010.149,9619.527,9030.789,8327.007,7739.666,7212.654,6668.083,6144.523,173
96,16.5,36339.312,26497.979,22268.467,19774.129,17809.26,16572.096,15558.626,14200.708,13639.069,12748.122,11480.009,10642.365,9985.806,9363.375,8713.168,215
96,17.0,56448.92,40578.418,33618.52,29599.844,26669.714,24716.959,23122.362,20846.619,19927.28,18601.548,17027.114,15854.018,14798.324,13732.179,12835.402,254
96,17.5,88609.648,65489.84,55425.199,49596.25,44895.383,41419.871,38598.551,34352.508,32837.707,30200.754,27508.479,25504.699,23854.85,22114.791,20781.457,179
96,18.0,142549.235,101654.136,84508.121,73732.722,66883.367,61481.551,57287.924,51955.224,49751.254,46094.418,42494.188,39497.039,37171.619,34432.53,32003.905,204
96,18.5,220392.578,158618.867,132733.0,116953.926,106153.348,98524.226,92021.324,82242.473,78588.652,73037.109,66495.383,61724.337,58413.082,54180.405,49814.63,368
96,19.0,290565.156,211309.953,176754.094,155346.266,141397.766,130085.477,121279.984,108125.586,103160.352,94722.508,87607.5,81334.594,77357.242,73274.578,67855.922,313
97,3.5,33.048,34.881,39.054,40.902,42.555,44.454,46.507,49.899,51.394,54.355,57.427,60.198,62.987,66.304,70.2,18
97,4.0,54.213,44.735,44.366,50.256,52.382,54.077,56.895,60.59,61.599,63.858,67.275,70.194,67.071,64.989,65.636,25
97,4.5,44.731,45.394,50.118,54.564,58.208,60.137,61.898,66.056,67.384,70.48,74.298,77.017,79.463,82.375,83.529,56
97,5.0,74.743,70.081,76.686,76.416,78.091,80.506,84.84,86.072,87.014,89.068,93.332,92.744,92.303,94.46,95.461,109
97,5.5,74.206,71.724,75.568,78.941,80.045,82.599,85.635,88.68,91.612,93.629,96.931,99.521,102.308,102.275,104.721,185
97,6.0,76.794,72.22,71.834,70.916,71.107,72.758,74.93,77.396,79.13,81.918,87.256,90.209,91.893,93.843,97.248,176
97,6.5,82.554,67.336,61.542,58.163,56.3,54.516,53.475,52.022,51.699,51.408,52.967,51.886,51.111,49.1,50.567,92
97,7.0,103.258,80.016,68.582,62.218,58.675,55.474,53.644,51.397,50.644,49.824,48.475,47.283,46.844,45.732,46.239,82
97,7.5,121.282,99.857,90.646,86.61,82.596,79.885,77.53,75.144,75.648,71.876,69.548,69.964,66.146,64.165,63.198,92
97,8.0,152.339,133.552,129.705,130.248,132.05,133.742,135.217,138.33,138.846,141.28,149.128,152.144,152.655,151.966,152.277,679
97,8.5,170.501,145.226,137.977,136.855,139.328,140.641,143.092,146.181,148.029,150.117,152.668,154.26,152.773,150.791,153.65,887
97,9.0,207.507,170.088,154.718,147.46,145.016,143.743,144.853,145.76,147.438,148.996,152.856,153.19,153.959,153.441,149.596,562
97,9.5,259.455,204.256,180.406,167.505,163.069,158.332,155.646,152.643,152.272,153.34,154.59,151.043,148.683,149.261,148.101,481
97,10.0,326.749,247.593,214.297,196.587,186.234,179.438,173.949,167.371,164.995,161.384,159.141,156.683,154.461,156.585,157.059,461
97,10.5,411.845,306.856,263.131,237.729,223.008,212.13,203.309,190.74,187.648,182.169,175.208,173.085,171.542,171.505,171.146,669
97,11.0,558.156,423.682,369.969,337.864,319.336,305.573,297.37,280.538,274.905,270.404,266.27,267.527,269.342,272.154,272.369,544
97,11.5,787.831,611.986,532.175,491.427,473.013,450.539,442.291,425.672,427.058,414.247,403.814,396.562,396.162,401.027,396.433,507
97,12.0,1085.432,825.46,715.076,661.925,621.006,587.762,562.342,529.97,518.73,500.452,480.221,459.284,452.903,445.256,436.846,492
97,12.5,1539.874,1179.839,1026.904,944.643,890.691,839.628,816.44,775.344,762.151,729.999,687.086,671.791,653.742,624.649,609.638,525
97,13.0,2110.343,1640.275,1466.696,1351.543,1276.411,1239.831,1188.228,1156.082,1128.373,1079.69,1047.929,1026.629,1000.55,959.476,921.996,450
97,13.5,2895.476,2213.598,1920.917,1747.374,1637.172,1556.48,1487.65,1415.688,1388.296,1340.544,1293.883,1236.622,1202.893,1134.982,1096.359,366
97,14.0,4268.518,3291.4,2805.257,2551.189,2375.848,2252.8,2145.882,2015.644,1987.986,1880.322,1753.866,1628.238,1516.699,1437.645,1337.684,300
97,14.5,6514.972,4910.816,4264.966,3822.427,3550.351,3327.582,3138.771,2903.596,2814.186,2687.56,2471.486,2294.996,2175.744,2044.42,1891.77,280
97,15.0,9827.321,7331.412,6319.26,5723.035,5291.711,4914.625,4620.785,4180.361,4024.09,3737.434,3443.76,3230.379,3017.331,2858.839,2687.474,217
97,15.5,15448.269,11513.355,9915.354,8870.832,8042.441,7493.763,7056.835,6389.13,6132.369,5710.621,5251.202,4879.053,4599.926,4372.426,4065.419,179
97,16.0,24012.854,17824.492,14983.901,13332.116,12132.402,11337.318,10568.459,9475.724,9109.232,8530.814,7965.246,7424.453,7023.65,6634.706,6186.903,259
97,16.5,37151.672,27154.201,22823.311,20213.059,18530.715,17207.123,16162.491,14563.272,13989.399,13160.051,12172.557,11308.935,10545.63,9797.178,9138.179,265
97,17.0,57518.211,41689.625,34766.043,30506.707,27810.67,25640.111,23870.945,21463.621,20546.443,19114.625,17466.383,16258.398,15276.713,14230.666,13200.408,305
97,17.5,86430.672,62895.475,52381.062,46251.793,41815.108,38482.69,35966.232,32348.202,31053.717,28783.591,26193.573,24443.636,23001.728,21701.114,20421.332,366
97,18.0,134612.602,97066.964,80883.692,71075.91,64769.138,59779.152,56060.168,50170.45,48050.738,44507.34,40487.988,37533.978,35403.288,33052.031,30986.674,666
97,18.5,204523.047,147715.047,123511.383,108690.797,98803.672,91185.641,85225.641,76289.57,72973.758,67454.984,61786.555,57132.754,53755.293,50150.344,46885.809,1071
97,19.0,317339.859,230139.797,191559.828,168501.336,152874.75,140765.711,131845.078,118275.883,112533.84,104092.95,95332.851,88516.617,83726.274,78341.652,73110.82,1436
97,19.5,454160.454,331490.828,277376.39,243071.844,218922.735,203057.242,188541.132,168409.094,162120.39,152756.133,141793.086,133248.25,125494.308,116680.75,107200.266,136
97,20.0,942199.562,669379.938,548276.125,482537.312,433478.344,398188.062,383850.344,343856.031,330414.438,304599.594,275828.5,254312.406,237256.625,218954.719,214830.938,33
97,20.5,1042608.0,865426.0,728345.875,641111.438,590702.5,547904.0,514205.781,461625.719,438635.5,404355.031,363853.969,332643.188,308320.875,283854.844,261174.109,11
98,3.0,43.784,46.182,51.289,57.008,59.222,61.586,64.256,68.673,72.64,75.516,80.108,83.291,85.489,89.036,93.381,16
98,3.5,43.979,45.496,47.743,51.25,53.806,55.511,59.176,63.258,64.996,66.161,70.076,72.769,76.881,79.092,77.135,23
98,4.0,62.441,64.751,67.956,71.699,75.806,79.695,81.795,85.882,87.585,89.648,92.633,93.824,94.354,95.848,100.582,44
98,4.5,59.619,64.857,71.004,78.219,81.553,85.213,89.6,90.953,92.271,93.394,98.737,101.336,103.606,106.386,108.996,65
98,5.0,72.399,72.041,76.253,81.512,84.232,87.748,90.741,93.138,95.954,98.234,102.357,101.673,104.926,107.426,111.192,142
98,5.5,73.676,72.225,78.229,84.213,86.913,90.452,93.944,96.742,99.108,100.92,104.071,107.616,110.197,112.372,112.328,221
98,6.0,84.535,80.662,83.852,88.82,91.485,93.39,96.518,99.326,102.51,103.63,108.636,112.541,115.064,116.836,117.698,244
98,6.5,99.888,88.761,86.63,83.413,85.814,88.461,91.926,94.81,96.519,98.406,96.002,95.203,98.508,95.138,93.348,137
98,7.0,97.363,75.556,67.032,63.07,60.426,57.762,56.447,54.261,53.369,52.348,51.338,49.801,50.305,51.072,50.586,115
98,7.5,121.688,99.444,91.837,88.904,87.405,86.5,84.722,82.689,85.126,83.514,80.212,78.28,77.31,74.673,75.38,102
98,8.0,154.969,134.156,129.366,128.985,132.02,133.852,137.849,140.216,142.55,146.711,151.222,153.771,156.748,159.242,162.076,888
98,8.5,174.192,146.738,140.764,139.81,141.558,143.414,144.824,149.093,152.207,157.092,163.216,163.798,165.526,165.596,166.95,908
98,9.0,211.623,175.255,164.712,158.974,156.872,158.457,162.279,167.266,170.87,174.25,176.85,174.954,173.029,170.148,163.022,492
98,9.5,265.651,214.227,195.403,184.193,180.588,178.576,178.886,179.919,183.558,182.817,181.602,185.06,190.205,196.02,195.188,376
98,10.0,336.573,267.722,244.154,232.023,225.897,220.98,217.169,219.01,221.64,221.053,222.19,226.274,223.349,229.45,233.719,273
98,10.5,443.484,343.936,305.27,284.573,274.37,268.142,265.104,260.815,258.762,253.998,255.817,261.265,266.05,273.68,285.154,326
98,11.0,602.22,469.21,409.403,382.916,363.015,350.058,344.49,336.694,333.472,332.508,337.399,335.14,335.66,344.073,352.203,330
98,11.5,830.435,641.144,565.061,525.585,505.936,497.802,485.903,472.188,473.034,478.43,485.634,496.165,497.83,502.57,501.772,356
98,12.0,1138.971,881.612,786.87,727.917,697.422,671.666,656.968,640.312,637.321,633.995,626.165,620.627,616.643,611.884,622.342,407
98,12.5,1577.186,1199.886,1059.875,970.73,924.892,883.13,851.964,813.569,809.738,783.395,767.829,764.446,759.954,754.635,761.966,458
98,13.0,2194.994,1710.06,1493.848,1378.834,1301.683,1251.226,1228.42,1176.144,1167.102,1135.663,1111.496,1117.232,1117.562,1104.868,1085.722,370
98,13.5,3110.501,2403.95,2104.468,1922.998,1844.686,1764.975,1717.342,1647.662,1632.44,1596.014,1551.968,1525.45,1479.927,1432.954,1401.116,342
98,14.0,4599.428,3596.926,3146.392,2857.094,2696.079,2607.513,2505.963,2384.138,2363.861,2313.67,2240.704,2161.22,2076.866,2046.876,2005.336,309
98,14.5,6914.251,5304.247,4651.891,4279.364,4040.194,3883.982,3726.79,3497.63,3375.836,3264.293,3145.178,3033.106,2927.219,2795.478,2713.646,309
98,15.0,10641.324,8027.178,6953.132,6349.015,5995.72,5741.631,5524.11,5244.224,5076.824,4903.086,4586.168,4299.386,4127.566,4001.051,3743.859,310
98,15.5,16457.992,12478.974,10592.038,9562.991,9010.15,8575.249,8180.26,7592.469,7400.344,6980.071,6553.743,6209.966,5918.755,5659.204,5315.544,292
98,16.0,25884.152,19111.378,16268.814,14528.592,13579.972,12751.172,12083.28,11209.508,10824.891,10284.738,9559.32,8986.971,8511.005,8113.024,7886.302,372
98,16.5,40325.852,30031.448,25318.145,22757.612,21077.459,19821.877,18676.605,17180.934,16534.538,15583.437,14599.274,13772.512,13207.18,12811.452,12230.133,404
98,17.0,63855.496,47213.938,39867.043,35204.365,32252.384,30312.634,28805.884,26177.705,25375.003,23943.369,22267.533,21208.371,20516.757,19630.194,18910.848,382
98,17.5,98940.442,73272.598,61620.002,54328.76,49777.467,46181.084,43375.762,39536.4,38396.158,36290.572,33999.765,32545.986,31375.236,30308.459,29346.583,414
98,18.0,151972.281,111299.328,94272.062,83597.875,77388.664,72052.273,68096.164,62483.051,60235.16,57187.18,53235.676,50484.48,48831.754,46990.332,44692.164,659
98,18.5,245150.969,180027.875,152012.828,134733.906,123847.875,115169.641,108347.938,99346.367,96109.898,90550.578,84935.906,81008.805,78062.547,74127.797,70813.234,1117
98,19.0,388080.5,284627.062,240767.734,213477.734,197113.062,183365.703,172716.203,157493.078,151977.5,143050.719,133764.641,127062.203,122568.484,118500.969,112651.055,1545
98,19.5,505183.657,372039.828,311674.968,273373.984,250911.188,232822.796,220106.594,200629.039,192376.148,183423.344,168909.102,159843.312,153262.555,148067.719,143673.18,180
98,20.0,971451.875,708336.25,600668.532,523613.938,490370.094,457137.813,431371.984,393704.312,379749.094,357481.766,333741.953,318882.969,310792.516,305920.375,299741.125,38
98,20.5,1346773.875,1016045.562,853118.75,751681.5,686571.438,646831.25,611890.25,562187.875,544231.625,513574.094,478924.531,453352.5,434539.125,416914.25,402550.719,15
99,3.0,64.143,62.69,60.696,60.258,60.534,61.366,62.448,63.138,63.542,64.628,66.454,68.145,69.893,71.862,73.746,18
99,3.5,34.396,41.47,41.705,45.781,46.988,48.26,50.008,52.9,53.825,55.697,59.227,61.911,63.496,66.103,65.389,29
99,4.0,44.902,45.742,48.74,53.832,55.805,56.843,58.778,61.67,62.62,64.542,66.034,67.634,69.624,72.071,71.627,76
99,4.5,60.829,61.253,62.493,64.328,64.819,66.647,69.663,73.376,74.685,76.881,81.944,85.51,88.512,90.484,92.33,85
99,5.0,64.809,67.594,72.337,75.989,75.82,77.846,80.523,83.222,84.513,87.225,91.944,94.83,97.159,101.474,104.996,183
99,5.5,76.163,71.568,73.457,71.906,74.399,77.468,79.952,83.332,83.971,86.283,90.39,93.521,94.996,98.132,102.312,358
99,6.0,79.855,73.941,76.54,80.211,82.167,84.638,87.698,90.878,92.345,94.481,96.265,96.372,97.127,97.732,98.758,317
99,6.5,92.339,75.552,70.968,68.179,65.509,61.897,62.326,60.936,60.796,62.51,65.262,67.085,65.751,65.863,61.629,131
99,7.0,107.735,91.908,81.935,83.309,85.758,90.074,91.88,92.053,93.288,93.977,92.364,85.161,80.773,83.631,81.804,117
99,7.5,137.786,119.228,109.181,104.875,103.318,104.355,103.424,95.99,97.061,99.837,102.537,101.949,98.735,96.81,90.167,163
99,8.0,151.842,129.712,122.274,120.633,122.294,124.856,128.25,130.327,132.04,135.572,139.158,140.074,140.799,144.181,147.585,1070
99,8.5,172.942,144.29,135.914,133.722,133.378,133.93,135.614,136.848,138.756,141.736,146.992,149.342,150.062,152.013,153.051,1040
99,9.0,222.536,183.385,171.857,165.524,164.49,163.063,163.5,162.664,162.242,160.624,163.474,165.24,160.595,158.312,156.95,735
99,9.5,280.866,222.736,201.316,190.991,182.579,176.996,174.357,168.214,166.657,163.079,161.044,155.874,151.029,146.318,137.084,723
99,10.0,358.112,285.802,256.685,233.127,218.696,211.341,203.805,193.224,190.581,184.306,177.768,174.272,172.338,172.918,173.796,533
99,10.5,504.212,392.236,347.334,326.866,311.478,303.11,297.147,295.045,291.481,290.479,287.099,294.626,298.366,305.248,303.113,383
99,11.0,686.067,536.308,469.118,439.935,420.054,400.21,380.078,361.475,360.288,352.942,352.528,346.086,343.152,350.588,361.308,296
99,11.5,998.406,771.681,669.142,619.684,593.744,575.223,556.254,535.538,527.63,514.936,493.764,488.938,485.556,478.986,473.26,322
99,12.0,1361.94,1052.158,910.203,829.516,782.208,748.886,723.998,688.388,673.648,665.185,643.79,639.796,621.432,620.578,611.008,360
99,12.5,2004.024,1514.633,1316.378,1197.149,1123.879,1063.954,1025.651,983.362,940.722,903.283,873.441,834.104,806.664,789.688,784.81,411
99,13.0,2940.38,2314.21,2061.775,1880.113,1789.976,1727.275,1667.812,1575.534,1552.963,1482.734,1414.968,1372.208,1339.187,1299.334,1258.201,400
99,13.5,4407.672,3375.33,2960.446,2712.406,2577.864,2483.224,2447.893,2323.922,2315.641,2215.505,2150.726,2110.616,2107.319,2020.346,1932.734,340
99,14.0,6417.794,5149.858,4637.461,4216.162,4064.113,3822.403,3746.44,3494.216,3368.414,3230.479,3092.102,2895.63,2809.546,2761.536,2645.159,209
99,14.5,10277.036,7791.834,6773.431,6279.486,5786.998,5510.446,5390.445,5195.312,5016.475,4776.688,4470.829,4259.536,4063.758,3838.658,3553.508,165
99,15.0,16357.347,12234.645,10404.312,9460.657,8968.089,8619.434,7904.063,7055.269,7021.804,6391.779,5989.621,5693.562,5553.932,5173.288,4898.27,163
99,15.5,26690.535,19592.312,16784.756,14866.31,13567.82,12920.553,12040.614,10980.2,10665.726,10062.764,9455.525,9005.258,8546.579,8109.675,7583.23,204
99,16.0,53151.645,39373.797,34085.691,30552.35,27948.766,25787.215,24462.168,22087.799,21095.514,19553.885,18084.168,17106.336,16081.995,15510.088,14760.376,333
99,16.5,78558.734,58022.129,50539.148,45245.789,41222.16,38380.973,36290.621,33055.691,31712.918,29712.137,27653.373,25999.793,24579.412,22880.887,22029.182,435
99,17.0,111472.586,82468.547,69640.039,62670.785,57510.863,54049.145,50883.02,45509.957,43156.883,40240.988,38055.531,35872.727,33858.492,32427.547,31097.424,369
99,17.5,144379.953,106055.289,87866.555,77281.914,70796.938,66107.094,61409.105,55963.09,53730.566,50681.664,46972.703,44336.121,41950.789,39170.914,36941.73,419
99,18.0,222834.297,162746.594,136092.703,118941.82,107945.5,99901.734,93244.102,83038.586,79351.109,73831.297,67827.898,63021.285,59759.426,56509.156,53318.328,527
99,18.5,333356.438,243848.445,206577.523,183708.422,166981.938,153514.328,143628.266,128344.277,123389.461,115321.907,105187.578,98310.879,93076.574,87844.028,81851.27,830
99,19.0,470960.047,341357.844,283305.938,250386.196,225887.5,208807.218,196385.382,177652.368,170389.367,157914.718,145958.617,136985.797,130823.176,122869.262,115819.875,1064
99,19.5,688949.344,510190.938,425991.0,370236.907,337002.906,308837.938,288673.093,257692.938,245743.188,225991.031,206240.117,193397.82,184247.703,174076.836,167181.945,118
99,20.0,902504.062,643321.375,536268.5,468872.578,421288.984,393974.5,367931.797,325110.344,309229.094,291326.296,278817.782,259270.43,244318.75,224875.89,202489.992,38
99,20.5,1121683.188,813339.188,675430.156,600328.156,583336.906,538350.812,501583.562,448134.219,427949.625,397072.984,364941.328,342518.218,325586.312,320492.562,315280.532,10
100,2.5,25.719,25.392,25.712,28.09,29.515,30.981,32.743,35.025,36.005,37.176,39.33,41.023,42.417,44.33,46.599,11
100,3.0,37.853,46.246,49.504,51.664,53.748,55.099,57.454,60.493,61.76,63.856,66.914,69.18,70.695,74.317,78.73,18
100,3.5,32.672,31.685,37.894,42.956,44.011,45.695,47.301,49.095,49.813,51.177,53.844,56.204,60.319,63.1,66.426,22
100,4.0,41.567,44.55,48.962,51.408,53.206,54.05,55.762,57.305,57.82,59.836,62.685,65.596,68.592,71.484,74.37,58
100,4.5,50.889,52.625,54.537,56.579,58.485,60.676,63.213,65.312,66.127,67.491,69.736,71.72,73.604,76.278,79.372,72
100,5.0,59.577,59.493,65.591,70.684,73.174,74.891,76.935,80.976,82.158,84.826,88.305,91.547,92.303,94.167,97.814,167
100,5.5,65.072,62.874,65.581,64.569,66.566,69.833,72.168,76.441,77.241,78.989,83.104,85.059,86.951,89.935,93.278,327
100,6.0,72.74,71.001,71.573,71.318,72.12,75.255,79.162,82.357,83.451,85.807,89.538,91.365,93.577,95.837,99.006,329
100,6.5,76.522,63.472,58.293,57.044,55.996,55.587,56.35,56.598,56.75,56.822,54.904,54.744,55.69,57.802,60.391,132
100,7.0,97.045,78.946,75.086,73.232,72.754,70.063,69.626,67.642,68.083,71.779,72.596,71.489,70.458,70.748,70.42,138
100,7.5,115.033,98.632,89.998,92.323,86.758,86.7,87.613,88.505,86.514,85.401,84.482,84.609,83.979,82.855,84.009,193
100,8.0,145.781,128.122,124.036,123.9,126.218,128.844,132.182,135.471,137.267,141.086,145.582,147.565,149.193,151.397,156.573,1067
100,8.5,169.993,144.817,138.103,136.738,138.146,140.039,143.478,146.8,148.285,151.37,156.16,158.248,159.828,162.562,166.662,1116
100,9.0,221.385,180.152,167.259,161.683,159.928,159.981,160.575,159.444,160.123,162.017,162.33,163.871,162.087,159.734,158.261,936
100,9.5,281.577,221.106,199.929,187.149,178.462,173.423,169.175,163.598,163.415,158.905,155.254,153.647,150.352,143.586,136.778,963
100,10.0,357.656,284.684,256.641,243.399,232.198,223.365,216.838,209.179,206.34,205.264,199.25,195.158,198.671,191.422,186.097,699
100,10.5,506.826,401.631,362.705,345.948,334.354,326.966,324.404,319.481,320.114,316.858,323.942,326.492,330.304,337.671,347.892,486
100,11.0,691.736,538.093,480.709,451.948,427.767,412.624,404.994,392.394,391.336,391.884,389.49,386.855,394.572,401.996,411.029,472
100,11.5,1009.888,795.66,720.604,675.687,649.144,623.875,607.367,590.935,591.18,599.986,595.94,592.882,597.631,609.797,624.488,483
100,12.0,1488.454,1175.363,1055.788,999.774,978.97,963.317,951.97,936.82,926.154,919.174,924.3,918.503,929.307,942.744,965.875,610
100,12.5,2102.278,1680.311,1539.83,1415.964,1379.463,1349.914,1329.421,1304.91,1309.189,1299.147,1295.388,1276.034,1277.062,1302.419,1297.508,726
100,13.0,3251.452,2588.144,2347.152,2176.786,2104.22,2060.364,2044.172,2000.86,1972.622,1977.262,1947.972,1922.978,1882.84,1860.49,1841.141,728
100,13.5,5008.415,3993.312,3597.849,3385.921,3257.637,3188.979,3129.768,3037.969,3023.595,2985.21,2966.645,2866.587,2818.247,2810.992,2720.19,691
100,14.0,7813.219,6168.552,5410.687,5027.118,4791.055,4574.707,4491.053,4349.806,4315.024,4248.006,4137.59,4082.359,4001.24,3895.293,3810.352,595
100,14.5,12602.549,9854.287,8591.182,7953.976,7506.819,7161.795,6870.259,6593.338,6448.245,6252.879,5935.203,5636.288,5434.909,5113.735,4880.817,599
100,15.0,21921.994,16725.459,14412.945,12994.949,12287.065,11418.905,10825.988,10159.667,9845.33,9543.823,8986.118,8750.395,8485.505,8117.11,7939.998,513
100,15.5,29933.19,22400.498,19014.522,17193.286,15863.374,15001.893,14222.261,13185.146,12780.023,11921.438,11234.518,10629.276,10198.608,9572.568,9064.21,544
100,16.0,46160.395,34749.418,30379.5,27654.746,25287.482,24024.072,22900.797,21246.959,20563.039,19373.871,18110.973,17470.264,16963.516,16149.736,15576.617,285
101,2.5,35.506,37.167,37.515,40.884,42.549,44.628,46.737,49.012,48.791,49.508,51.102,52.212,53.286,54.443,55.758,17
101,3.0,33.307,28.516,30.796,34.538,35.736,36.756,38.334,40.848,41.564,43.049,45.275,47.231,49.314,51.611,54.371,13
101,3.5,79.437,64.567,57.009,54.252,53.564,53.138,53.101,53.629,54.198,55.923,59.363,62.466,65.386,68.917,73.159,13
101,4.0,47.567,50.585,52.031,53.114,54.367,54.886,56.834,60.724,61.853,64.148,67.913,70.928,71.811,75.082,78.925,51
101,4.5,55.891,55.939,54.382,56.774,56.787,56.542,58.929,62.015,62.502,65.125,70.155,73.072,74.371,72.847,75.674,71
101,5.0,67.355,63.337,64.295,69.216,72.238,74.693,79.394,82.778,84.034,85.265,89.355,92.591,93.266,96.226,97.721,157
101,5.5,72.379,69.014,71.155,71.964,74.088,77.177,80.878,82.612,84.125,86.286,90.835,93.45,93.789,95.961,99.19,291
101,6.0,80.947,75.524,76.283,76.622,79.474,81.004,84.624,88.262,90.298,91.559,93.918,95.421,98.155,98.734,101.708,287
101,6.5,85.383,67.994,62.168,59.538,58.471,58.154,58.922,57.561,57.431,57.359,57.391,57.637,57.207,59.728,62.419,129
101,7.0,100.71,82.547,74.734,68.172,65.01,65.043,62.615,60.218,60.229,57.064,53.587,53.104,52.79,52.056,50.483,135
101,7.5,122.158,98.369,87.664,83.296,82.048,81.448,83.036,80.404,80.513,80.418,76.084,74.183,71.817,70.901,66.044,191
101,8.0,152.764,131.6,126.264,126.171,128.798,132.218,134.25,137.154,139.005,143.556,150.888,152.396,153.882,156.934,158.378,1076
101,8.5,175.084,147.552,140.254,137.248,138.9,140.255,143.513,147.981,149.345,152.596,157.29,157.193,156.296,158.774,163.342,1073
101,9.0,221.042,178.251,164.291,157.337,155.947,155.586,154.747,151.746,151.153,150.411,150.838,152.822,149.219,146.144,139.121,887
101,9.5,282.427,217.955,193.79,179.806,169.388,163.46,159.278,152.514,148.465,142.494,136.056,133.299,126.494,122.23,118.817,917
101,10.0,349.132,268.148,236.572,216.964,206.65,198.44,189.939,181.14,176.962,172.012,167.478,162.111,154.209,149.588,142.126,626
101,10.5,490.012,393.046,347.992,331.033,323.749,318.474,315.931,313.179,310.294,311.596,309.833,306.577,307.337,310.338,319.713,218
101,11.0,656.822,514.32,455.753,423.994,401.414,391.22,380.68,362.922,356.424,353.562,348.458,352.943,354.858,356.991,359.268,274
101,11.5,946.488,736.707,637.868,594.682,561.076,537.747,517.987,494.861,490.24,483.694,488.378,484.788,490.166,503.987,532.608,280
101,12.0,1294.298,996.9,876.97,817.654,783.747,762.327,740.852,700.192,688.863,675.132,662.612,654.919,633.662,635.93,650.752,349
101,12.5,1843.608,1405.006,1255.813,1162.577,1107.673,1055.162,1009.469,940.866,927.164,907.555,898.904,886.318,884.058,885.734,860.35,438
101,13.0,2679.116,2109.688,1854.897,1727.816,1647.261,1611.976,1555.859,1496.927,1468.051,1429.734,1390.489,1384.28,1365.53,1332.764,1271.437,439
101,13.5,3959.786,3124.648,2789.253,2606.856,2504.696,2441.027,2370.458,2297.554,2292.296,2248.996,2256.216,2254.788,2198.449,2122.62,2052.11,374
101,14.0,5796.43,4612.74,4028.265,3716.525,3504.455,3367.411,3276.049,3118.176,3049.154,2945.926,2839.778,2642.552,2553.264,2511.691,2358.632,270
101,14.5,8848.305,6845.084,5976.899,5433.98,5111.191,4903.229,4718.093,4369.798,4268.124,4111.676,3856.525,3699.597,3505.401,3324.737,3093.109,233
101,15.0,14244.032,11047.172,9527.634,8603.43,7893.016,7419.168,7017.39,6518.736,6295.826,5986.564,5541.188,5199.188,4973.658,4680.262,4468.446,224
101,15.5,22638.932,16693.503,14231.418,12673.052,11564.044,10845.83,10367.218,9214.292,8784.852,8048.594,7413.612,7034.058,6656.748,6336.254,5955.659,260
101,16.0,35796.039,26133.812,22423.742,20130.609,18280.594,16892.16,15986.821,14684.824,14017.126,13147.503,11859.605,11235.087,10589.121,9594.695,9062.586,251
101,16.5,42987.133,32229.406,26937.193,23487.902,21512.992,19625.514,18440.691,16627.311,15839.017,14496.126,13251.577,12278.736,11605.789,10830.691,10116.008,159
101,17.0,72192.297,51557.699,44006.879,38756.82,36178.344,33233.668,30918.119,27804.121,26689.578,24867.656,23161.146,21763.729,20619.371,19148.783,17749.1,215
101,17.5,116467.84,84648.852,70515.926,62039.156,56645.366,52609.57,49327.994,44112.711,42246.01,39142.873,35766.77,33476.934,31918.838,29899.86,27609.585,332
101,18.0,189763.469,138024.203,114504.57,101145.633,91345.07,84102.188,78319.477,70080.133,67398.844,61857.953,56217.43,52209.41,49246.047,45792.926,42911.414,551
101,18.5,291797.75,211434.672,176764.75,153930.688,139854.609,129192.117,121030.648,108234.562,103514.68,95569.039,86769.023,80652.711,75355.156,70229.0,65088.32,881
101,19.0,443132.875,322306.438,267896.344,235105.734,212052.641,197013.578,183768.172,164663.672,157170.031,145412.812,133016.078,123792.5,115762.242,107624.672,100644.656,1103
101,19.5,632906.219,459176.0,382297.234,335880.812,303063.046,281332.719,262444.796,233417.594,222279.774,205548.094,186498.898,172421.211,161810.992,151118.492,141361.563,128
101,20.0,1099663.438,812145.813,686643.25,612111.562,561527.875,521627.938,500234.11,474882.718,452427.672,416066.438,380819.922,359347.218,343547.672,327948.516,312341.39,48
101,20.5,2462351.5,1834852.25,1594477.0,1433626.5,1325773.75,1251821.375,1197423.25,1121393.75,1092861.75,1046913.25,992035.062,955388.25,943834.5,936468.375,932607.688,19
102,3.0,39.694,35.664,35.658,36.718,39.172,41.524,43.85,46.624,48.569,50.492,53.79,56.095,59.466,60.842,60.098,12
102,3.5,36.229,38.01,42.381,46.162,48.781,51.738,54.17,56.562,58.406,59.686,61.274,62.632,63.894,65.69,67.912,20
102,4.0,45.057,48.162,51.424,54.018,55.832,56.449,58.429,62.465,65.852,68.198,70.48,71.936,71.975,72.932,77.12,43
102,4.5,59.575,59.855,59.788,59.256,62.276,64.275,66.805,68.42,69.101,69.66,70.837,73.858,77.49,80.705,83.86,71
102,5.0,70.805,67.656,72.144,75.333,77.859,79.81,83.291,87.721,89.271,92.32,96.586,98.274,100.871,103.506,105.069,163
102,5.5,76.295,73.541,76.794,76.659,79.383,80.978,84.694,87.775,88.949,92.534,97.576,99.212,101.629,103.237,103.088,269
102,6.0,84.874,80.901,83.64,86.917,90.713,93.343,96.457,98.189,99.497,101.067,104.225,105.378,106.706,108.753,109.24,295
102,6.5,92.576,71.844,65.191,61.918,62.372,60.518,60.071,56.841,56.111,55.911,52.987,50.988,52.35,52.294,53.27,121
102,7.0,106.566,84.868,76.218,71.198,71.13,71.174,71.466,70.128,67.978,65.674,64.388,62.117,58.921,55.101,53.802,138
102,7.5,128.895,104.897,95.794,89.546,86.822,83.93,83.399,80.705,78.182,76.718,75.952,75.207,71.567,68.836,64.422,168
102,8.0,157.099,135.652,129.602,130.162,134.266,138.64,142.023,145.751,147.045,150.203,155.149,157.012,159.003,163.328,166.014,973
102,8.5,179.307,150.575,143.072,141.384,143.337,145.161,147.786,150.968,152.959,158.25,161.405,164.206,165.073,168.066,170.802,1055
102,9.0,221.053,181.354,165.564,157.605,154.676,153.64,154.692,153.715,151.852,150.635,150.521,148.016,141.177,141.834,137.931,759
102,9.5,280.726,217.32,192.696,178.782,171.842,167.31,162.448,151.524,148.704,144.22,135.652,130.699,126.638,122.311,119.968,736
102,10.0,354.256,277.121,242.504,225.788,214.644,201.606,197.114,187.474,184.886,178.344,173.487,168.978,163.74,159.366,152.378,492
102,10.5,495.734,391.156,345.226,333.165,323.071,314.803,318.439,308.51,302.211,303.608,308.377,297.306,298.569,315.084,322.997,201
102,11.0,675.022,534.69,474.497,441.339,419.547,399.508,382.122,365.882,360.31,356.336,348.766,357.718,349.649,350.22,341.157,248
102,11.5,962.678,735.89,641.16,592.446,569.422,549.146,538.828,520.136,504.692,490.893,484.436,470.846,462.663,468.275,468.524,302
102,12.0,1305.759,1032.997,907.194,833.152,789.939,763.962,741.699,703.73,692.559,674.403,664.246,643.223,627.942,607.733,603.156,351
102,12.5,1931.873,1479.452,1282.251,1201.18,1162.16,1118.059,1086.488,1039.402,1007.942,968.868,929.526,907.88,873.776,877.236,847.957,412
102,13.0,2758.685,2176.499,1919.938,1814.167,1755.447,1693.446,1642.917,1576.134,1549.624,1521.965,1516.386,1502.363,1463.666,1464.895,1437.303,427
102,13.5,4113.834,3188.662,2848.88,2686.834,2588.438,2494.442,2433.217,2326.67,2280.633,2218.299,2197.244,2140.644,2072.94,2069.267,2035.725,345
102,14.0,5793.104,4473.424,3983.799,3714.266,3500.907,3363.486,3236.421,3173.482,3119.564,2957.39,2810.466,2689.672,2555.284,2484.912,2419.634,282
102,14.5,8881.454,6883.541,5931.28,5397.031,5163.023,4791.542,4639.111,4377.381,4189.086,4093.013,3876.133,3618.358,3383.526,3188.765,3019.065,223
102,15.0,15964.006,12264.289,10835.208,9726.459,9012.042,8534.696,8139.19,7430.172,7191.479,6762.352,6243.481,5820.508,5478.156,5023.753,4712.898,222
102,15.5,25968.205,18863.037,15892.234,14257.406,12842.383,12084.059,11301.404,9933.402,9301.8,8467.993,7724.841,7176.933,6759.467,6311.503,5906.715,235
102,16.0,46372.018,34114.469,28977.09,25862.73,23536.538,21998.846,20773.712,19203.349,18358.426,16973.291,15790.261,14672.196,13748.812,12691.4,11808.569,350
102,16.5,64043.506,46679.932,39827.841,35441.943,32431.692,29757.616,28038.516,25208.634,24220.444,22271.69,20511.239,19052.064,17824.036,16741.635,15444.384,430
102,17.0,88351.375,64223.292,53816.78,47129.558,43124.386,39925.582,37518.193,33621.55,32065.608,29945.453,27776.209,25566.808,24386.101,22869.168,21256.154,388
102,17.5,129519.773,93767.219,78661.992,68298.242,61697.859,56824.762,53565.273,47883.797,45662.07,42251.316,38158.586,35415.508,32946.691,30825.096,28830.582,413
102,18.0,186620.539,135469.086,111611.644,98485.352,89486.746,82354.68,77074.687,68609.754,65501.869,60660.988,54685.976,50685.594,47378.174,43991.36,40991.758,540
102,18.5,292143.406,210030.39,175788.211,154198.688,139001.102,127948.785,119171.804,106353.016,101694.23,93816.242,85004.472,78747.848,73910.449,68756.082,64033.156,936
102,19.0,435327.219,314677.344,261333.375,228432.844,206064.359,190370.062,177679.547,159233.672,151640.297,141036.188,127815.305,119324.414,112875.164,104958.688,97040.422,1141
102,19.5,709376.875,504142.125,421968.781,365277.312,332474.094,306347.312,286749.688,259214.688,248680.516,228693.109,206414.969,193714.219,180987.031,170490.5,160757.781,141
102,20.0,1155460.125,830718.344,688408.094,620250.063,571094.906,531163.516,515267.594,469068.64,445900.219,407777.625,379975.484,369082.094,350547.0,336171.875,322503.375,50
102,20.5,1897950.875,1393269.125,1164400.562,1041337.938,971292.156,898557.844,835371.188,742377.0,706883.812,650552.718,589410.375,545352.641,511992.313,478088.282,446429.0,20
103,3.0,43.832,46.734,51.053,55.1,57.83,60.826,63.801,65.574,66.261,67.973,70.718,72.983,73.974,75.054,77.404,16
103,3.5,65.687,66.864,67.024,68.781,70.07,71.947,74.259,77.652,79.4,82.33,86.146,89.467,91.394,94.009,97.543,20
103,4.0,69.618,66.073,66.427,66.184,63.823,62.959,62.805,63.897,65.12,67.064,70.371,72.982,75.281,78.092,81.812,35
103,4.5,67.541,63.382,70.462,76.422,77.692,78.596,81.226,85.158,86.52,86.964,90.502,92.178,94.101,98.222,102.105,70
103,5.0,83.307,83.553,80.559,85.863,88.218,89.997,93.379,98.323,99.195,101.607,105.236,107.034,110.903,115.191,118.245,169
103,5.5,82.22,76.731,78.663,81.058,83.11,87.237,89.427,93.096,94.8,97.368,100.097,101.661,103.654,108.343,111.147,271
103,6.0,93.156,83.183,83.422,85.498,86.608,89.193,91.778,95.427,97.99,102.014,106.12,108.976,110.038,113.273,114.665,264
103,6.5,94.045,75.271,67.921,62.373,60.422,59.965,60.371,58.185,56.751,55.63,54.696,51.574,52.379,50.086,49.199,115
103,7.0,108.732,87.627,79.432,75.031,72.41,71.187,68.528,66.402,66.963,62.215,60.481,59.29,58.887,56.721,55.354,119
103,7.5,133.826,104.673,92.971,87.67,83.979,82.374,80.517,79.536,79.804,76.75,76.667,77.049,71.445,67.655,66.594,143
103,8.0,163.274,140.94,134.114,133.637,134.476,136.462,138.773,142.339,144.646,147.839,154.456,158.078,159.503,160.7,163.63,926
103,8.5,184.728,155.156,145.844,144.133,144.417,146.746,148.787,151.804,154.326,158.724,164.2,167.578,170.012,173.791,175.111,979
103,9.0,224.837,180.998,163.754,155.608,154.136,152.838,150.581,150.0,150.134,152.264,152.142,153.897,153.796,153.612,148.207,676
103,9.5,280.435,217.611,195.018,181.667,174.563,172.479,169.939,163.988,162.664,160.908,157.544,150.987,147.416,141.666,138.136,547
103,10.0,374.952,289.747,254.872,235.812,226.329,217.632,210.653,201.345,200.326,195.643,193.565,186.23,182.017,179.354,177.33,373
103,10.5,506.355,393.334,351.339,330.523,313.979,303.928,297.308,286.474,282.212,275.134,269.644,258.4,251.469,248.638,246.357,343
103,11.0,694.673,538.861,469.357,438.247,420.708,406.842,397.119,380.785,379.527,377.182,378.017,373.471,374.777,373.435,368.108,289
103,11.5,942.197,730.988,644.598,597.027,563.719,540.236,519.774,495.11,490.656,484.732,477.917,488.971,495.477,508.892,522.378,301
103,12.0,1292.191,1001.586,881.561,833.917,782.36,750.053,715.255,692.767,695.552,692.334,691.605,681.189,677.829,666.906,661.182,346
103,12.5,1880.572,1484.732,1300.631,1206.248,1168.056,1124.772,1089.45,1035.296,1015.702,988.6,956.558,928.096,911.667,908.123,896.52,456
103,13.0,2856.87,2244.827,2005.098,1878.187,1804.3,1725.898,1664.292,1626.59,1602.653,1556.067,1488.056,1445.098,1400.052,1382.281,1359.626,432
103,13.5,4613.247,3649.977,3294.969,3080.672,2971.746,2922.915,2881.371,2882.024,2855.167,2866.33,2870.97,2888.975,2869.677,2786.743,2745.0,359
103,14.0,6409.192,5004.967,4407.54,4039.485,3909.131,3807.813,3682.539,3534.216,3478.63,3392.505,3223.411,3097.289,3085.112,3001.553,2813.723,321
103,14.5,11093.78,8345.686,7284.668,6683.222,6374.419,6057.946,5834.56,5396.786,5280.781,5094.987,4806.976,4527.47,4332.697,4084.696,3824.148,312
103,15.0,15387.199,11681.193,10191.104,9250.903,8643.587,8220.763,7811.18,6973.228,6680.573,6353.602,6157.349,5886.495,5452.342,5013.379,4543.483,271
103,15.5,24314.758,17964.081,15423.558,13644.28,12532.048,11845.976,11136.732,10017.983,9626.033,8982.151,8321.73,7870.639,7353.041,6874.669,6438.716,278
103,16.0,45602.66,33887.109,28867.137,25426.477,23400.504,21739.543,20423.434,18582.4,17833.492,16769.234,15355.956,14379.924,13521.727,12790.432,12074.17,397
103,16.5,78386.414,57730.562,48822.617,43216.027,39877.895,37558.57,35537.438,32313.158,31382.285,29812.445,27622.031,25845.834,24380.982,22833.717,21247.051,503
103,17.0,103842.91,76537.082,64844.2,57823.02,53080.672,49306.867,46735.277,41826.744,39715.016,37035.916,33850.871,31933.546,29984.624,27984.43,25880.474,482
103,17.5,130037.441,94838.516,79235.496,70357.27,64461.738,59394.841,55506.754,49851.144,47841.47,44110.924,40586.422,38074.138,35861.74,33832.896,31420.76,458
103,18.0,176176.976,127237.707,105314.859,92538.086,83314.246,76626.942,71608.832,64227.354,61252.865,56934.278,51872.982,47881.61,44924.664,41864.481,38639.217,578
103,18.5,269493.969,193731.196,160222.75,140070.422,126777.641,116671.293,108920.656,97321.106,93105.117,86042.843,77933.535,72214.52,67795.386,63252.562,59147.326,902
103,19.0,384831.125,276237.156,227987.062,199983.75,180430.594,166063.188,154959.859,138528.172,132574.844,122021.969,110273.594,102204.453,96396.148,89634.305,83284.562,1055
103,19.5,568975.125,411596.875,339251.422,295582.078,266278.281,245142.938,227766.82,203217.617,194268.203,179695.265,162287.328,149450.719,139418.438,129036.558,119522.856,130
103,20.0,1470544.75,1038606.562,859056.188,740718.188,663154.0,606937.188,563232.062,498880.156,474199.031,434440.562,390427.344,358109.5,333183.688,307539.125,283416.031,31
103,20.5,1329178.75,954650.312,798543.312,708050.938,633500.875,582959.375,543018.625,482662.906,459081.312,419755.0,374696.312,341216.688,320130.562,297768.5,275892.0,13
104,3.0,32.621,41.342,45.972,50.392,52.494,54.182,55.966,59.206,60.403,62.645,63.664,65.45,67.13,66.219,68.579,13
104,3.5,67.419,63.507,72.769,75.412,76.093,74.65,74.126,74.406,75.212,76.502,81.263,84.976,88.473,93.704,100.014,17
104,4.0,43.984,41.944,46.421,50.191,53.319,54.86,56.78,60.599,62.845,64.677,68.582,66.897,67.645,70.319,73.518,35
104,4.5,62.942,62.779,61.133,67.297,69.751,72.152,72.282,75.45,76.833,79.942,84.789,87.768,90.201,92.212,94.329,75
104,5.0,73.001,70.293,73.842,78.464,80.722,84.491,85.468,88.788,89.074,91.349,94.406,97.468,99.262,99.736,102.0,145
104,5.5,84.733,77.57,77.933,82.948,83.906,86.603,90.487,95.514,96.842,99.375,103.679,104.476,106.112,107.027,110.069,245
104,6.0,90.22,81.982,82.752,85.351,89.797,92.247,94.062,97.459,97.96,98.108,104.285,106.362,107.768,109.96,113.399,208
104,6.5,101.309,86.813,79.12,75.511,68.725,66.579,65.975,64.332,62.343,62.708,63.531,65.313,65.704,62.561,64.587,109
104,7.0,115.948,93.405,84.427,77.477,74.623,74.042,71.584,69.429,69.272,67.608,66.454,65.04,63.887,62.385,58.032,93
104,7.5,133.631,102.346,91.922,85.721,82.95,79.164,78.145,76.12,72.41,68.101,66.796,65.691,65.758,62.583,59.58,117
104,8.0,163.304,143.951,141.798,140.809,143.169,144.726,148.096,151.188,153.768,156.752,163.381,166.1,167.582,170.709,173.679,773
104,8.5,180.468,152.419,143.058,140.588,141.807,143.246,146.133,149.13,149.886,156.826,163.232,165.639,167.97,170.814,171.612,869
104,9.0,215.613,176.118,158.613,148.957,143.797,141.204,140.881,140.551,141.37,140.86,137.73,136.673,134.555,135.253,132.262,597
104,9.5,270.771,214.972,193.524,179.394,170.858,164.68,162.166,155.008,151.302,148.084,144.183,138.984,135.76,131.836,128.813,460
104,10.0,355.122,272.924,238.31,216.799,207.511,199.092,189.89,179.148,175.975,167.99,166.61,161.292,155.999,147.146,145.77,329
104,10.5,444.231,337.969,295.8,270.105,250.706,237.287,225.995,212.901,207.203,195.913,184.037,178.254,178.984,174.48,170.22,401
104,11.0,597.516,449.526,390.184,350.753,323.951,305.598,290.599,267.815,260.003,249.476,239.928,234.283,233.628,229.077,225.977,465
104,11.5,828.161,625.962,534.058,481.402,450.854,426.325,405.934,372.054,365.282,348.128,330.348,318.989,314.948,312.345,304.526,457
104,12.0,1202.243,912.098,786.429,713.539,658.309,622.049,595.767,549.502,534.088,519.905,491.141,477.151,469.48,460.795,450.269,403
104,12.5,1855.651,1413.255,1258.106,1149.253,1084.682,1024.147,989.503,926.04,904.195,887.656,853.29,817.658,811.496,779.562,770.024,516
104,13.0,2705.584,2147.608,1906.014,1740.622,1665.298,1576.25,1506.841,1387.252,1348.72,1278.381,1168.354,1124.907,1072.379,1072.731,999.216,511
104,13.5,3987.113,3014.452,2651.395,2418.73,2288.973,2202.896,2107.185,1952.752,1917.442,1806.317,1690.211,1639.852,1628.564,1550.469,1457.524,340
104,14.0,5922.006,4570.237,3973.921,3639.759,3375.55,3210.668,3123.873,2847.464,2754.169,2639.376,2464.249,2356.172,2261.363,2193.944,2122.327,305
104,14.5,9400.507,6941.675,5850.752,5265.2,4899.918,4591.713,4454.576,3992.552,3881.95,3612.963,3344.182,3168.926,3038.814,2890.934,2821.086,363
104,15.0,13939.764,10331.656,8904.115,7971.597,7445.318,6896.751,6485.477,5761.841,5567.403,5204.845,4875.414,4529.255,4314.557,4093.407,3936.496,271
104,15.5,19713.1,14288.472,11668.19,10264.403,9388.41,8613.022,8063.539,7421.134,7060.657,6588.366,6054.262,5703.763,5330.244,5071.268,4756.835,235
104,16.0,34649.406,25606.797,21648.275,18879.396,16973.43,15610.312,14607.224,13517.377,13066.47,12126.435,11183.318,10466.936,9913.175,9307.906,8902.222,337
104,16.5,57715.45,41720.308,35296.748,30866.554,28512.332,26431.215,24875.705,22904.582,22218.591,20591.954,18842.089,17823.202,16792.422,15789.45,14812.298,378
104,17.0,64257.191,46480.805,38456.297,33514.043,30638.246,28296.977,26220.084,23373.605,22231.777,20540.482,18718.734,17308.264,16265.557,15256.828,14232.111,339
104,17.5,101504.468,73479.723,59920.986,52832.0,47465.982,43646.265,40666.436,36273.77,34562.57,32025.182,29240.789,27255.69,25498.51,23632.285,21995.918,422
104,18.0,153891.031,110742.336,92485.359,80710.375,72735.922,66834.492,62357.305,55658.109,53047.102,48918.34,44402.629,40963.406,38363.496,35394.727,32947.715,627
104,18.5,239469.859,170507.438,141578.828,123697.258,110969.336,102458.961,95576.711,85448.523,81335.945,75164.734,68150.273,62805.145,58995.781,54777.957,51056.277,1001
104,19.0,366368.188,261956.922,216790.047,189002.281,170319.344,156653.297,146409.078,130940.023,125356.672,116172.414,105804.891,98095.93,91991.008,86076.727,79894.156,1327
104,19.5,508992.469,362262.844,300789.625,263799.14,234999.336,216425.961,204163.961,182361.719,173560.102,161101.641,146412.25,135830.304,128633.516,119816.051,111511.445,140
104,20.0,957239.782,702900.906,580818.344,502343.703,450110.36,409303.078,379686.234,335453.546,320022.062,292595.781,262244.852,246109.258,235682.961,217139.71,204787.328,42
104,20.5,1631833.875,1303491.25,1064669.562,931030.875,837248.875,769119.438,715821.0,654746.094,631407.875,596008.375,565642.656,548697.719,526888.0,492499.89,463049.375,18
105,3.5,55.049,56.053,60.486,63.918,67.484,71.42,75.608,79.429,80.599,82.488,85.162,87.349,90.314,90.06,86.948,18
105,4.0,57.518,59.988,66.086,70.564,74.951,78.264,79.104,80.046,80.923,81.432,82.459,84.213,88.566,88.955,90.952,32
105,4.5,60.544,59.803,60.195,65.392,67.218,70.083,73.202,77.853,78.532,80.9,85.243,89.171,91.869,93.654,98.614,51
105,5.0,92.744,90.011,93.501,96.705,97.33,98.401,101.265,106.582,109.367,111.366,113.071,116.087,118.18,120.775,125.022,109
105,5.5,92.864,86.16,89.292,92.931,95.4,98.586,100.508,105.332,106.131,110.326,115.571,118.959,123.304,126.965,128.829,210
105,6.0,101.624,91.85,89.242,93.339,97.664,99.714,101.789,104.068,105.411,105.034,108.425,111.365,113.548,115.911,119.574,172
105,6.5,102.747,83.616,75.187,68.593,68.102,66.499,63.92,65.122,65.353,63.033,61.203,63.084,63.033,57.736,58.016,75
105,7.0,130.985,101.747,89.558,81.763,82.404,80.077,77.221,74.847,73.43,71.312,73.385,69.987,72.283,67.613,61.616,95
105,7.5,134.308,100.903,86.741,78.726,75.652,72.746,70.282,67.161,67.247,66.913,62.206,60.353,59.429,58.716,56.647,95
105,8.0,170.355,150.008,146.788,146.324,146.417,149.366,151.544,153.622,155.657,160.139,167.872,169.984,172.895,175.293,179.675,630
105,8.5,189.116,160.109,153.686,152.669,153.122,154.222,153.749,156.387,157.756,162.502,168.342,173.02,172.277,173.942,172.807,831
105,9.0,217.529,174.965,155.909,146.112,142.922,139.382,136.433,130.333,127.45,126.126,123.611,122.518,120.767,118.902,117.859,539
105,9.5,270.456,210.225,182.615,169.81,159.216,150.624,144.358,134.108,130.682,125.467,122.273,118.808,115.854,113.562,113.567,404
105,10.0,331.855,243.492,206.237,185.102,170.758,159.555,150.697,138.939,134.457,128.078,120.153,115.438,111.342,105.713,102.178,479
105,10.5,402.594,296.911,248.911,220.317,200.458,186.462,176.049,161.249,154.687,144.726,134.183,127.077,121.309,115.125,110.013,877
105,11.0,525.145,384.746,321.824,282.963,257.023,237.084,222.179,201.138,192.535,179.827,164.727,155.084,147.099,139.071,131.9,973
105,11.5,685.403,496.96,414.953,364.119,328.176,304.282,284.741,255.649,244.801,227.582,208.679,195.807,184.514,174.071,163.714,869
105,12.0,936.438,680.803,567.217,497.958,453.206,420.491,394.63,353.847,337.705,312.666,286.493,267.869,255.014,240.681,228.382,591
105,12.5,1530.8,1156.72,997.694,888.525,837.465,785.4,746.71,689.335,668.181,637.974,611.673,587.978,578.343,572.014,557.786,349
105,13.0,2055.661,1553.74,1349.269,1226.544,1145.15,1078.515,1036.74,958.176,924.74,874.108,827.194,794.264,756.319,735.992,712.28,266
105,13.5,2920.124,2170.942,1881.322,1687.035,1577.293,1497.5,1427.568,1315.242,1262.046,1185.286,1103.529,1036.464,987.229,935.258,924.034,185
105,14.0,4255.276,3180.866,2731.168,2468.909,2296.059,2143.328,2029.637,1855.725,1785.399,1655.164,1519.852,1455.624,1388.41,1313.155,1198.411,163
105,14.5,6114.252,4512.256,3872.584,3467.188,3146.637,2902.776,2724.823,2476.701,2384.884,2210.695,2003.867,1855.613,1741.275,1623.315,1495.615,175
105,15.0,9260.028,6898.069,5813.318,5130.59,4644.491,4297.022,4049.164,3634.877,3531.761,3271.828,2973.608,2759.926,2577.101,2408.316,2233.526,164
105,15.5,15409.195,11048.926,9231.704,8141.51,7315.783,6767.204,6309.83,5651.83,5384.376,4966.272,4572.082,4256.619,3976.101,3707.831,3457.117,154
105,16.0,22521.15,16444.429,13815.053,12181.35,10860.888,9978.996,9239.108,8336.322,7966.452,7372.316,6729.626,6210.396,5841.312,5456.373,5111.328,200
105,16.5,36324.695,25972.578,21845.566,19225.598,17389.422,16157.493,15053.457,13503.741,12859.169,11903.847,11021.0,10295.108,9647.276,8959.671,8236.322,203
105,17.0,55835.273,39945.305,33193.082,28823.219,25881.988,23845.539,22230.725,19860.785,18913.039,17411.789,15705.328,14556.025,13628.026,12730.399,11900.784,257
105,17.5,91225.762,65692.582,54209.33,46967.37,42151.793,38667.377,36074.49,32496.147,31098.204,28725.94,26519.935,24598.468,23234.952,21608.616,19932.892,362
105,18.0,132470.469,95493.0,78739.609,69054.695,61511.469,56621.664,52893.215,47699.293,45911.148,42391.031,38395.266,35744.754,33520.297,31142.355,28962.078,635
105,18.5,210012.719,149774.875,123245.555,107282.797,96853.516,88911.289,83207.109,74056.398,70874.875,65633.172,60105.738,55801.355,52476.781,49029.117,45809.883,1109
105,19.0,323695.5,232074.546,191113.618,166305.422,149470.054,137337.476,127845.796,114480.644,109195.391,100756.304,92036.094,85354.204,80373.348,75222.144,69919.472,1502
105,19.5,446670.156,319493.469,263914.188,228325.766,204540.609,186237.906,173654.969,157121.953,149103.469,137359.031,125657.305,116613.586,108574.688,100152.57,94640.984,157
105,20.0,962273.125,685404.812,567822.562,494955.094,440362.531,404499.688,376942.938,336854.312,320760.031,294822.625,272608.5,253025.594,238497.109,222248.031,207953.375,31
105,20.5,1397381.375,1159210.75,1008335.312,852534.25,707498.875,620919.625,558431.5,491207.5,474555.5,448775.5,451566.406,466126.781,482081.156,497378.781,496691.844,15
106,3.5,32.217,35.01,39.968,44.558,46.008,47.811,50.103,53.39,54.408,56.446,58.988,61.263,63.364,66.672,70.383,17
106,4.0,42.046,48.931,54.522,59.868,62.279,63.96,65.91,69.196,69.86,71.747,75.269,78.26,78.152,77.565,80.652,20
106,4.5,42.222,46.418,51.224,56.358,58.286,60.055,61.932,63.892,64.865,67.038,70.245,72.966,74.694,76.974,78.137,64
106,5.0,58.496,62.624,63.756,70.594,70.319,73.25,74.985,80.039,81.867,81.692,83.658,85.894,88.89,91.057,93.941,97
106,5.5,61.156,61.084,64.28,68.912,71.3,74.259,77.762,81.242,83.066,85.313,88.382,91.014,91.992,93.676,95.621,202
106,6.0,66.404,65.991,72.103,74.343,75.339,78.071,79.803,81.986,82.025,82.59,86.513,89.085,90.64,92.14,94.946,157
106,6.5,74.197,57.04,49.605,45.533,43.28,41.959,41.372,39.755,38.892,37.483,36.449,36.687,37.693,38.806,36.389,65
106,7.0,84.035,65.144,57.142,52.382,50.192,48.736,46.352,44.886,44.418,42.4,40.747,37.548,37.914,38.924,36.451,84
106,7.5,104.509,79.566,71.335,65.673,60.55,57.457,55.656,54.394,52.571,50.149,49.287,47.208,46.289,47.346,44.048,69
106,8.0,141.713,124.966,124.415,126.868,129.728,131.628,132.031,134.719,135.545,139.047,146.671,150.507,152.14,152.913,153.777,605
106,8.5,161.857,139.103,134.233,132.356,134.825,137.866,139.496,142.86,143.982,144.852,146.512,150.36,150.799,153.373,152.28,831
106,9.0,194.406,155.596,141.431,135.401,129.132,125.871,124.946,123.896,125.082,124.156,121.178,118.56,115.322,113.232,109.784,546
106,9.5,244.699,186.374,164.165,150.853,144.589,138.094,131.983,127.028,124.368,121.745,113.986,112.541,109.292,107.299,104.656,421
106,10.0,313.62,230.713,195.806,172.11,158.766,148.116,140.132,127.182,123.803,117.711,110.468,106.924,102.543,98.732,95.151,507
106,10.5,384.439,282.29,237.075,209.688,192.065,178.165,166.918,152.42,146.658,137.35,127.238,119.708,114.699,109.902,105.23,870
106,11.0,501.316,367.8,308.408,270.032,245.38,227.111,212.968,192.981,185.642,173.07,159.41,149.487,141.872,133.84,126.722,806
106,11.5,665.402,482.956,404.782,355.93,323.503,299.01,279.531,252.023,241.273,224.95,206.767,192.768,182.476,173.149,162.246,693
106,12.0,936.609,687.003,571.197,500.467,453.501,419.606,394.243,356.246,342.716,320.357,295.88,278.983,265.661,251.522,238.248,515
106,12.5,1508.414,1161.856,987.097,881.478,809.564,760.664,720.579,660.927,635.148,600.645,571.37,547.985,526.445,513.672,490.067,366
106,13.0,2039.0,1517.173,1294.492,1170.587,1089.516,1016.303,958.948,880.226,852.81,812.849,768.811,751.37,717.031,689.904,663.796,312
106,13.5,2888.648,2187.289,1928.042,1743.266,1649.885,1548.638,1472.492,1355.392,1323.784,1231.125,1157.604,1112.539,1067.307,1003.92,985.108,224
106,14.0,4184.798,3128.482,2677.488,2424.315,2265.325,2171.037,2065.606,1866.67,1797.345,1684.098,1549.116,1437.202,1353.707,1274.622,1191.232,239
106,14.5,6225.57,4608.192,3918.02,3472.665,3170.53,2929.963,2770.612,2507.301,2437.181,2286.866,2081.966,1984.311,1901.996,1778.709,1665.577,216
106,15.0,9671.757,7160.694,6098.216,5384.992,5003.64,4677.69,4377.582,3925.435,3748.145,3443.625,3101.582,2875.876,2691.459,2470.205,2301.322,219
106,15.5,14991.87,10894.943,9183.125,8057.51,7294.63,6871.249,6507.831,5830.869,5614.049,5274.884,4823.352,4482.663,4226.666,3954.31,3649.458,180
106,16.0,23502.994,17115.988,14269.86,12543.034,11519.038,10563.727,9949.916,8978.202,8558.54,7826.542,7172.196,6711.467,6307.036,5863.653,5404.698,248
106,16.5,38195.258,27588.895,22962.861,20155.947,18232.029,16884.955,15818.326,14043.762,13447.925,12385.332,11158.386,10313.884,9717.446,9122.375,8400.868,295
106,17.0,57573.41,41387.305,34190.559,29979.07,26821.822,25010.891,23333.295,21024.209,20194.729,18751.664,17014.242,15865.851,14849.415,13770.102,12797.308,321
106,17.5,90430.922,64643.906,53389.555,46946.422,41912.641,38785.582,36025.555,32267.576,30686.254,28211.547,25744.322,23714.99,22288.494,20733.391,19370.83,407
106,18.0,131214.93,93554.133,77932.34,67886.468,61532.03,56322.406,52514.234,46858.634,44510.742,41201.914,37474.03,34775.186,32626.484,30274.787,28074.478,682
106,18.5,199193.938,142439.078,117619.398,102797.5,92620.945,84680.703,78984.484,70753.617,67533.68,62336.77,56579.945,52213.59,49353.102,45824.43,42579.785,1101
106,19.0,306644.812,220013.156,182112.875,158194.625,143333.719,131003.586,121885.586,108190.891,103122.5,95093.578,86498.656,80481.648,75713.469,70746.125,65844.344,1439
106,19.5,383651.266,270579.172,222476.172,191759.57,172851.485,158888.882,146292.867,130055.696,124289.184,115246.972,105022.93,97050.644,90910.832,84142.098,78861.742,134
106,20.0,778936.375,554484.344,453944.796,396268.328,355673.468,326892.531,305054.438,273387.844,261536.258,241442.789,218161.015,200112.203,185542.398,169862.11,154530.226,16
106,20.5,1080234.875,774685.781,656328.906,580376.688,548561.062,509822.703,478850.657,421255.016,399738.922,364309.484,325654.281,297281.781,275078.976,251685.656,229245.11,10
